valor_original,ocorrencias,categoria,acao_recomendada,country_name_sugerido,state_sigla_sugerido,state_name_sugerido,postal_code_sugerido,observacao
FL 32611 USA,51,LOCALIDADE_EUA_NAO_PAIS,"Não adicionar em paises.csv. Corrigir para country_name=Estados Unidos, state_sigla e postal_code.",Estados Unidos,FL,Florida,32611,"O valor está no formato Estado/território + CEP + USA, ou Estado/território + USA."
MI 48824 USA,41,LOCALIDADE_EUA_NAO_PAIS,"Não adicionar em paises.csv. Corrigir para country_name=Estados Unidos, state_sigla e postal_code.",Estados Unidos,MI,Michigan,48824,"O valor está no formato Estado/território + CEP + USA, ou Estado/território + USA."
CA 95616 USA,39,LOCALIDADE_EUA_NAO_PAIS,"Não adicionar em paises.csv. Corrigir para country_name=Estados Unidos, state_sigla e postal_code.",Estados Unidos,CA,California,95616,"O valor está no formato Estado/território + CEP + USA, ou Estado/território + USA."
TX 77843 USA,34,LOCALIDADE_EUA_NAO_PAIS,"Não adicionar em paises.csv. Corrigir para country_name=Estados Unidos, state_sigla e postal_code.",Estados Unidos,TX,Texas,77843,"O valor está no formato Estado/território + CEP + USA, ou Estado/território + USA."
IL 61801 USA,34,LOCALIDADE_EUA_NAO_PAIS,"Não adicionar em paises.csv. Corrigir para country_name=Estados Unidos, state_sigla e postal_code.",Estados Unidos,IL,Illinois,61801,"O valor está no formato Estado/território + CEP + USA, ou Estado/território + USA."
GA 30602 USA,34,LOCALIDADE_EUA_NAO_PAIS,"Não adicionar em paises.csv. Corrigir para country_name=Estados Unidos, state_sigla e postal_code.",Estados Unidos,GA,Georgia,30602,"O valor está no formato Estado/território + CEP + USA, ou Estado/território + USA."
FL 34142 USA,29,LOCALIDADE_EUA_NAO_PAIS,"Não adicionar em paises.csv. Corrigir para country_name=Estados Unidos, state_sigla e postal_code.",Estados Unidos,FL,Florida,34142,"O valor está no formato Estado/território + CEP + USA, ou Estado/território + USA."
PA 16802 USA,29,LOCALIDADE_EUA_NAO_PAIS,"Não adicionar em paises.csv. Corrigir para country_name=Estados Unidos, state_sigla e postal_code.",Estados Unidos,PA,Pennsylvania,16802,"O valor está no formato Estado/território + CEP + USA, ou Estado/território + USA."
IN 47907 USA,28,LOCALIDADE_EUA_NAO_PAIS,"Não adicionar em paises.csv. Corrigir para country_name=Estados Unidos, state_sigla e postal_code.",Estados Unidos,IN,Indiana,47907,"O valor está no formato Estado/território + CEP + USA, ou Estado/território + USA."
NY 14853 USA,26,LOCALIDADE_EUA_NAO_PAIS,"Não adicionar em paises.csv. Corrigir para country_name=Estados Unidos, state_sigla e postal_code.",Estados Unidos,NY,New York,14853,"O valor está no formato Estado/território + CEP + USA, ou Estado/território + USA."
WI 53706 USA,25,LOCALIDADE_EUA_NAO_PAIS,"Não adicionar em paises.csv. Corrigir para country_name=Estados Unidos, state_sigla e postal_code.",Estados Unidos,WI,Wisconsin,53706,"O valor está no formato Estado/território + CEP + USA, ou Estado/território + USA."
IA 50011 USA,24,LOCALIDADE_EUA_NAO_PAIS,"Não adicionar em paises.csv. Corrigir para country_name=Estados Unidos, state_sigla e postal_code.",Estados Unidos,IA,Iowa,50011,"O valor está no formato Estado/território + CEP + USA, ou Estado/território + USA."
NC 27695 USA,23,LOCALIDADE_EUA_NAO_PAIS,"Não adicionar em paises.csv. Corrigir para country_name=Estados Unidos, state_sigla e postal_code.",Estados Unidos,NC,North Carolina,27695,"O valor está no formato Estado/território + CEP + USA, ou Estado/território + USA."
MS 39762 USA,18,LOCALIDADE_EUA_NAO_PAIS,"Não adicionar em paises.csv. Corrigir para country_name=Estados Unidos, state_sigla e postal_code.",Estados Unidos,MS,Mississippi,39762,"O valor está no formato Estado/território + CEP + USA, ou Estado/território + USA."
MA 02115 USA,18,LOCALIDADE_EUA_NAO_PAIS,"Não adicionar em paises.csv. Corrigir para country_name=Estados Unidos, state_sigla e postal_code.",Estados Unidos,MA,Massachusetts,02115,"O valor está no formato Estado/território + CEP + USA, ou Estado/território + USA."
CA 94720 USA,18,LOCALIDADE_EUA_NAO_PAIS,"Não adicionar em paises.csv. Corrigir para country_name=Estados Unidos, state_sigla e postal_code.",Estados Unidos,CA,California,94720,"O valor está no formato Estado/território + CEP + USA, ou Estado/território + USA."
NE 68588 USA,17,LOCALIDADE_EUA_NAO_PAIS,"Não adicionar em paises.csv. Corrigir para country_name=Estados Unidos, state_sigla e postal_code.",Estados Unidos,NE,Nebraska,68588,"O valor está no formato Estado/território + CEP + USA, ou Estado/território + USA."
MD 20705 USA,17,LOCALIDADE_EUA_NAO_PAIS,"Não adicionar em paises.csv. Corrigir para country_name=Estados Unidos, state_sigla e postal_code.",Estados Unidos,MD,Maryland,20705,"O valor está no formato Estado/território + CEP + USA, ou Estado/território + USA."
OH 43210 USA,16,LOCALIDADE_EUA_NAO_PAIS,"Não adicionar em paises.csv. Corrigir para country_name=Estados Unidos, state_sigla e postal_code.",Estados Unidos,OH,Ohio,43210,"O valor está no formato Estado/território + CEP + USA, ou Estado/território + USA."
KS 66506 USA,16,LOCALIDADE_EUA_NAO_PAIS,"Não adicionar em paises.csv. Corrigir para country_name=Estados Unidos, state_sigla e postal_code.",Estados Unidos,KS,Kansas,66506,"O valor está no formato Estado/território + CEP + USA, ou Estado/território + USA."
MA 02139 USA,15,LOCALIDADE_EUA_NAO_PAIS,"Não adicionar em paises.csv. Corrigir para country_name=Estados Unidos, state_sigla e postal_code.",Estados Unidos,MA,Massachusetts,02139,"O valor está no formato Estado/território + CEP + USA, ou Estado/território + USA."
VA 24061 USA,15,LOCALIDADE_EUA_NAO_PAIS,"Não adicionar em paises.csv. Corrigir para country_name=Estados Unidos, state_sigla e postal_code.",Estados Unidos,VA,Virginia,24061,"O valor está no formato Estado/território + CEP + USA, ou Estado/território + USA."
TN 37996 USA,14,LOCALIDADE_EUA_NAO_PAIS,"Não adicionar em paises.csv. Corrigir para country_name=Estados Unidos, state_sigla e postal_code.",Estados Unidos,TN,Tennessee,37996,"O valor está no formato Estado/território + CEP + USA, ou Estado/território + USA."
VA 22030 USA,13,LOCALIDADE_EUA_NAO_PAIS,"Não adicionar em paises.csv. Corrigir para country_name=Estados Unidos, state_sigla e postal_code.",Estados Unidos,VA,Virginia,22030,"O valor está no formato Estado/território + CEP + USA, ou Estado/território + USA."
CO 80523 USA,13,LOCALIDADE_EUA_NAO_PAIS,"Não adicionar em paises.csv. Corrigir para country_name=Estados Unidos, state_sigla e postal_code.",Estados Unidos,CO,Colorado,80523,"O valor está no formato Estado/território + CEP + USA, ou Estado/território + USA."
NE 68583 USA,12,LOCALIDADE_EUA_NAO_PAIS,"Não adicionar em paises.csv. Corrigir para country_name=Estados Unidos, state_sigla e postal_code.",Estados Unidos,NE,Nebraska,68583,"O valor está no formato Estado/território + CEP + USA, ou Estado/território + USA."
MI 48109 USA,12,LOCALIDADE_EUA_NAO_PAIS,"Não adicionar em paises.csv. Corrigir para country_name=Estados Unidos, state_sigla e postal_code.",Estados Unidos,MI,Michigan,48109,"O valor está no formato Estado/território + CEP + USA, ou Estado/território + USA."
MD 20742 USA,12,LOCALIDADE_EUA_NAO_PAIS,"Não adicionar em paises.csv. Corrigir para country_name=Estados Unidos, state_sigla e postal_code.",Estados Unidos,MD,Maryland,20742,"O valor está no formato Estado/território + CEP + USA, ou Estado/território + USA."
LA 70803 USA,11,LOCALIDADE_EUA_NAO_PAIS,"Não adicionar em paises.csv. Corrigir para country_name=Estados Unidos, state_sigla e postal_code.",Estados Unidos,LA,Louisiana,70803,"O valor está no formato Estado/território + CEP + USA, ou Estado/território + USA."
MN 55455 USA,11,LOCALIDADE_EUA_NAO_PAIS,"Não adicionar em paises.csv. Corrigir para country_name=Estados Unidos, state_sigla e postal_code.",Estados Unidos,MN,Minnesota,55455,"O valor está no formato Estado/território + CEP + USA, ou Estado/território + USA."
MO 65211 USA,11,LOCALIDADE_EUA_NAO_PAIS,"Não adicionar em paises.csv. Corrigir para country_name=Estados Unidos, state_sigla e postal_code.",Estados Unidos,MO,Missouri,65211,"O valor está no formato Estado/território + CEP + USA, ou Estado/território + USA."
ND 58102 USA,11,LOCALIDADE_EUA_NAO_PAIS,"Não adicionar em paises.csv. Corrigir para country_name=Estados Unidos, state_sigla e postal_code.",Estados Unidos,ND,North Dakota,58102,"O valor está no formato Estado/território + CEP + USA, ou Estado/território + USA."
NY 14850 USA,11,LOCALIDADE_EUA_NAO_PAIS,"Não adicionar em paises.csv. Corrigir para country_name=Estados Unidos, state_sigla e postal_code.",Estados Unidos,NY,New York,14850,"O valor está no formato Estado/território + CEP + USA, ou Estado/território + USA."
WA 99164 USA,11,LOCALIDADE_EUA_NAO_PAIS,"Não adicionar em paises.csv. Corrigir para country_name=Estados Unidos, state_sigla e postal_code.",Estados Unidos,WA,Washington,99164,"O valor está no formato Estado/território + CEP + USA, ou Estado/território + USA."
MO 63108 USA,10,LOCALIDADE_EUA_NAO_PAIS,"Não adicionar em paises.csv. Corrigir para country_name=Estados Unidos, state_sigla e postal_code.",Estados Unidos,MO,Missouri,63108,"O valor está no formato Estado/território + CEP + USA, ou Estado/território + USA."
CA 94305 USA,10,LOCALIDADE_EUA_NAO_PAIS,"Não adicionar em paises.csv. Corrigir para country_name=Estados Unidos, state_sigla e postal_code.",Estados Unidos,CA,California,94305,"O valor está no formato Estado/território + CEP + USA, ou Estado/território + USA."
AL 36849 USA,10,LOCALIDADE_EUA_NAO_PAIS,"Não adicionar em paises.csv. Corrigir para country_name=Estados Unidos, state_sigla e postal_code.",Estados Unidos,AL,Alabama,36849,"O valor está no formato Estado/território + CEP + USA, ou Estado/território + USA."
TX 77446 USA,10,LOCALIDADE_EUA_NAO_PAIS,"Não adicionar em paises.csv. Corrigir para country_name=Estados Unidos, state_sigla e postal_code.",Estados Unidos,TX,Texas,77446,"O valor está no formato Estado/território + CEP + USA, ou Estado/território + USA."
IA 52242 USA,9,LOCALIDADE_EUA_NAO_PAIS,"Não adicionar em paises.csv. Corrigir para country_name=Estados Unidos, state_sigla e postal_code.",Estados Unidos,IA,Iowa,52242,"O valor está no formato Estado/território + CEP + USA, ou Estado/território + USA."
PA 15213 USA,9,LOCALIDADE_EUA_NAO_PAIS,"Não adicionar em paises.csv. Corrigir para country_name=Estados Unidos, state_sigla e postal_code.",Estados Unidos,PA,Pennsylvania,15213,"O valor está no formato Estado/território + CEP + USA, ou Estado/território + USA."
TX 77840 USA,8,LOCALIDADE_EUA_NAO_PAIS,"Não adicionar em paises.csv. Corrigir para country_name=Estados Unidos, state_sigla e postal_code.",Estados Unidos,TX,Texas,77840,"O valor está no formato Estado/território + CEP + USA, ou Estado/território + USA."
SC 29634 USA,8,LOCALIDADE_EUA_NAO_PAIS,"Não adicionar em paises.csv. Corrigir para country_name=Estados Unidos, state_sigla e postal_code.",Estados Unidos,SC,South Carolina,29634,"O valor está no formato Estado/território + CEP + USA, ou Estado/território + USA."
MA 02138 USA,8,LOCALIDADE_EUA_NAO_PAIS,"Não adicionar em paises.csv. Corrigir para country_name=Estados Unidos, state_sigla e postal_code.",Estados Unidos,MA,Massachusetts,02138,"O valor está no formato Estado/território + CEP + USA, ou Estado/território + USA."
CA 92697 USA,8,LOCALIDADE_EUA_NAO_PAIS,"Não adicionar em paises.csv. Corrigir para country_name=Estados Unidos, state_sigla e postal_code.",Estados Unidos,CA,California,92697,"O valor está no formato Estado/território + CEP + USA, ou Estado/território + USA."
WA 99350 USA,8,LOCALIDADE_EUA_NAO_PAIS,"Não adicionar em paises.csv. Corrigir para country_name=Estados Unidos, state_sigla e postal_code.",Estados Unidos,WA,Washington,99350,"O valor está no formato Estado/território + CEP + USA, ou Estado/território + USA."
KY 40506 USA,8,LOCALIDADE_EUA_NAO_PAIS,"Não adicionar em paises.csv. Corrigir para country_name=Estados Unidos, state_sigla e postal_code.",Estados Unidos,KY,Kentucky,40506,"O valor está no formato Estado/território + CEP + USA, ou Estado/território + USA."
CA 95192 USA,8,LOCALIDADE_EUA_NAO_PAIS,"Não adicionar em paises.csv. Corrigir para country_name=Estados Unidos, state_sigla e postal_code.",Estados Unidos,CA,California,95192,"O valor está no formato Estado/território + CEP + USA, ou Estado/território + USA."
HI 96822 USA,8,LOCALIDADE_EUA_NAO_PAIS,"Não adicionar em paises.csv. Corrigir para country_name=Estados Unidos, state_sigla e postal_code.",Estados Unidos,HI,Hawaii,96822,"O valor está no formato Estado/território + CEP + USA, ou Estado/território + USA."
GA 30332 USA,7,LOCALIDADE_EUA_NAO_PAIS,"Não adicionar em paises.csv. Corrigir para country_name=Estados Unidos, state_sigla e postal_code.",Estados Unidos,GA,Georgia,30332,"O valor está no formato Estado/território + CEP + USA, ou Estado/território + USA."
MA 01003 USA,7,LOCALIDADE_EUA_NAO_PAIS,"Não adicionar em paises.csv. Corrigir para country_name=Estados Unidos, state_sigla e postal_code.",Estados Unidos,MA,Massachusetts,01003,"O valor está no formato Estado/território + CEP + USA, ou Estado/território + USA."
PA 19104 USA,7,LOCALIDADE_EUA_NAO_PAIS,"Não adicionar em paises.csv. Corrigir para country_name=Estados Unidos, state_sigla e postal_code.",Estados Unidos,PA,Pennsylvania,19104,"O valor está no formato Estado/território + CEP + USA, ou Estado/território + USA."
OR 97331 USA,7,LOCALIDADE_EUA_NAO_PAIS,"Não adicionar em paises.csv. Corrigir para country_name=Estados Unidos, state_sigla e postal_code.",Estados Unidos,OR,Oregon,97331,"O valor está no formato Estado/território + CEP + USA, ou Estado/território + USA."
TX 79409 USA,7,LOCALIDADE_EUA_NAO_PAIS,"Não adicionar em paises.csv. Corrigir para country_name=Estados Unidos, state_sigla e postal_code.",Estados Unidos,TX,Texas,79409,"O valor está no formato Estado/território + CEP + USA, ou Estado/território + USA."
TN 38505 USA,7,LOCALIDADE_EUA_NAO_PAIS,"Não adicionar em paises.csv. Corrigir para country_name=Estados Unidos, state_sigla e postal_code.",Estados Unidos,TN,Tennessee,38505,"O valor está no formato Estado/território + CEP + USA, ou Estado/território + USA."
CT 06269 USA,7,LOCALIDADE_EUA_NAO_PAIS,"Não adicionar em paises.csv. Corrigir para country_name=Estados Unidos, state_sigla e postal_code.",Estados Unidos,CT,Connecticut,06269,"O valor está no formato Estado/território + CEP + USA, ou Estado/território + USA."
SD 57007 USA,7,LOCALIDADE_EUA_NAO_PAIS,"Não adicionar em paises.csv. Corrigir para country_name=Estados Unidos, state_sigla e postal_code.",Estados Unidos,SD,South Dakota,57007,"O valor está no formato Estado/território + CEP + USA, ou Estado/território + USA."
CA 92521 USA,7,LOCALIDADE_EUA_NAO_PAIS,"Não adicionar em paises.csv. Corrigir para country_name=Estados Unidos, state_sigla e postal_code.",Estados Unidos,CA,California,92521,"O valor está no formato Estado/território + CEP + USA, ou Estado/território + USA."
GA 31793 USA,7,LOCALIDADE_EUA_NAO_PAIS,"Não adicionar em paises.csv. Corrigir para country_name=Estados Unidos, state_sigla e postal_code.",Estados Unidos,GA,Georgia,31793,"O valor está no formato Estado/território + CEP + USA, ou Estado/território + USA."
WA 98195 USA,7,LOCALIDADE_EUA_NAO_PAIS,"Não adicionar em paises.csv. Corrigir para country_name=Estados Unidos, state_sigla e postal_code.",Estados Unidos,WA,Washington,98195,"O valor está no formato Estado/território + CEP + USA, ou Estado/território + USA."
OH 44691 USA,7,LOCALIDADE_EUA_NAO_PAIS,"Não adicionar em paises.csv. Corrigir para country_name=Estados Unidos, state_sigla e postal_code.",Estados Unidos,OH,Ohio,44691,"O valor está no formato Estado/território + CEP + USA, ou Estado/território + USA."
FL 33598 USA,7,LOCALIDADE_EUA_NAO_PAIS,"Não adicionar em paises.csv. Corrigir para country_name=Estados Unidos, state_sigla e postal_code.",Estados Unidos,FL,Florida,33598,"O valor está no formato Estado/território + CEP + USA, ou Estado/território + USA."
AZ 85721 USA,7,LOCALIDADE_EUA_NAO_PAIS,"Não adicionar em paises.csv. Corrigir para country_name=Estados Unidos, state_sigla e postal_code.",Estados Unidos,AZ,Arizona,85721,"O valor está no formato Estado/território + CEP + USA, ou Estado/território + USA."
IA 50010 USA,6,LOCALIDADE_EUA_NAO_PAIS,"Não adicionar em paises.csv. Corrigir para country_name=Estados Unidos, state_sigla e postal_code.",Estados Unidos,IA,Iowa,50010,"O valor está no formato Estado/território + CEP + USA, ou Estado/território + USA."
DC 20250 USA,6,LOCALIDADE_EUA_NAO_PAIS,"Não adicionar em paises.csv. Corrigir para country_name=Estados Unidos, state_sigla e postal_code.",Estados Unidos,DC,District of Columbia,20250,"O valor está no formato Estado/território + CEP + USA, ou Estado/território + USA."
GA 30322 USA,6,LOCALIDADE_EUA_NAO_PAIS,"Não adicionar em paises.csv. Corrigir para country_name=Estados Unidos, state_sigla e postal_code.",Estados Unidos,GA,Georgia,30322,"O valor está no formato Estado/território + CEP + USA, ou Estado/território + USA."
DC 20052 USA,6,LOCALIDADE_EUA_NAO_PAIS,"Não adicionar em paises.csv. Corrigir para country_name=Estados Unidos, state_sigla e postal_code.",Estados Unidos,DC,District of Columbia,20052,"O valor está no formato Estado/território + CEP + USA, ou Estado/território + USA."
OK 73019 USA,6,LOCALIDADE_EUA_NAO_PAIS,"Não adicionar em paises.csv. Corrigir para country_name=Estados Unidos, state_sigla e postal_code.",Estados Unidos,OK,Oklahoma,73019,"O valor está no formato Estado/território + CEP + USA, ou Estado/território + USA."
WV 26506 USA,6,LOCALIDADE_EUA_NAO_PAIS,"Não adicionar em paises.csv. Corrigir para country_name=Estados Unidos, state_sigla e postal_code.",Estados Unidos,WV,West Virginia,26506,"O valor está no formato Estado/território + CEP + USA, ou Estado/território + USA."
CA 91125 USA,6,LOCALIDADE_EUA_NAO_PAIS,"Não adicionar em paises.csv. Corrigir para country_name=Estados Unidos, state_sigla e postal_code.",Estados Unidos,CA,California,91125,"O valor está no formato Estado/território + CEP + USA, ou Estado/território + USA."
VA 23529 USA,6,LOCALIDADE_EUA_NAO_PAIS,"Não adicionar em paises.csv. Corrigir para country_name=Estados Unidos, state_sigla e postal_code.",Estados Unidos,VA,Virginia,23529,"O valor está no formato Estado/território + CEP + USA, ou Estado/território + USA."
MI 49931 USA,6,LOCALIDADE_EUA_NAO_PAIS,"Não adicionar em paises.csv. Corrigir para country_name=Estados Unidos, state_sigla e postal_code.",Estados Unidos,MI,Michigan,49931,"O valor está no formato Estado/território + CEP + USA, ou Estado/território + USA."
MN 55108 USA,6,LOCALIDADE_EUA_NAO_PAIS,"Não adicionar em paises.csv. Corrigir para country_name=Estados Unidos, state_sigla e postal_code.",Estados Unidos,MN,Minnesota,55108,"O valor está no formato Estado/território + CEP + USA, ou Estado/território + USA."
CA 94536 USA,6,LOCALIDADE_EUA_NAO_PAIS,"Não adicionar em paises.csv. Corrigir para country_name=Estados Unidos, state_sigla e postal_code.",Estados Unidos,CA,California,94536,"O valor está no formato Estado/território + CEP + USA, ou Estado/território + USA."
TX 78712 USA,6,LOCALIDADE_EUA_NAO_PAIS,"Não adicionar em paises.csv. Corrigir para country_name=Estados Unidos, state_sigla e postal_code.",Estados Unidos,TX,Texas,78712,"O valor está no formato Estado/território + CEP + USA, ou Estado/território + USA."
WA 98052 USA,6,LOCALIDADE_EUA_NAO_PAIS,"Não adicionar em paises.csv. Corrigir para country_name=Estados Unidos, state_sigla e postal_code.",Estados Unidos,WA,Washington,98052,"O valor está no formato Estado/território + CEP + USA, ou Estado/território + USA."
PR 00613 USA,5,LOCALIDADE_EUA_NAO_PAIS,"Não adicionar em paises.csv. Corrigir para country_name=Estados Unidos, state_sigla e postal_code.",Estados Unidos,PR,Puerto Rico,00613,"O valor está no formato Estado/território + CEP + USA, ou Estado/território + USA."
NM 88003 USA,5,LOCALIDADE_EUA_NAO_PAIS,"Não adicionar em paises.csv. Corrigir para country_name=Estados Unidos, state_sigla e postal_code.",Estados Unidos,NM,New Mexico,88003,"O valor está no formato Estado/território + CEP + USA, ou Estado/território + USA."
TN 37209 USA,5,LOCALIDADE_EUA_NAO_PAIS,"Não adicionar em paises.csv. Corrigir para country_name=Estados Unidos, state_sigla e postal_code.",Estados Unidos,TN,Tennessee,37209,"O valor está no formato Estado/território + CEP + USA, ou Estado/território + USA."
MA 02155 USA,5,LOCALIDADE_EUA_NAO_PAIS,"Não adicionar em paises.csv. Corrigir para country_name=Estados Unidos, state_sigla e postal_code.",Estados Unidos,MA,Massachusetts,02155,"O valor está no formato Estado/território + CEP + USA, ou Estado/território + USA."
VA 22903 USA,5,LOCALIDADE_EUA_NAO_PAIS,"Não adicionar em paises.csv. Corrigir para country_name=Estados Unidos, state_sigla e postal_code.",Estados Unidos,VA,Virginia,22903,"O valor está no formato Estado/território + CEP + USA, ou Estado/território + USA."
VA 22203 USA,5,LOCALIDADE_EUA_NAO_PAIS,"Não adicionar em paises.csv. Corrigir para country_name=Estados Unidos, state_sigla e postal_code.",Estados Unidos,VA,Virginia,22203,"O valor está no formato Estado/território + CEP + USA, ou Estado/território + USA."
CA 92093 USA,5,LOCALIDADE_EUA_NAO_PAIS,"Não adicionar em paises.csv. Corrigir para country_name=Estados Unidos, state_sigla e postal_code.",Estados Unidos,CA,California,92093,"O valor está no formato Estado/território + CEP + USA, ou Estado/território + USA."
AR 72701 USA,5,LOCALIDADE_EUA_NAO_PAIS,"Não adicionar em paises.csv. Corrigir para country_name=Estados Unidos, state_sigla e postal_code.",Estados Unidos,AR,Arkansas,72701,"O valor está no formato Estado/território + CEP + USA, ou Estado/território + USA."
TX 75252 USA,5,LOCALIDADE_EUA_NAO_PAIS,"Não adicionar em paises.csv. Corrigir para country_name=Estados Unidos, state_sigla e postal_code.",Estados Unidos,TX,Texas,75252,"O valor está no formato Estado/território + CEP + USA, ou Estado/território + USA."
FL 33199 USA,5,LOCALIDADE_EUA_NAO_PAIS,"Não adicionar em paises.csv. Corrigir para country_name=Estados Unidos, state_sigla e postal_code.",Estados Unidos,FL,Florida,33199,"O valor está no formato Estado/território + CEP + USA, ou Estado/território + USA."
CA 90089 USA,5,LOCALIDADE_EUA_NAO_PAIS,"Não adicionar em paises.csv. Corrigir para country_name=Estados Unidos, state_sigla e postal_code.",Estados Unidos,CA,California,90089,"O valor está no formato Estado/território + CEP + USA, ou Estado/território + USA."
ND 58108 USA,5,LOCALIDADE_EUA_NAO_PAIS,"Não adicionar em paises.csv. Corrigir para country_name=Estados Unidos, state_sigla e postal_code.",Estados Unidos,ND,North Dakota,58108,"O valor está no formato Estado/território + CEP + USA, ou Estado/território + USA."
CA 91768 USA,5,LOCALIDADE_EUA_NAO_PAIS,"Não adicionar em paises.csv. Corrigir para country_name=Estados Unidos, state_sigla e postal_code.",Estados Unidos,CA,California,91768,"O valor está no formato Estado/território + CEP + USA, ou Estado/território + USA."
IN 47405 USA,5,LOCALIDADE_EUA_NAO_PAIS,"Não adicionar em paises.csv. Corrigir para country_name=Estados Unidos, state_sigla e postal_code.",Estados Unidos,IN,Indiana,47405,"O valor está no formato Estado/território + CEP + USA, ou Estado/território + USA."
MO 63132 USA,5,LOCALIDADE_EUA_NAO_PAIS,"Não adicionar em paises.csv. Corrigir para country_name=Estados Unidos, state_sigla e postal_code.",Estados Unidos,MO,Missouri,63132,"O valor está no formato Estado/território + CEP + USA, ou Estado/território + USA."
NJ 07030 USA,5,LOCALIDADE_EUA_NAO_PAIS,"Não adicionar em paises.csv. Corrigir para country_name=Estados Unidos, state_sigla e postal_code.",Estados Unidos,NJ,New Jersey,07030,"O valor está no formato Estado/território + CEP + USA, ou Estado/território + USA."
CA 90095 USA,5,LOCALIDADE_EUA_NAO_PAIS,"Não adicionar em paises.csv. Corrigir para country_name=Estados Unidos, state_sigla e postal_code.",Estados Unidos,CA,California,90095,"O valor está no formato Estado/território + CEP + USA, ou Estado/território + USA."
PA 16801 USA,5,LOCALIDADE_EUA_NAO_PAIS,"Não adicionar em paises.csv. Corrigir para country_name=Estados Unidos, state_sigla e postal_code.",Estados Unidos,PA,Pennsylvania,16801,"O valor está no formato Estado/território + CEP + USA, ou Estado/território + USA."
IL 60612 USA,5,LOCALIDADE_EUA_NAO_PAIS,"Não adicionar em paises.csv. Corrigir para country_name=Estados Unidos, state_sigla e postal_code.",Estados Unidos,IL,Illinois,60612,"O valor está no formato Estado/território + CEP + USA, ou Estado/território + USA."
IL 61820 USA,5,LOCALIDADE_EUA_NAO_PAIS,"Não adicionar em paises.csv. Corrigir para country_name=Estados Unidos, state_sigla e postal_code.",Estados Unidos,IL,Illinois,61820,"O valor está no formato Estado/território + CEP + USA, ou Estado/território + USA."
MD 21218 USA,5,LOCALIDADE_EUA_NAO_PAIS,"Não adicionar em paises.csv. Corrigir para country_name=Estados Unidos, state_sigla e postal_code.",Estados Unidos,MD,Maryland,21218,"O valor está no formato Estado/território + CEP + USA, ou Estado/território + USA."
IL 62901 USA,5,LOCALIDADE_EUA_NAO_PAIS,"Não adicionar em paises.csv. Corrigir para country_name=Estados Unidos, state_sigla e postal_code.",Estados Unidos,IL,Illinois,62901,"O valor está no formato Estado/território + CEP + USA, ou Estado/território + USA."
PA 15260 USA,5,LOCALIDADE_EUA_NAO_PAIS,"Não adicionar em paises.csv. Corrigir para country_name=Estados Unidos, state_sigla e postal_code.",Estados Unidos,PA,Pennsylvania,15260,"O valor está no formato Estado/território + CEP + USA, ou Estado/território + USA."
FL 33031 USA,5,LOCALIDADE_EUA_NAO_PAIS,"Não adicionar em paises.csv. Corrigir para country_name=Estados Unidos, state_sigla e postal_code.",Estados Unidos,FL,Florida,33031,"O valor está no formato Estado/território + CEP + USA, ou Estado/território + USA."
MD 21228 USA,5,LOCALIDADE_EUA_NAO_PAIS,"Não adicionar em paises.csv. Corrigir para country_name=Estados Unidos, state_sigla e postal_code.",Estados Unidos,MD,Maryland,21228,"O valor está no formato Estado/território + CEP + USA, ou Estado/território + USA."
TX 75080 USA,4,LOCALIDADE_EUA_NAO_PAIS,"Não adicionar em paises.csv. Corrigir para country_name=Estados Unidos, state_sigla e postal_code.",Estados Unidos,TX,Texas,75080,"O valor está no formato Estado/território + CEP + USA, ou Estado/território + USA."
NY 10003 USA,4,LOCALIDADE_EUA_NAO_PAIS,"Não adicionar em paises.csv. Corrigir para country_name=Estados Unidos, state_sigla e postal_code.",Estados Unidos,NY,New York,10003,"O valor está no formato Estado/território + CEP + USA, ou Estado/território + USA."
UT 84322 USA,4,LOCALIDADE_EUA_NAO_PAIS,"Não adicionar em paises.csv. Corrigir para country_name=Estados Unidos, state_sigla e postal_code.",Estados Unidos,UT,Utah,84322,"O valor está no formato Estado/território + CEP + USA, ou Estado/território + USA."
MD 20892 USA,4,LOCALIDADE_EUA_NAO_PAIS,"Não adicionar em paises.csv. Corrigir para country_name=Estados Unidos, state_sigla e postal_code.",Estados Unidos,MD,Maryland,20892,"O valor está no formato Estado/território + CEP + USA, ou Estado/território + USA."
OK 74078 USA,4,LOCALIDADE_EUA_NAO_PAIS,"Não adicionar em paises.csv. Corrigir para country_name=Estados Unidos, state_sigla e postal_code.",Estados Unidos,OK,Oklahoma,74078,"O valor está no formato Estado/território + CEP + USA, ou Estado/território + USA."
MO 63017 USA,4,LOCALIDADE_EUA_NAO_PAIS,"Não adicionar em paises.csv. Corrigir para country_name=Estados Unidos, state_sigla e postal_code.",Estados Unidos,MO,Missouri,63017,"O valor está no formato Estado/território + CEP + USA, ou Estado/território + USA."
NJ 08901 USA,4,LOCALIDADE_EUA_NAO_PAIS,"Não adicionar em paises.csv. Corrigir para country_name=Estados Unidos, state_sigla e postal_code.",Estados Unidos,NJ,New Jersey,08901,"O valor está no formato Estado/território + CEP + USA, ou Estado/território + USA."
NY 10471 USA,4,LOCALIDADE_EUA_NAO_PAIS,"Não adicionar em paises.csv. Corrigir para country_name=Estados Unidos, state_sigla e postal_code.",Estados Unidos,NY,New York,10471,"O valor está no formato Estado/território + CEP + USA, ou Estado/território + USA."
NC 27710 USA,4,LOCALIDADE_EUA_NAO_PAIS,"Não adicionar em paises.csv. Corrigir para country_name=Estados Unidos, state_sigla e postal_code.",Estados Unidos,NC,North Carolina,27710,"O valor está no formato Estado/território + CEP + USA, ou Estado/território + USA."
TN 37830 USA,4,LOCALIDADE_EUA_NAO_PAIS,"Não adicionar em paises.csv. Corrigir para country_name=Estados Unidos, state_sigla e postal_code.",Estados Unidos,TN,Tennessee,37830,"O valor está no formato Estado/território + CEP + USA, ou Estado/território + USA."
CA 90007 USA,4,LOCALIDADE_EUA_NAO_PAIS,"Não adicionar em paises.csv. Corrigir para country_name=Estados Unidos, state_sigla e postal_code.",Estados Unidos,CA,California,90007,"O valor está no formato Estado/território + CEP + USA, ou Estado/território + USA."
NC 27412 USA,4,LOCALIDADE_EUA_NAO_PAIS,"Não adicionar em paises.csv. Corrigir para country_name=Estados Unidos, state_sigla e postal_code.",Estados Unidos,NC,North Carolina,27412,"O valor está no formato Estado/território + CEP + USA, ou Estado/território + USA."
CA 92182 USA,4,LOCALIDADE_EUA_NAO_PAIS,"Não adicionar em paises.csv. Corrigir para country_name=Estados Unidos, state_sigla e postal_code.",Estados Unidos,CA,California,92182,"O valor está no formato Estado/território + CEP + USA, ou Estado/território + USA."
NJ 08544 USA,4,LOCALIDADE_EUA_NAO_PAIS,"Não adicionar em paises.csv. Corrigir para country_name=Estados Unidos, state_sigla e postal_code.",Estados Unidos,NJ,New Jersey,08544,"O valor está no formato Estado/território + CEP + USA, ou Estado/território + USA."
FL 33805 USA,4,LOCALIDADE_EUA_NAO_PAIS,"Não adicionar em paises.csv. Corrigir para country_name=Estados Unidos, state_sigla e postal_code.",Estados Unidos,FL,Florida,33805,"O valor está no formato Estado/território + CEP + USA, ou Estado/território + USA."
DE 19716 USA,4,LOCALIDADE_EUA_NAO_PAIS,"Não adicionar em paises.csv. Corrigir para country_name=Estados Unidos, state_sigla e postal_code.",Estados Unidos,DE,Delaware,19716,"O valor está no formato Estado/território + CEP + USA, ou Estado/território + USA."
NC 27411 USA,4,LOCALIDADE_EUA_NAO_PAIS,"Não adicionar em paises.csv. Corrigir para country_name=Estados Unidos, state_sigla e postal_code.",Estados Unidos,NC,North Carolina,27411,"O valor está no formato Estado/território + CEP + USA, ou Estado/território + USA."
OH 45221 USA,4,LOCALIDADE_EUA_NAO_PAIS,"Não adicionar em paises.csv. Corrigir para country_name=Estados Unidos, state_sigla e postal_code.",Estados Unidos,OH,Ohio,45221,"O valor está no formato Estado/território + CEP + USA, ou Estado/território + USA."
ID 83844 USA,4,LOCALIDADE_EUA_NAO_PAIS,"Não adicionar em paises.csv. Corrigir para country_name=Estados Unidos, state_sigla e postal_code.",Estados Unidos,ID,Idaho,83844,"O valor está no formato Estado/território + CEP + USA, ou Estado/território + USA."
TN 37831 USA,4,LOCALIDADE_EUA_NAO_PAIS,"Não adicionar em paises.csv. Corrigir para country_name=Estados Unidos, state_sigla e postal_code.",Estados Unidos,TN,Tennessee,37831,"O valor está no formato Estado/território + CEP + USA, ou Estado/território + USA."
ME 04469 USA,4,LOCALIDADE_EUA_NAO_PAIS,"Não adicionar em paises.csv. Corrigir para country_name=Estados Unidos, state_sigla e postal_code.",Estados Unidos,ME,Maine,04469,"O valor está no formato Estado/território + CEP + USA, ou Estado/território + USA."
FL 33431 USA,4,LOCALIDADE_EUA_NAO_PAIS,"Não adicionar em paises.csv. Corrigir para country_name=Estados Unidos, state_sigla e postal_code.",Estados Unidos,FL,Florida,33431,"O valor está no formato Estado/território + CEP + USA, ou Estado/território + USA."
MT 59717 USA,4,LOCALIDADE_EUA_NAO_PAIS,"Não adicionar em paises.csv. Corrigir para country_name=Estados Unidos, state_sigla e postal_code.",Estados Unidos,MT,Montana,59717,"O valor está no formato Estado/território + CEP + USA, ou Estado/território + USA."
MD 20814 USA,4,LOCALIDADE_EUA_NAO_PAIS,"Não adicionar em paises.csv. Corrigir para country_name=Estados Unidos, state_sigla e postal_code.",Estados Unidos,MD,Maryland,20814,"O valor está no formato Estado/território + CEP + USA, ou Estado/território + USA."
MS 38776 USA,4,LOCALIDADE_EUA_NAO_PAIS,"Não adicionar em paises.csv. Corrigir para country_name=Estados Unidos, state_sigla e postal_code.",Estados Unidos,MS,Mississippi,38776,"O valor está no formato Estado/território + CEP + USA, ou Estado/território + USA."
FL 33620 USA,4,LOCALIDADE_EUA_NAO_PAIS,"Não adicionar em paises.csv. Corrigir para country_name=Estados Unidos, state_sigla e postal_code.",Estados Unidos,FL,Florida,33620,"O valor está no formato Estado/território + CEP + USA, ou Estado/território + USA."
MD 21205 USA,4,LOCALIDADE_EUA_NAO_PAIS,"Não adicionar em paises.csv. Corrigir para country_name=Estados Unidos, state_sigla e postal_code.",Estados Unidos,MD,Maryland,21205,"O valor está no formato Estado/território + CEP + USA, ou Estado/território + USA."
CA 90024 USA,4,LOCALIDADE_EUA_NAO_PAIS,"Não adicionar em paises.csv. Corrigir para country_name=Estados Unidos, state_sigla e postal_code.",Estados Unidos,CA,California,90024,"O valor está no formato Estado/território + CEP + USA, ou Estado/território + USA."
ND 58105 USA,4,LOCALIDADE_EUA_NAO_PAIS,"Não adicionar em paises.csv. Corrigir para country_name=Estados Unidos, state_sigla e postal_code.",Estados Unidos,ND,North Dakota,58105,"O valor está no formato Estado/território + CEP + USA, ou Estado/território + USA."
NY 10027 USA,4,LOCALIDADE_EUA_NAO_PAIS,"Não adicionar em paises.csv. Corrigir para country_name=Estados Unidos, state_sigla e postal_code.",Estados Unidos,NY,New York,10027,"O valor está no formato Estado/território + CEP + USA, ou Estado/território + USA."
CO 80309 USA,4,LOCALIDADE_EUA_NAO_PAIS,"Não adicionar em paises.csv. Corrigir para country_name=Estados Unidos, state_sigla e postal_code.",Estados Unidos,CO,Colorado,80309,"O valor está no formato Estado/território + CEP + USA, ou Estado/território + USA."
ID 83415 USA,4,LOCALIDADE_EUA_NAO_PAIS,"Não adicionar em paises.csv. Corrigir para country_name=Estados Unidos, state_sigla e postal_code.",Estados Unidos,ID,Idaho,83415,"O valor está no formato Estado/território + CEP + USA, ou Estado/território + USA."
IN 46556 USA,3,LOCALIDADE_EUA_NAO_PAIS,"Não adicionar em paises.csv. Corrigir para country_name=Estados Unidos, state_sigla e postal_code.",Estados Unidos,IN,Indiana,46556,"O valor está no formato Estado/território + CEP + USA, ou Estado/território + USA."
IL 60607 USA,3,LOCALIDADE_EUA_NAO_PAIS,"Não adicionar em paises.csv. Corrigir para country_name=Estados Unidos, state_sigla e postal_code.",Estados Unidos,IL,Illinois,60607,"O valor está no formato Estado/território + CEP + USA, ou Estado/território + USA."
FL 32224 USA,3,LOCALIDADE_EUA_NAO_PAIS,"Não adicionar em paises.csv. Corrigir para country_name=Estados Unidos, state_sigla e postal_code.",Estados Unidos,FL,Florida,32224,"O valor está no formato Estado/território + CEP + USA, ou Estado/território + USA."
WY 82071 USA,3,LOCALIDADE_EUA_NAO_PAIS,"Não adicionar em paises.csv. Corrigir para country_name=Estados Unidos, state_sigla e postal_code.",Estados Unidos,WY,Wyoming,82071,"O valor está no formato Estado/território + CEP + USA, ou Estado/território + USA."
UT 84112 USA,3,LOCALIDADE_EUA_NAO_PAIS,"Não adicionar em paises.csv. Corrigir para country_name=Estados Unidos, state_sigla e postal_code.",Estados Unidos,UT,Utah,84112,"O valor está no formato Estado/território + CEP + USA, ou Estado/território + USA."
CA 92866 USA,3,LOCALIDADE_EUA_NAO_PAIS,"Não adicionar em paises.csv. Corrigir para country_name=Estados Unidos, state_sigla e postal_code.",Estados Unidos,CA,California,92866,"O valor está no formato Estado/território + CEP + USA, ou Estado/território + USA."
MD 21201 USA,3,LOCALIDADE_EUA_NAO_PAIS,"Não adicionar em paises.csv. Corrigir para country_name=Estados Unidos, state_sigla e postal_code.",Estados Unidos,MD,Maryland,21201,"O valor está no formato Estado/território + CEP + USA, ou Estado/território + USA."
WI 54449 USA,3,LOCALIDADE_EUA_NAO_PAIS,"Não adicionar em paises.csv. Corrigir para country_name=Estados Unidos, state_sigla e postal_code.",Estados Unidos,WI,Wisconsin,54449,"O valor está no formato Estado/território + CEP + USA, ou Estado/território + USA."
NC 27599 USA,3,LOCALIDADE_EUA_NAO_PAIS,"Não adicionar em paises.csv. Corrigir para country_name=Estados Unidos, state_sigla e postal_code.",Estados Unidos,NC,North Carolina,27599,"O valor está no formato Estado/território + CEP + USA, ou Estado/território + USA."
DC 20036 USA,3,LOCALIDADE_EUA_NAO_PAIS,"Não adicionar em paises.csv. Corrigir para country_name=Estados Unidos, state_sigla e postal_code.",Estados Unidos,DC,District of Columbia,20036,"O valor está no formato Estado/território + CEP + USA, ou Estado/território + USA."
NY 10801 USA,3,LOCALIDADE_EUA_NAO_PAIS,"Não adicionar em paises.csv. Corrigir para country_name=Estados Unidos, state_sigla e postal_code.",Estados Unidos,NY,New York,10801,"O valor está no formato Estado/território + CEP + USA, ou Estado/território + USA."
MA 02210 USA,3,LOCALIDADE_EUA_NAO_PAIS,"Não adicionar em paises.csv. Corrigir para country_name=Estados Unidos, state_sigla e postal_code.",Estados Unidos,MA,Massachusetts,02210,"O valor está no formato Estado/território + CEP + USA, ou Estado/território + USA."
WA 99163 USA,3,LOCALIDADE_EUA_NAO_PAIS,"Não adicionar em paises.csv. Corrigir para country_name=Estados Unidos, state_sigla e postal_code.",Estados Unidos,WA,Washington,99163,"O valor está no formato Estado/território + CEP + USA, ou Estado/território + USA."
CA 93407 USA,3,LOCALIDADE_EUA_NAO_PAIS,"Não adicionar em paises.csv. Corrigir para country_name=Estados Unidos, state_sigla e postal_code.",Estados Unidos,CA,California,93407,"O valor está no formato Estado/território + CEP + USA, ou Estado/território + USA."
TX 76207 USA,3,LOCALIDADE_EUA_NAO_PAIS,"Não adicionar em paises.csv. Corrigir para country_name=Estados Unidos, state_sigla e postal_code.",Estados Unidos,TX,Texas,76207,"O valor está no formato Estado/território + CEP + USA, ou Estado/território + USA."
VA 24060 USA,3,LOCALIDADE_EUA_NAO_PAIS,"Não adicionar em paises.csv. Corrigir para country_name=Estados Unidos, state_sigla e postal_code.",Estados Unidos,VA,Virginia,24060,"O valor está no formato Estado/território + CEP + USA, ou Estado/território + USA."
NC 28403 USA,3,LOCALIDADE_EUA_NAO_PAIS,"Não adicionar em paises.csv. Corrigir para country_name=Estados Unidos, state_sigla e postal_code.",Estados Unidos,NC,North Carolina,28403,"O valor está no formato Estado/território + CEP + USA, ou Estado/território + USA."
TX 78249 USA,3,LOCALIDADE_EUA_NAO_PAIS,"Não adicionar em paises.csv. Corrigir para country_name=Estados Unidos, state_sigla e postal_code.",Estados Unidos,TX,Texas,78249,"O valor está no formato Estado/território + CEP + USA, ou Estado/território + USA."
NY 11201 USA,3,LOCALIDADE_EUA_NAO_PAIS,"Não adicionar em paises.csv. Corrigir para country_name=Estados Unidos, state_sigla e postal_code.",Estados Unidos,NY,New York,11201,"O valor está no formato Estado/território + CEP + USA, ou Estado/território + USA."
IL 60611 USA,3,LOCALIDADE_EUA_NAO_PAIS,"Não adicionar em paises.csv. Corrigir para country_name=Estados Unidos, state_sigla e postal_code.",Estados Unidos,IL,Illinois,60611,"O valor está no formato Estado/território + CEP + USA, ou Estado/território + USA."
GA 31008 USA,3,LOCALIDADE_EUA_NAO_PAIS,"Não adicionar em paises.csv. Corrigir para country_name=Estados Unidos, state_sigla e postal_code.",Estados Unidos,GA,Georgia,31008,"O valor está no formato Estado/território + CEP + USA, ou Estado/território + USA."
TN 38152 USA,3,LOCALIDADE_EUA_NAO_PAIS,"Não adicionar em paises.csv. Corrigir para country_name=Estados Unidos, state_sigla e postal_code.",Estados Unidos,TN,Tennessee,38152,"O valor está no formato Estado/território + CEP + USA, ou Estado/território + USA."
OH 45384 USA,3,LOCALIDADE_EUA_NAO_PAIS,"Não adicionar em paises.csv. Corrigir para country_name=Estados Unidos, state_sigla e postal_code.",Estados Unidos,OH,Ohio,45384,"O valor está no formato Estado/território + CEP + USA, ou Estado/território + USA."
FL 32603 USA,3,LOCALIDADE_EUA_NAO_PAIS,"Não adicionar em paises.csv. Corrigir para country_name=Estados Unidos, state_sigla e postal_code.",Estados Unidos,FL,Florida,32603,"O valor está no formato Estado/território + CEP + USA, ou Estado/território + USA."
OR 97232 USA,3,LOCALIDADE_EUA_NAO_PAIS,"Não adicionar em paises.csv. Corrigir para country_name=Estados Unidos, state_sigla e postal_code.",Estados Unidos,OR,Oregon,97232,"O valor está no formato Estado/território + CEP + USA, ou Estado/território + USA."
NY 14623 USA,3,LOCALIDADE_EUA_NAO_PAIS,"Não adicionar em paises.csv. Corrigir para country_name=Estados Unidos, state_sigla e postal_code.",Estados Unidos,NY,New York,14623,"O valor está no formato Estado/território + CEP + USA, ou Estado/território + USA."
MI 48309 USA,3,LOCALIDADE_EUA_NAO_PAIS,"Não adicionar em paises.csv. Corrigir para country_name=Estados Unidos, state_sigla e postal_code.",Estados Unidos,MI,Michigan,48309,"O valor está no formato Estado/território + CEP + USA, ou Estado/território + USA."
CA 91109 USA,3,LOCALIDADE_EUA_NAO_PAIS,"Não adicionar em paises.csv. Corrigir para country_name=Estados Unidos, state_sigla e postal_code.",Estados Unidos,CA,California,91109,"O valor está no formato Estado/território + CEP + USA, ou Estado/território + USA."
NC 27606 USA,3,LOCALIDADE_EUA_NAO_PAIS,"Não adicionar em paises.csv. Corrigir para country_name=Estados Unidos, state_sigla e postal_code.",Estados Unidos,NC,North Carolina,27606,"O valor está no formato Estado/território + CEP + USA, ou Estado/território + USA."
SD 57701 USA,3,LOCALIDADE_EUA_NAO_PAIS,"Não adicionar em paises.csv. Corrigir para country_name=Estados Unidos, state_sigla e postal_code.",Estados Unidos,SD,South Dakota,57701,"O valor está no formato Estado/território + CEP + USA, ou Estado/território + USA."
TX 77204 USA,3,LOCALIDADE_EUA_NAO_PAIS,"Não adicionar em paises.csv. Corrigir para country_name=Estados Unidos, state_sigla e postal_code.",Estados Unidos,TX,Texas,77204,"O valor está no formato Estado/território + CEP + USA, ou Estado/território + USA."
GA 31030 USA,3,LOCALIDADE_EUA_NAO_PAIS,"Não adicionar em paises.csv. Corrigir para country_name=Estados Unidos, state_sigla e postal_code.",Estados Unidos,GA,Georgia,31030,"O valor está no formato Estado/território + CEP + USA, ou Estado/território + USA."
IN 47906 USA,3,LOCALIDADE_EUA_NAO_PAIS,"Não adicionar em paises.csv. Corrigir para country_name=Estados Unidos, state_sigla e postal_code.",Estados Unidos,IN,Indiana,47906,"O valor está no formato Estado/território + CEP + USA, ou Estado/território + USA."
WA 98109 USA,3,LOCALIDADE_EUA_NAO_PAIS,"Não adicionar em paises.csv. Corrigir para country_name=Estados Unidos, state_sigla e postal_code.",Estados Unidos,WA,Washington,98109,"O valor está no formato Estado/território + CEP + USA, ou Estado/território + USA."
CO 80521 USA,3,LOCALIDADE_EUA_NAO_PAIS,"Não adicionar em paises.csv. Corrigir para country_name=Estados Unidos, state_sigla e postal_code.",Estados Unidos,CO,Colorado,80521,"O valor está no formato Estado/território + CEP + USA, ou Estado/território + USA."
DE 19720 USA,3,LOCALIDADE_EUA_NAO_PAIS,"Não adicionar em paises.csv. Corrigir para country_name=Estados Unidos, state_sigla e postal_code.",Estados Unidos,DE,Delaware,19720,"O valor está no formato Estado/território + CEP + USA, ou Estado/território + USA."
ND 58501 USA,3,LOCALIDADE_EUA_NAO_PAIS,"Não adicionar em paises.csv. Corrigir para country_name=Estados Unidos, state_sigla e postal_code.",Estados Unidos,ND,North Dakota,58501,"O valor está no formato Estado/território + CEP + USA, ou Estado/território + USA."
NC 27708 USA,3,LOCALIDADE_EUA_NAO_PAIS,"Não adicionar em paises.csv. Corrigir para country_name=Estados Unidos, state_sigla e postal_code.",Estados Unidos,NC,North Carolina,27708,"O valor está no formato Estado/território + CEP + USA, ou Estado/território + USA."
VA 23185 USA,3,LOCALIDADE_EUA_NAO_PAIS,"Não adicionar em paises.csv. Corrigir para country_name=Estados Unidos, state_sigla e postal_code.",Estados Unidos,VA,Virginia,23185,"O valor está no formato Estado/território + CEP + USA, ou Estado/território + USA."
FL 33850 USA,3,LOCALIDADE_EUA_NAO_PAIS,"Não adicionar em paises.csv. Corrigir para country_name=Estados Unidos, state_sigla e postal_code.",Estados Unidos,FL,Florida,33850,"O valor está no formato Estado/território + CEP + USA, ou Estado/território + USA."
NJ 07102 USA,3,LOCALIDADE_EUA_NAO_PAIS,"Não adicionar em paises.csv. Corrigir para country_name=Estados Unidos, state_sigla e postal_code.",Estados Unidos,NJ,New Jersey,07102,"O valor está no formato Estado/território + CEP + USA, ou Estado/território + USA."
KS 66045 USA,3,LOCALIDADE_EUA_NAO_PAIS,"Não adicionar em paises.csv. Corrigir para country_name=Estados Unidos, state_sigla e postal_code.",Estados Unidos,KS,Kansas,66045,"O valor está no formato Estado/território + CEP + USA, ou Estado/território + USA."
ID 83843 USA,3,LOCALIDADE_EUA_NAO_PAIS,"Não adicionar em paises.csv. Corrigir para country_name=Estados Unidos, state_sigla e postal_code.",Estados Unidos,ID,Idaho,83843,"O valor está no formato Estado/território + CEP + USA, ou Estado/território + USA."
VA 22807 USA,3,LOCALIDADE_EUA_NAO_PAIS,"Não adicionar em paises.csv. Corrigir para country_name=Estados Unidos, state_sigla e postal_code.",Estados Unidos,VA,Virginia,22807,"O valor está no formato Estado/território + CEP + USA, ou Estado/território + USA."
TX 77713 USA,3,LOCALIDADE_EUA_NAO_PAIS,"Não adicionar em paises.csv. Corrigir para country_name=Estados Unidos, state_sigla e postal_code.",Estados Unidos,TX,Texas,77713,"O valor está no formato Estado/território + CEP + USA, ou Estado/território + USA."
NC 27706 USA,3,LOCALIDADE_EUA_NAO_PAIS,"Não adicionar em paises.csv. Corrigir para country_name=Estados Unidos, state_sigla e postal_code.",Estados Unidos,NC,North Carolina,27706,"O valor está no formato Estado/território + CEP + USA, ou Estado/território + USA."
CA 95053 USA,3,LOCALIDADE_EUA_NAO_PAIS,"Não adicionar em paises.csv. Corrigir para country_name=Estados Unidos, state_sigla e postal_code.",Estados Unidos,CA,California,95053,"O valor está no formato Estado/território + CEP + USA, ou Estado/território + USA."
MD 20771 USA,3,LOCALIDADE_EUA_NAO_PAIS,"Não adicionar em paises.csv. Corrigir para country_name=Estados Unidos, state_sigla e postal_code.",Estados Unidos,MD,Maryland,20771,"O valor está no formato Estado/território + CEP + USA, ou Estado/território + USA."
CA 95343 USA,3,LOCALIDADE_EUA_NAO_PAIS,"Não adicionar em paises.csv. Corrigir para country_name=Estados Unidos, state_sigla e postal_code.",Estados Unidos,CA,California,95343,"O valor está no formato Estado/território + CEP + USA, ou Estado/território + USA."
CA 93740 USA,3,LOCALIDADE_EUA_NAO_PAIS,"Não adicionar em paises.csv. Corrigir para country_name=Estados Unidos, state_sigla e postal_code.",Estados Unidos,CA,California,93740,"O valor está no formato Estado/território + CEP + USA, ou Estado/território + USA."
FL 32816 USA,3,LOCALIDADE_EUA_NAO_PAIS,"Não adicionar em paises.csv. Corrigir para country_name=Estados Unidos, state_sigla e postal_code.",Estados Unidos,FL,Florida,32816,"O valor está no formato Estado/território + CEP + USA, ou Estado/território + USA."
LA 70578 USA,3,LOCALIDADE_EUA_NAO_PAIS,"Não adicionar em paises.csv. Corrigir para country_name=Estados Unidos, state_sigla e postal_code.",Estados Unidos,LA,Louisiana,70578,"O valor está no formato Estado/território + CEP + USA, ou Estado/território + USA."
SC 29208 USA,3,LOCALIDADE_EUA_NAO_PAIS,"Não adicionar em paises.csv. Corrigir para country_name=Estados Unidos, state_sigla e postal_code.",Estados Unidos,SC,South Carolina,29208,"O valor está no formato Estado/território + CEP + USA, ou Estado/território + USA."
GA 30144 USA,3,LOCALIDADE_EUA_NAO_PAIS,"Não adicionar em paises.csv. Corrigir para country_name=Estados Unidos, state_sigla e postal_code.",Estados Unidos,GA,Georgia,30144,"O valor está no formato Estado/território + CEP + USA, ou Estado/território + USA."
TX 77004 USA,3,LOCALIDADE_EUA_NAO_PAIS,"Não adicionar em paises.csv. Corrigir para country_name=Estados Unidos, state_sigla e postal_code.",Estados Unidos,TX,Texas,77004,"O valor está no formato Estado/território + CEP + USA, ou Estado/território + USA."
CA 92614 USA,3,LOCALIDADE_EUA_NAO_PAIS,"Não adicionar em paises.csv. Corrigir para country_name=Estados Unidos, state_sigla e postal_code.",Estados Unidos,CA,California,92614,"O valor está no formato Estado/território + CEP + USA, ou Estado/território + USA."
CA 90010 USA,3,LOCALIDADE_EUA_NAO_PAIS,"Não adicionar em paises.csv. Corrigir para country_name=Estados Unidos, state_sigla e postal_code.",Estados Unidos,CA,California,90010,"O valor está no formato Estado/território + CEP + USA, ou Estado/território + USA."
FL 32114 USA,3,LOCALIDADE_EUA_NAO_PAIS,"Não adicionar em paises.csv. Corrigir para country_name=Estados Unidos, state_sigla e postal_code.",Estados Unidos,FL,Florida,32114,"O valor está no formato Estado/território + CEP + USA, ou Estado/território + USA."
MA 02215 USA,3,LOCALIDADE_EUA_NAO_PAIS,"Não adicionar em paises.csv. Corrigir para country_name=Estados Unidos, state_sigla e postal_code.",Estados Unidos,MA,Massachusetts,02215,"O valor está no formato Estado/território + CEP + USA, ou Estado/território + USA."
TN 37203 USA,3,LOCALIDADE_EUA_NAO_PAIS,"Não adicionar em paises.csv. Corrigir para country_name=Estados Unidos, state_sigla e postal_code.",Estados Unidos,TN,Tennessee,37203,"O valor está no formato Estado/território + CEP + USA, ou Estado/território + USA."
NC 27607 USA,3,LOCALIDADE_EUA_NAO_PAIS,"Não adicionar em paises.csv. Corrigir para country_name=Estados Unidos, state_sigla e postal_code.",Estados Unidos,NC,North Carolina,27607,"O valor está no formato Estado/território + CEP + USA, ou Estado/território + USA."
MO 65409 USA,3,LOCALIDADE_EUA_NAO_PAIS,"Não adicionar em paises.csv. Corrigir para country_name=Estados Unidos, state_sigla e postal_code.",Estados Unidos,MO,Missouri,65409,"O valor está no formato Estado/território + CEP + USA, ou Estado/território + USA."
NE 68182 USA,3,LOCALIDADE_EUA_NAO_PAIS,"Não adicionar em paises.csv. Corrigir para country_name=Estados Unidos, state_sigla e postal_code.",Estados Unidos,NE,Nebraska,68182,"O valor está no formato Estado/território + CEP + USA, ou Estado/território + USA."
NH 03755 USA,3,LOCALIDADE_EUA_NAO_PAIS,"Não adicionar em paises.csv. Corrigir para country_name=Estados Unidos, state_sigla e postal_code.",Estados Unidos,NH,New Hampshire,03755,"O valor está no formato Estado/território + CEP + USA, ou Estado/território + USA."
CA 94143 USA,3,LOCALIDADE_EUA_NAO_PAIS,"Não adicionar em paises.csv. Corrigir para country_name=Estados Unidos, state_sigla e postal_code.",Estados Unidos,CA,California,94143,"O valor está no formato Estado/território + CEP + USA, ou Estado/território + USA."
TX 78363 USA,3,LOCALIDADE_EUA_NAO_PAIS,"Não adicionar em paises.csv. Corrigir para country_name=Estados Unidos, state_sigla e postal_code.",Estados Unidos,TX,Texas,78363,"O valor está no formato Estado/território + CEP + USA, ou Estado/território + USA."
MO 63103 USA,3,LOCALIDADE_EUA_NAO_PAIS,"Não adicionar em paises.csv. Corrigir para country_name=Estados Unidos, state_sigla e postal_code.",Estados Unidos,MO,Missouri,63103,"O valor está no formato Estado/território + CEP + USA, ou Estado/território + USA."
MO 63110 USA,3,LOCALIDADE_EUA_NAO_PAIS,"Não adicionar em paises.csv. Corrigir para country_name=Estados Unidos, state_sigla e postal_code.",Estados Unidos,MO,Missouri,63110,"O valor está no formato Estado/território + CEP + USA, ou Estado/território + USA."
VT 05405 USA,2,LOCALIDADE_EUA_NAO_PAIS,"Não adicionar em paises.csv. Corrigir para country_name=Estados Unidos, state_sigla e postal_code.",Estados Unidos,VT,Vermont,05405,"O valor está no formato Estado/território + CEP + USA, ou Estado/território + USA."
MD 20742,2,LOCALIDADE_EUA_NAO_PAIS,"Não adicionar em paises.csv. Corrigir para country_name=Estados Unidos, state_sigla e postal_code.",Estados Unidos,MD,Maryland,20742,"O valor está no formato Estado/território + CEP + USA, ou Estado/território + USA."
MO 65201 USA,2,LOCALIDADE_EUA_NAO_PAIS,"Não adicionar em paises.csv. Corrigir para country_name=Estados Unidos, state_sigla e postal_code.",Estados Unidos,MO,Missouri,65201,"O valor está no formato Estado/território + CEP + USA, ou Estado/território + USA."
LA 70802 USA,2,LOCALIDADE_EUA_NAO_PAIS,"Não adicionar em paises.csv. Corrigir para country_name=Estados Unidos, state_sigla e postal_code.",Estados Unidos,LA,Louisiana,70802,"O valor está no formato Estado/território + CEP + USA, ou Estado/território + USA."
TX 77845 USA,2,LOCALIDADE_EUA_NAO_PAIS,"Não adicionar em paises.csv. Corrigir para country_name=Estados Unidos, state_sigla e postal_code.",Estados Unidos,TX,Texas,77845,"O valor está no formato Estado/território + CEP + USA, ou Estado/território + USA."
TX 78666 USA,2,LOCALIDADE_EUA_NAO_PAIS,"Não adicionar em paises.csv. Corrigir para country_name=Estados Unidos, state_sigla e postal_code.",Estados Unidos,TX,Texas,78666,"O valor está no formato Estado/território + CEP + USA, ou Estado/território + USA."
MO 63873 USA,2,LOCALIDADE_EUA_NAO_PAIS,"Não adicionar em paises.csv. Corrigir para country_name=Estados Unidos, state_sigla e postal_code.",Estados Unidos,MO,Missouri,63873,"O valor está no formato Estado/território + CEP + USA, ou Estado/território + USA."
MS 38655 USA,2,LOCALIDADE_EUA_NAO_PAIS,"Não adicionar em paises.csv. Corrigir para country_name=Estados Unidos, state_sigla e postal_code.",Estados Unidos,MS,Mississippi,38655,"O valor está no formato Estado/território + CEP + USA, ou Estado/território + USA."
IN 46268 USA,2,LOCALIDADE_EUA_NAO_PAIS,"Não adicionar em paises.csv. Corrigir para country_name=Estados Unidos, state_sigla e postal_code.",Estados Unidos,IN,Indiana,46268,"O valor está no formato Estado/território + CEP + USA, ou Estado/território + USA."
MA 02111 USA,2,LOCALIDADE_EUA_NAO_PAIS,"Não adicionar em paises.csv. Corrigir para country_name=Estados Unidos, state_sigla e postal_code.",Estados Unidos,MA,Massachusetts,02111,"O valor está no formato Estado/território + CEP + USA, ou Estado/território + USA."
CA 95618 USA,2,LOCALIDADE_EUA_NAO_PAIS,"Não adicionar em paises.csv. Corrigir para country_name=Estados Unidos, state_sigla e postal_code.",Estados Unidos,CA,California,95618,"O valor está no formato Estado/território + CEP + USA, ou Estado/território + USA."
WV 25112 USA,2,LOCALIDADE_EUA_NAO_PAIS,"Não adicionar em paises.csv. Corrigir para country_name=Estados Unidos, state_sigla e postal_code.",Estados Unidos,WV,West Virginia,25112,"O valor está no formato Estado/território + CEP + USA, ou Estado/território + USA."
MA 02114 USA,2,LOCALIDADE_EUA_NAO_PAIS,"Não adicionar em paises.csv. Corrigir para country_name=Estados Unidos, state_sigla e postal_code.",Estados Unidos,MA,Massachusetts,02114,"O valor está no formato Estado/território + CEP + USA, ou Estado/território + USA."
MD 21250 USA,2,LOCALIDADE_EUA_NAO_PAIS,"Não adicionar em paises.csv. Corrigir para country_name=Estados Unidos, state_sigla e postal_code.",Estados Unidos,MD,Maryland,21250,"O valor está no formato Estado/território + CEP + USA, ou Estado/território + USA."
NC 27711 USA,2,LOCALIDADE_EUA_NAO_PAIS,"Não adicionar em paises.csv. Corrigir para country_name=Estados Unidos, state_sigla e postal_code.",Estados Unidos,NC,North Carolina,27711,"O valor está no formato Estado/território + CEP + USA, ou Estado/território + USA."
MO 63130 USA,2,LOCALIDADE_EUA_NAO_PAIS,"Não adicionar em paises.csv. Corrigir para country_name=Estados Unidos, state_sigla e postal_code.",Estados Unidos,MO,Missouri,63130,"O valor está no formato Estado/território + CEP + USA, ou Estado/território + USA."
VA 22314 USA,2,LOCALIDADE_EUA_NAO_PAIS,"Não adicionar em paises.csv. Corrigir para country_name=Estados Unidos, state_sigla e postal_code.",Estados Unidos,VA,Virginia,22314,"O valor está no formato Estado/território + CEP + USA, ou Estado/território + USA."
VA 23806 USA,2,LOCALIDADE_EUA_NAO_PAIS,"Não adicionar em paises.csv. Corrigir para country_name=Estados Unidos, state_sigla e postal_code.",Estados Unidos,VA,Virginia,23806,"O valor está no formato Estado/território + CEP + USA, ou Estado/território + USA."
NC 27709 USA,2,LOCALIDADE_EUA_NAO_PAIS,"Não adicionar em paises.csv. Corrigir para country_name=Estados Unidos, state_sigla e postal_code.",Estados Unidos,NC,North Carolina,27709,"O valor está no formato Estado/território + CEP + USA, ou Estado/território + USA."
NV 89557 USA,2,LOCALIDADE_EUA_NAO_PAIS,"Não adicionar em paises.csv. Corrigir para country_name=Estados Unidos, state_sigla e postal_code.",Estados Unidos,NV,Nevada,89557,"O valor está no formato Estado/território + CEP + USA, ou Estado/território + USA."
PR USA,2,LOCALIDADE_EUA_NAO_PAIS,"Não adicionar em paises.csv. Corrigir para country_name=Estados Unidos, state_sigla e postal_code.",Estados Unidos,PR,Puerto Rico,,"O valor está no formato Estado/território + CEP + USA, ou Estado/território + USA."
IL 60208 USA,2,LOCALIDADE_EUA_NAO_PAIS,"Não adicionar em paises.csv. Corrigir para country_name=Estados Unidos, state_sigla e postal_code.",Estados Unidos,IL,Illinois,60208,"O valor está no formato Estado/território + CEP + USA, ou Estado/território + USA."
FL 32446 USA,2,LOCALIDADE_EUA_NAO_PAIS,"Não adicionar em paises.csv. Corrigir para country_name=Estados Unidos, state_sigla e postal_code.",Estados Unidos,FL,Florida,32446,"O valor está no formato Estado/território + CEP + USA, ou Estado/território + USA."
GA 30223 USA,2,LOCALIDADE_EUA_NAO_PAIS,"Não adicionar em paises.csv. Corrigir para country_name=Estados Unidos, state_sigla e postal_code.",Estados Unidos,GA,Georgia,30223,"O valor está no formato Estado/território + CEP + USA, ou Estado/território + USA."
FL 33430 USA,2,LOCALIDADE_EUA_NAO_PAIS,"Não adicionar em paises.csv. Corrigir para country_name=Estados Unidos, state_sigla e postal_code.",Estados Unidos,FL,Florida,33430,"O valor está no formato Estado/território + CEP + USA, ou Estado/território + USA."
GA 30566 USA,2,LOCALIDADE_EUA_NAO_PAIS,"Não adicionar em paises.csv. Corrigir para country_name=Estados Unidos, state_sigla e postal_code.",Estados Unidos,GA,Georgia,30566,"O valor está no formato Estado/território + CEP + USA, ou Estado/território + USA."
SC 29607 USA,2,LOCALIDADE_EUA_NAO_PAIS,"Não adicionar em paises.csv. Corrigir para country_name=Estados Unidos, state_sigla e postal_code.",Estados Unidos,SC,South Carolina,29607,"O valor está no formato Estado/território + CEP + USA, ou Estado/território + USA."
ND 58202 USA,2,LOCALIDADE_EUA_NAO_PAIS,"Não adicionar em paises.csv. Corrigir para country_name=Estados Unidos, state_sigla e postal_code.",Estados Unidos,ND,North Dakota,58202,"O valor está no formato Estado/território + CEP + USA, ou Estado/território + USA."
MS 39217 USA,2,LOCALIDADE_EUA_NAO_PAIS,"Não adicionar em paises.csv. Corrigir para country_name=Estados Unidos, state_sigla e postal_code.",Estados Unidos,MS,Mississippi,39217,"O valor está no formato Estado/território + CEP + USA, ou Estado/território + USA."
OH 43606 USA,2,LOCALIDADE_EUA_NAO_PAIS,"Não adicionar em paises.csv. Corrigir para country_name=Estados Unidos, state_sigla e postal_code.",Estados Unidos,OH,Ohio,43606,"O valor está no formato Estado/território + CEP + USA, ou Estado/território + USA."
CT 06510 USA,2,LOCALIDADE_EUA_NAO_PAIS,"Não adicionar em paises.csv. Corrigir para country_name=Estados Unidos, state_sigla e postal_code.",Estados Unidos,CT,Connecticut,06510,"O valor está no formato Estado/território + CEP + USA, ou Estado/território + USA."
UT 84602 USA,2,LOCALIDADE_EUA_NAO_PAIS,"Não adicionar em paises.csv. Corrigir para country_name=Estados Unidos, state_sigla e postal_code.",Estados Unidos,UT,Utah,84602,"O valor está no formato Estado/território + CEP + USA, ou Estado/território + USA."
PA 15282 USA,2,LOCALIDADE_EUA_NAO_PAIS,"Não adicionar em paises.csv. Corrigir para country_name=Estados Unidos, state_sigla e postal_code.",Estados Unidos,PA,Pennsylvania,15282,"O valor está no formato Estado/território + CEP + USA, ou Estado/território + USA."
DC 20037 USA,2,LOCALIDADE_EUA_NAO_PAIS,"Não adicionar em paises.csv. Corrigir para country_name=Estados Unidos, state_sigla e postal_code.",Estados Unidos,DC,District of Columbia,20037,"O valor está no formato Estado/território + CEP + USA, ou Estado/território + USA."
CA 95124 USA,2,LOCALIDADE_EUA_NAO_PAIS,"Não adicionar em paises.csv. Corrigir para country_name=Estados Unidos, state_sigla e postal_code.",Estados Unidos,CA,California,95124,"O valor está no formato Estado/território + CEP + USA, ou Estado/território + USA."
NY 10504 USA,2,LOCALIDADE_EUA_NAO_PAIS,"Não adicionar em paises.csv. Corrigir para country_name=Estados Unidos, state_sigla e postal_code.",Estados Unidos,NY,New York,10504,"O valor está no formato Estado/território + CEP + USA, ou Estado/território + USA."
DC 20005 USA,2,LOCALIDADE_EUA_NAO_PAIS,"Não adicionar em paises.csv. Corrigir para country_name=Estados Unidos, state_sigla e postal_code.",Estados Unidos,DC,District of Columbia,20005,"O valor está no formato Estado/território + CEP + USA, ou Estado/território + USA."
NC 27401 USA,2,LOCALIDADE_EUA_NAO_PAIS,"Não adicionar em paises.csv. Corrigir para country_name=Estados Unidos, state_sigla e postal_code.",Estados Unidos,NC,North Carolina,27401,"O valor está no formato Estado/território + CEP + USA, ou Estado/território + USA."
AZ 85287 USA,2,LOCALIDADE_EUA_NAO_PAIS,"Não adicionar em paises.csv. Corrigir para country_name=Estados Unidos, state_sigla e postal_code.",Estados Unidos,AZ,Arizona,85287,"O valor está no formato Estado/território + CEP + USA, ou Estado/território + USA."
AZ 85040 USA,2,LOCALIDADE_EUA_NAO_PAIS,"Não adicionar em paises.csv. Corrigir para country_name=Estados Unidos, state_sigla e postal_code.",Estados Unidos,AZ,Arizona,85040,"O valor está no formato Estado/território + CEP + USA, ou Estado/território + USA."
CT 06511 USA,2,LOCALIDADE_EUA_NAO_PAIS,"Não adicionar em paises.csv. Corrigir para country_name=Estados Unidos, state_sigla e postal_code.",Estados Unidos,CT,Connecticut,06511,"O valor está no formato Estado/território + CEP + USA, ou Estado/território + USA."
RI 02918 USA,2,LOCALIDADE_EUA_NAO_PAIS,"Não adicionar em paises.csv. Corrigir para country_name=Estados Unidos, state_sigla e postal_code.",Estados Unidos,RI,Rhode Island,02918,"O valor está no formato Estado/território + CEP + USA, ou Estado/território + USA."
DC 20064 USA,2,LOCALIDADE_EUA_NAO_PAIS,"Não adicionar em paises.csv. Corrigir para country_name=Estados Unidos, state_sigla e postal_code.",Estados Unidos,DC,District of Columbia,20064,"O valor está no formato Estado/território + CEP + USA, ou Estado/território + USA."
DC 20007 USA,2,LOCALIDADE_EUA_NAO_PAIS,"Não adicionar em paises.csv. Corrigir para country_name=Estados Unidos, state_sigla e postal_code.",Estados Unidos,DC,District of Columbia,20007,"O valor está no formato Estado/território + CEP + USA, ou Estado/território + USA."
NC 28223 USA,2,LOCALIDADE_EUA_NAO_PAIS,"Não adicionar em paises.csv. Corrigir para country_name=Estados Unidos, state_sigla e postal_code.",Estados Unidos,NC,North Carolina,28223,"O valor está no formato Estado/território + CEP + USA, ou Estado/território + USA."
OH 45056 USA,2,LOCALIDADE_EUA_NAO_PAIS,"Não adicionar em paises.csv. Corrigir para country_name=Estados Unidos, state_sigla e postal_code.",Estados Unidos,OH,Ohio,45056,"O valor está no formato Estado/território + CEP + USA, ou Estado/território + USA."
MN 55105 USA,2,LOCALIDADE_EUA_NAO_PAIS,"Não adicionar em paises.csv. Corrigir para country_name=Estados Unidos, state_sigla e postal_code.",Estados Unidos,MN,Minnesota,55105,"O valor está no formato Estado/território + CEP + USA, ou Estado/território + USA."
NY 10032 USA,2,LOCALIDADE_EUA_NAO_PAIS,"Não adicionar em paises.csv. Corrigir para country_name=Estados Unidos, state_sigla e postal_code.",Estados Unidos,NY,New York,10032,"O valor está no formato Estado/território + CEP + USA, ou Estado/território + USA."
LA 70807 USA,2,LOCALIDADE_EUA_NAO_PAIS,"Não adicionar em paises.csv. Corrigir para country_name=Estados Unidos, state_sigla e postal_code.",Estados Unidos,LA,Louisiana,70807,"O valor está no formato Estado/território + CEP + USA, ou Estado/território + USA."
MA 02129 USA,2,LOCALIDADE_EUA_NAO_PAIS,"Não adicionar em paises.csv. Corrigir para country_name=Estados Unidos, state_sigla e postal_code.",Estados Unidos,MA,Massachusetts,02129,"O valor está no formato Estado/território + CEP + USA, ou Estado/território + USA."
MA 02543 USA,2,LOCALIDADE_EUA_NAO_PAIS,"Não adicionar em paises.csv. Corrigir para country_name=Estados Unidos, state_sigla e postal_code.",Estados Unidos,MA,Massachusetts,02543,"O valor está no formato Estado/território + CEP + USA, ou Estado/território + USA."
CA 95126 USA,2,LOCALIDADE_EUA_NAO_PAIS,"Não adicionar em paises.csv. Corrigir para country_name=Estados Unidos, state_sigla e postal_code.",Estados Unidos,CA,California,95126,"O valor está no formato Estado/território + CEP + USA, ou Estado/território + USA."
TN 37614 USA,2,LOCALIDADE_EUA_NAO_PAIS,"Não adicionar em paises.csv. Corrigir para country_name=Estados Unidos, state_sigla e postal_code.",Estados Unidos,TN,Tennessee,37614,"O valor está no formato Estado/território + CEP + USA, ou Estado/território + USA."
KS 66061 USA,2,LOCALIDADE_EUA_NAO_PAIS,"Não adicionar em paises.csv. Corrigir para country_name=Estados Unidos, state_sigla e postal_code.",Estados Unidos,KS,Kansas,66061,"O valor está no formato Estado/território + CEP + USA, ou Estado/território + USA."
NM 88012 USA,2,LOCALIDADE_EUA_NAO_PAIS,"Não adicionar em paises.csv. Corrigir para country_name=Estados Unidos, state_sigla e postal_code.",Estados Unidos,NM,New Mexico,88012,"O valor está no formato Estado/território + CEP + USA, ou Estado/território + USA."
WI 53703 USA,2,LOCALIDADE_EUA_NAO_PAIS,"Não adicionar em paises.csv. Corrigir para country_name=Estados Unidos, state_sigla e postal_code.",Estados Unidos,WI,Wisconsin,53703,"O valor está no formato Estado/território + CEP + USA, ou Estado/território + USA."
IL 61455 USA,2,LOCALIDADE_EUA_NAO_PAIS,"Não adicionar em paises.csv. Corrigir para country_name=Estados Unidos, state_sigla e postal_code.",Estados Unidos,IL,Illinois,61455,"O valor está no formato Estado/território + CEP + USA, ou Estado/território + USA."
AL 36832 USA,2,LOCALIDADE_EUA_NAO_PAIS,"Não adicionar em paises.csv. Corrigir para country_name=Estados Unidos, state_sigla e postal_code.",Estados Unidos,AL,Alabama,36832,"O valor está no formato Estado/território + CEP + USA, ou Estado/território + USA."
CA 92037 USA,2,LOCALIDADE_EUA_NAO_PAIS,"Não adicionar em paises.csv. Corrigir para country_name=Estados Unidos, state_sigla e postal_code.",Estados Unidos,CA,California,92037,"O valor está no formato Estado/território + CEP + USA, ou Estado/território + USA."
DC 20059 USA,2,LOCALIDADE_EUA_NAO_PAIS,"Não adicionar em paises.csv. Corrigir para country_name=Estados Unidos, state_sigla e postal_code.",Estados Unidos,DC,District of Columbia,20059,"O valor está no formato Estado/território + CEP + USA, ou Estado/território + USA."
AL 35487 USA,2,LOCALIDADE_EUA_NAO_PAIS,"Não adicionar em paises.csv. Corrigir para country_name=Estados Unidos, state_sigla e postal_code.",Estados Unidos,AL,Alabama,35487,"O valor está no formato Estado/território + CEP + USA, ou Estado/território + USA."
NY 11794 USA,2,LOCALIDADE_EUA_NAO_PAIS,"Não adicionar em paises.csv. Corrigir para country_name=Estados Unidos, state_sigla e postal_code.",Estados Unidos,NY,New York,11794,"O valor está no formato Estado/território + CEP + USA, ou Estado/território + USA."
OH 44115 USA,2,LOCALIDADE_EUA_NAO_PAIS,"Não adicionar em paises.csv. Corrigir para country_name=Estados Unidos, state_sigla e postal_code.",Estados Unidos,OH,Ohio,44115,"O valor está no formato Estado/território + CEP + USA, ou Estado/território + USA."
MA 01609 USA,2,LOCALIDADE_EUA_NAO_PAIS,"Não adicionar em paises.csv. Corrigir para country_name=Estados Unidos, state_sigla e postal_code.",Estados Unidos,MA,Massachusetts,01609,"O valor está no formato Estado/território + CEP + USA, ou Estado/território + USA."
FL 32608 USA,2,LOCALIDADE_EUA_NAO_PAIS,"Não adicionar em paises.csv. Corrigir para country_name=Estados Unidos, state_sigla e postal_code.",Estados Unidos,FL,Florida,32608,"O valor está no formato Estado/território + CEP + USA, ou Estado/território + USA."
IN 46202 USA,2,LOCALIDADE_EUA_NAO_PAIS,"Não adicionar em paises.csv. Corrigir para country_name=Estados Unidos, state_sigla e postal_code.",Estados Unidos,IN,Indiana,46202,"O valor está no formato Estado/território + CEP + USA, ou Estado/território + USA."
PA 16802,2,LOCALIDADE_EUA_NAO_PAIS,"Não adicionar em paises.csv. Corrigir para country_name=Estados Unidos, state_sigla e postal_code.",Estados Unidos,PA,Pennsylvania,16802,"O valor está no formato Estado/território + CEP + USA, ou Estado/território + USA."
OR 97333 USA,2,LOCALIDADE_EUA_NAO_PAIS,"Não adicionar em paises.csv. Corrigir para country_name=Estados Unidos, state_sigla e postal_code.",Estados Unidos,OR,Oregon,97333,"O valor está no formato Estado/território + CEP + USA, ou Estado/território + USA."
KS 67601 USA,2,LOCALIDADE_EUA_NAO_PAIS,"Não adicionar em paises.csv. Corrigir para country_name=Estados Unidos, state_sigla e postal_code.",Estados Unidos,KS,Kansas,67601,"O valor está no formato Estado/território + CEP + USA, ou Estado/território + USA."
CA 92507 USA,2,LOCALIDADE_EUA_NAO_PAIS,"Não adicionar em paises.csv. Corrigir para country_name=Estados Unidos, state_sigla e postal_code.",Estados Unidos,CA,California,92507,"O valor está no formato Estado/território + CEP + USA, ou Estado/território + USA."
NY 10065 USA,2,LOCALIDADE_EUA_NAO_PAIS,"Não adicionar em paises.csv. Corrigir para country_name=Estados Unidos, state_sigla e postal_code.",Estados Unidos,NY,New York,10065,"O valor está no formato Estado/território + CEP + USA, ou Estado/território + USA."
MA 02571 USA,2,LOCALIDADE_EUA_NAO_PAIS,"Não adicionar em paises.csv. Corrigir para country_name=Estados Unidos, state_sigla e postal_code.",Estados Unidos,MA,Massachusetts,02571,"O valor está no formato Estado/território + CEP + USA, ou Estado/território + USA."
NC 27409 USA,2,LOCALIDADE_EUA_NAO_PAIS,"Não adicionar em paises.csv. Corrigir para country_name=Estados Unidos, state_sigla e postal_code.",Estados Unidos,NC,North Carolina,27409,"O valor está no formato Estado/território + CEP + USA, ou Estado/território + USA."
AL 35233 USA,2,LOCALIDADE_EUA_NAO_PAIS,"Não adicionar em paises.csv. Corrigir para country_name=Estados Unidos, state_sigla e postal_code.",Estados Unidos,AL,Alabama,35233,"O valor está no formato Estado/território + CEP + USA, ou Estado/território + USA."
AK 99775 USA,2,LOCALIDADE_EUA_NAO_PAIS,"Não adicionar em paises.csv. Corrigir para country_name=Estados Unidos, state_sigla e postal_code.",Estados Unidos,AK,Alaska,99775,"O valor está no formato Estado/território + CEP + USA, ou Estado/território + USA."
OH 44325 USA,2,LOCALIDADE_EUA_NAO_PAIS,"Não adicionar em paises.csv. Corrigir para country_name=Estados Unidos, state_sigla e postal_code.",Estados Unidos,OH,Ohio,44325,"O valor está no formato Estado/território + CEP + USA, ou Estado/território + USA."
VA 23437 USA,2,LOCALIDADE_EUA_NAO_PAIS,"Não adicionar em paises.csv. Corrigir para country_name=Estados Unidos, state_sigla e postal_code.",Estados Unidos,VA,Virginia,23437,"O valor está no formato Estado/território + CEP + USA, ou Estado/território + USA."
TX 76205 USA,2,LOCALIDADE_EUA_NAO_PAIS,"Não adicionar em paises.csv. Corrigir para country_name=Estados Unidos, state_sigla e postal_code.",Estados Unidos,TX,Texas,76205,"O valor está no formato Estado/território + CEP + USA, ou Estado/território + USA."
MD 21401 USA,2,LOCALIDADE_EUA_NAO_PAIS,"Não adicionar em paises.csv. Corrigir para country_name=Estados Unidos, state_sigla e postal_code.",Estados Unidos,MD,Maryland,21401,"O valor está no formato Estado/território + CEP + USA, ou Estado/território + USA."
TX 79106 USA,2,LOCALIDADE_EUA_NAO_PAIS,"Não adicionar em paises.csv. Corrigir para country_name=Estados Unidos, state_sigla e postal_code.",Estados Unidos,TX,Texas,79106,"O valor está no formato Estado/território + CEP + USA, ou Estado/território + USA."
CO 80526 USA,2,LOCALIDADE_EUA_NAO_PAIS,"Não adicionar em paises.csv. Corrigir para country_name=Estados Unidos, state_sigla e postal_code.",Estados Unidos,CO,Colorado,80526,"O valor está no formato Estado/território + CEP + USA, ou Estado/território + USA."
NY 10598 USA,2,LOCALIDADE_EUA_NAO_PAIS,"Não adicionar em paises.csv. Corrigir para country_name=Estados Unidos, state_sigla e postal_code.",Estados Unidos,NY,New York,10598,"O valor está no formato Estado/território + CEP + USA, ou Estado/território + USA."
TX 77030 USA,2,LOCALIDADE_EUA_NAO_PAIS,"Não adicionar em paises.csv. Corrigir para country_name=Estados Unidos, state_sigla e postal_code.",Estados Unidos,TX,Texas,77030,"O valor está no formato Estado/território + CEP + USA, ou Estado/território + USA."
CA 94158 USA,2,LOCALIDADE_EUA_NAO_PAIS,"Não adicionar em paises.csv. Corrigir para country_name=Estados Unidos, state_sigla e postal_code.",Estados Unidos,CA,California,94158,"O valor está no formato Estado/território + CEP + USA, ou Estado/território + USA."
TX 78758 USA,2,LOCALIDADE_EUA_NAO_PAIS,"Não adicionar em paises.csv. Corrigir para country_name=Estados Unidos, state_sigla e postal_code.",Estados Unidos,TX,Texas,78758,"O valor está no formato Estado/território + CEP + USA, ou Estado/território + USA."
CA 94304 USA,2,LOCALIDADE_EUA_NAO_PAIS,"Não adicionar em paises.csv. Corrigir para country_name=Estados Unidos, state_sigla e postal_code.",Estados Unidos,CA,California,94304,"O valor está no formato Estado/território + CEP + USA, ou Estado/território + USA."
SD 57042 USA,2,LOCALIDADE_EUA_NAO_PAIS,"Não adicionar em paises.csv. Corrigir para country_name=Estados Unidos, state_sigla e postal_code.",Estados Unidos,SD,South Dakota,57042,"O valor está no formato Estado/território + CEP + USA, ou Estado/território + USA."
TX 75799 USA,2,LOCALIDADE_EUA_NAO_PAIS,"Não adicionar em paises.csv. Corrigir para country_name=Estados Unidos, state_sigla e postal_code.",Estados Unidos,TX,Texas,75799,"O valor está no formato Estado/território + CEP + USA, ou Estado/território + USA."
NY 11973 USA,2,LOCALIDADE_EUA_NAO_PAIS,"Não adicionar em paises.csv. Corrigir para country_name=Estados Unidos, state_sigla e postal_code.",Estados Unidos,NY,New York,11973,"O valor está no formato Estado/território + CEP + USA, ou Estado/território + USA."
NY 14222 USA,2,LOCALIDADE_EUA_NAO_PAIS,"Não adicionar em paises.csv. Corrigir para country_name=Estados Unidos, state_sigla e postal_code.",Estados Unidos,NY,New York,14222,"O valor está no formato Estado/território + CEP + USA, ou Estado/território + USA."
NC 28401 USA,2,LOCALIDADE_EUA_NAO_PAIS,"Não adicionar em paises.csv. Corrigir para country_name=Estados Unidos, state_sigla e postal_code.",Estados Unidos,NC,North Carolina,28401,"O valor está no formato Estado/território + CEP + USA, ou Estado/território + USA."
FL 32351 USA,2,LOCALIDADE_EUA_NAO_PAIS,"Não adicionar em paises.csv. Corrigir para country_name=Estados Unidos, state_sigla e postal_code.",Estados Unidos,FL,Florida,32351,"O valor está no formato Estado/território + CEP + USA, ou Estado/território + USA."
VT 05301 USA,2,LOCALIDADE_EUA_NAO_PAIS,"Não adicionar em paises.csv. Corrigir para country_name=Estados Unidos, state_sigla e postal_code.",Estados Unidos,VT,Vermont,05301,"O valor está no formato Estado/território + CEP + USA, ou Estado/território + USA."
PA 19107 USA,2,LOCALIDADE_EUA_NAO_PAIS,"Não adicionar em paises.csv. Corrigir para country_name=Estados Unidos, state_sigla e postal_code.",Estados Unidos,PA,Pennsylvania,19107,"O valor está no formato Estado/território + CEP + USA, ou Estado/território + USA."
MD 20740 USA,2,LOCALIDADE_EUA_NAO_PAIS,"Não adicionar em paises.csv. Corrigir para country_name=Estados Unidos, state_sigla e postal_code.",Estados Unidos,MD,Maryland,20740,"O valor está no formato Estado/território + CEP + USA, ou Estado/território + USA."
NJ 08854 USA,2,LOCALIDADE_EUA_NAO_PAIS,"Não adicionar em paises.csv. Corrigir para country_name=Estados Unidos, state_sigla e postal_code.",Estados Unidos,NJ,New Jersey,08854,"O valor está no formato Estado/território + CEP + USA, ou Estado/território + USA."
FL 32307 USA,2,LOCALIDADE_EUA_NAO_PAIS,"Não adicionar em paises.csv. Corrigir para country_name=Estados Unidos, state_sigla e postal_code.",Estados Unidos,FL,Florida,32307,"O valor está no formato Estado/território + CEP + USA, ou Estado/território + USA."
MA 02142 USA,2,LOCALIDADE_EUA_NAO_PAIS,"Não adicionar em paises.csv. Corrigir para country_name=Estados Unidos, state_sigla e postal_code.",Estados Unidos,MA,Massachusetts,02142,"O valor está no formato Estado/território + CEP + USA, ou Estado/território + USA."
DC 20008 USA,2,LOCALIDADE_EUA_NAO_PAIS,"Não adicionar em paises.csv. Corrigir para country_name=Estados Unidos, state_sigla e postal_code.",Estados Unidos,DC,District of Columbia,20008,"O valor está no formato Estado/território + CEP + USA, ou Estado/território + USA."
FL 33146 USA,2,LOCALIDADE_EUA_NAO_PAIS,"Não adicionar em paises.csv. Corrigir para country_name=Estados Unidos, state_sigla e postal_code.",Estados Unidos,FL,Florida,33146,"O valor está no formato Estado/território + CEP + USA, ou Estado/território + USA."
MS 39470 USA,2,LOCALIDADE_EUA_NAO_PAIS,"Não adicionar em paises.csv. Corrigir para country_name=Estados Unidos, state_sigla e postal_code.",Estados Unidos,MS,Mississippi,39470,"O valor está no formato Estado/território + CEP + USA, ou Estado/território + USA."
CO 80045 USA,2,LOCALIDADE_EUA_NAO_PAIS,"Não adicionar em paises.csv. Corrigir para country_name=Estados Unidos, state_sigla e postal_code.",Estados Unidos,CO,Colorado,80045,"O valor está no formato Estado/território + CEP + USA, ou Estado/território + USA."
NH 03824 USA,2,LOCALIDADE_EUA_NAO_PAIS,"Não adicionar em paises.csv. Corrigir para country_name=Estados Unidos, state_sigla e postal_code.",Estados Unidos,NH,New Hampshire,03824,"O valor está no formato Estado/território + CEP + USA, ou Estado/território + USA."
GA 30308 USA,2,LOCALIDADE_EUA_NAO_PAIS,"Não adicionar em paises.csv. Corrigir para country_name=Estados Unidos, state_sigla e postal_code.",Estados Unidos,GA,Georgia,30308,"O valor está no formato Estado/território + CEP + USA, ou Estado/território + USA."
GA 31794 USA,2,LOCALIDADE_EUA_NAO_PAIS,"Não adicionar em paises.csv. Corrigir para country_name=Estados Unidos, state_sigla e postal_code.",Estados Unidos,GA,Georgia,31794,"O valor está no formato Estado/território + CEP + USA, ou Estado/território + USA."
AR 72704 USA,2,LOCALIDADE_EUA_NAO_PAIS,"Não adicionar em paises.csv. Corrigir para country_name=Estados Unidos, state_sigla e postal_code.",Estados Unidos,AR,Arkansas,72704,"O valor está no formato Estado/território + CEP + USA, ou Estado/território + USA."
PA 17822 USA,2,LOCALIDADE_EUA_NAO_PAIS,"Não adicionar em paises.csv. Corrigir para country_name=Estados Unidos, state_sigla e postal_code.",Estados Unidos,PA,Pennsylvania,17822,"O valor está no formato Estado/território + CEP + USA, ou Estado/território + USA."
NJ 07043 USA,2,LOCALIDADE_EUA_NAO_PAIS,"Não adicionar em paises.csv. Corrigir para country_name=Estados Unidos, state_sigla e postal_code.",Estados Unidos,NJ,New Jersey,07043,"O valor está no formato Estado/território + CEP + USA, ou Estado/território + USA."
IL 60637 USA,2,LOCALIDADE_EUA_NAO_PAIS,"Não adicionar em paises.csv. Corrigir para country_name=Estados Unidos, state_sigla e postal_code.",Estados Unidos,IL,Illinois,60637,"O valor está no formato Estado/território + CEP + USA, ou Estado/território + USA."
DC 20577 USA,2,LOCALIDADE_EUA_NAO_PAIS,"Não adicionar em paises.csv. Corrigir para country_name=Estados Unidos, state_sigla e postal_code.",Estados Unidos,DC,District of Columbia,20577,"O valor está no formato Estado/território + CEP + USA, ou Estado/território + USA."
MI 48063 USA,2,LOCALIDADE_EUA_NAO_PAIS,"Não adicionar em paises.csv. Corrigir para country_name=Estados Unidos, state_sigla e postal_code.",Estados Unidos,MI,Michigan,48063,"O valor está no formato Estado/território + CEP + USA, ou Estado/território + USA."
MA 01366 USA,1,LOCALIDADE_EUA_NAO_PAIS,"Não adicionar em paises.csv. Corrigir para country_name=Estados Unidos, state_sigla e postal_code.",Estados Unidos,MA,Massachusetts,01366,"O valor está no formato Estado/território + CEP + USA, ou Estado/território + USA."
MA 02135 USA,1,LOCALIDADE_EUA_NAO_PAIS,"Não adicionar em paises.csv. Corrigir para country_name=Estados Unidos, state_sigla e postal_code.",Estados Unidos,MA,Massachusetts,02135,"O valor está no formato Estado/território + CEP + USA, ou Estado/território + USA."
PA 17057 USA,1,LOCALIDADE_EUA_NAO_PAIS,"Não adicionar em paises.csv. Corrigir para country_name=Estados Unidos, state_sigla e postal_code.",Estados Unidos,PA,Pennsylvania,17057,"O valor está no formato Estado/território + CEP + USA, ou Estado/território + USA."
FL 32610 USA,1,LOCALIDADE_EUA_NAO_PAIS,"Não adicionar em paises.csv. Corrigir para country_name=Estados Unidos, state_sigla e postal_code.",Estados Unidos,FL,Florida,32610,"O valor está no formato Estado/território + CEP + USA, ou Estado/território + USA."
MN 55164,1,LOCALIDADE_EUA_NAO_PAIS,"Não adicionar em paises.csv. Corrigir para country_name=Estados Unidos, state_sigla e postal_code.",Estados Unidos,MN,Minnesota,55164,"O valor está no formato Estado/território + CEP + USA, ou Estado/território + USA."
OK 73036 USA,1,LOCALIDADE_EUA_NAO_PAIS,"Não adicionar em paises.csv. Corrigir para country_name=Estados Unidos, state_sigla e postal_code.",Estados Unidos,OK,Oklahoma,73036,"O valor está no formato Estado/território + CEP + USA, ou Estado/território + USA."
CA 92123 USA,1,LOCALIDADE_EUA_NAO_PAIS,"Não adicionar em paises.csv. Corrigir para country_name=Estados Unidos, state_sigla e postal_code.",Estados Unidos,CA,California,92123,"O valor está no formato Estado/território + CEP + USA, ou Estado/território + USA."
TN 37901 USA,1,LOCALIDADE_EUA_NAO_PAIS,"Não adicionar em paises.csv. Corrigir para country_name=Estados Unidos, state_sigla e postal_code.",Estados Unidos,TN,Tennessee,37901,"O valor está no formato Estado/território + CEP + USA, ou Estado/território + USA."
TX 77058 USA,1,LOCALIDADE_EUA_NAO_PAIS,"Não adicionar em paises.csv. Corrigir para country_name=Estados Unidos, state_sigla e postal_code.",Estados Unidos,TX,Texas,77058,"O valor está no formato Estado/território + CEP + USA, ou Estado/território + USA."
CT 06058 USA,1,LOCALIDADE_EUA_NAO_PAIS,"Não adicionar em paises.csv. Corrigir para country_name=Estados Unidos, state_sigla e postal_code.",Estados Unidos,CT,Connecticut,06058,"O valor está no formato Estado/território + CEP + USA, ou Estado/território + USA."
TX 75205 USA,1,LOCALIDADE_EUA_NAO_PAIS,"Não adicionar em paises.csv. Corrigir para country_name=Estados Unidos, state_sigla e postal_code.",Estados Unidos,TX,Texas,75205,"O valor está no formato Estado/território + CEP + USA, ou Estado/território + USA."
OH 44242 USA,1,LOCALIDADE_EUA_NAO_PAIS,"Não adicionar em paises.csv. Corrigir para country_name=Estados Unidos, state_sigla e postal_code.",Estados Unidos,OH,Ohio,44242,"O valor está no formato Estado/território + CEP + USA, ou Estado/território + USA."
CO 80217 USA,1,LOCALIDADE_EUA_NAO_PAIS,"Não adicionar em paises.csv. Corrigir para country_name=Estados Unidos, state_sigla e postal_code.",Estados Unidos,CO,Colorado,80217,"O valor está no formato Estado/território + CEP + USA, ou Estado/território + USA."
TX 79416 USA,1,LOCALIDADE_EUA_NAO_PAIS,"Não adicionar em paises.csv. Corrigir para country_name=Estados Unidos, state_sigla e postal_code.",Estados Unidos,TX,Texas,79416,"O valor está no formato Estado/território + CEP + USA, ou Estado/território + USA."
WA 98007 USA,1,LOCALIDADE_EUA_NAO_PAIS,"Não adicionar em paises.csv. Corrigir para country_name=Estados Unidos, state_sigla e postal_code.",Estados Unidos,WA,Washington,98007,"O valor está no formato Estado/território + CEP + USA, ou Estado/território + USA."
OR 97759 USA,1,LOCALIDADE_EUA_NAO_PAIS,"Não adicionar em paises.csv. Corrigir para country_name=Estados Unidos, state_sigla e postal_code.",Estados Unidos,OR,Oregon,97759,"O valor está no formato Estado/território + CEP + USA, ou Estado/território + USA."
MO 63460 USA,1,LOCALIDADE_EUA_NAO_PAIS,"Não adicionar em paises.csv. Corrigir para country_name=Estados Unidos, state_sigla e postal_code.",Estados Unidos,MO,Missouri,63460,"O valor está no formato Estado/território + CEP + USA, ou Estado/território + USA."
MS 39180 USA,1,LOCALIDADE_EUA_NAO_PAIS,"Não adicionar em paises.csv. Corrigir para country_name=Estados Unidos, state_sigla e postal_code.",Estados Unidos,MS,Mississippi,39180,"O valor está no formato Estado/território + CEP + USA, ou Estado/território + USA."
FL 32605 USA,1,LOCALIDADE_EUA_NAO_PAIS,"Não adicionar em paises.csv. Corrigir para country_name=Estados Unidos, state_sigla e postal_code.",Estados Unidos,FL,Florida,32605,"O valor está no formato Estado/território + CEP + USA, ou Estado/território + USA."
KY 42071 USA,1,LOCALIDADE_EUA_NAO_PAIS,"Não adicionar em paises.csv. Corrigir para country_name=Estados Unidos, state_sigla e postal_code.",Estados Unidos,KY,Kentucky,42071,"O valor está no formato Estado/território + CEP + USA, ou Estado/território + USA."
MO 64093 USA,1,LOCALIDADE_EUA_NAO_PAIS,"Não adicionar em paises.csv. Corrigir para country_name=Estados Unidos, state_sigla e postal_code.",Estados Unidos,MO,Missouri,64093,"O valor está no formato Estado/território + CEP + USA, ou Estado/território + USA."
SD 57703 USA,1,LOCALIDADE_EUA_NAO_PAIS,"Não adicionar em paises.csv. Corrigir para country_name=Estados Unidos, state_sigla e postal_code.",Estados Unidos,SD,South Dakota,57703,"O valor está no formato Estado/território + CEP + USA, ou Estado/território + USA."
WA 99004 USA,1,LOCALIDADE_EUA_NAO_PAIS,"Não adicionar em paises.csv. Corrigir para country_name=Estados Unidos, state_sigla e postal_code.",Estados Unidos,WA,Washington,99004,"O valor está no formato Estado/território + CEP + USA, ou Estado/território + USA."
CA 94307 USA,1,LOCALIDADE_EUA_NAO_PAIS,"Não adicionar em paises.csv. Corrigir para country_name=Estados Unidos, state_sigla e postal_code.",Estados Unidos,CA,California,94307,"O valor está no formato Estado/território + CEP + USA, ou Estado/território + USA."
NC 27514 USA,1,LOCALIDADE_EUA_NAO_PAIS,"Não adicionar em paises.csv. Corrigir para country_name=Estados Unidos, state_sigla e postal_code.",Estados Unidos,NC,North Carolina,27514,"O valor está no formato Estado/território + CEP + USA, ou Estado/território + USA."
NY 13346 USA,1,LOCALIDADE_EUA_NAO_PAIS,"Não adicionar em paises.csv. Corrigir para country_name=Estados Unidos, state_sigla e postal_code.",Estados Unidos,NY,New York,13346,"O valor está no formato Estado/território + CEP + USA, ou Estado/território + USA."
TX 22203 USA,1,LOCALIDADE_EUA_NAO_PAIS,"Não adicionar em paises.csv. Corrigir para country_name=Estados Unidos, state_sigla e postal_code.",Estados Unidos,TX,Texas,22203,"O valor está no formato Estado/território + CEP + USA, ou Estado/território + USA."
CA 91711 USA,1,LOCALIDADE_EUA_NAO_PAIS,"Não adicionar em paises.csv. Corrigir para country_name=Estados Unidos, state_sigla e postal_code.",Estados Unidos,CA,California,91711,"O valor está no formato Estado/território + CEP + USA, ou Estado/território + USA."
FL 32607 USA,1,LOCALIDADE_EUA_NAO_PAIS,"Não adicionar em paises.csv. Corrigir para country_name=Estados Unidos, state_sigla e postal_code.",Estados Unidos,FL,Florida,32607,"O valor está no formato Estado/território + CEP + USA, ou Estado/território + USA."
WA 98101 USA,1,LOCALIDADE_EUA_NAO_PAIS,"Não adicionar em paises.csv. Corrigir para country_name=Estados Unidos, state_sigla e postal_code.",Estados Unidos,WA,Washington,98101,"O valor está no formato Estado/território + CEP + USA, ou Estado/território + USA."
CA 93710 USA,1,LOCALIDADE_EUA_NAO_PAIS,"Não adicionar em paises.csv. Corrigir para country_name=Estados Unidos, state_sigla e postal_code.",Estados Unidos,CA,California,93710,"O valor está no formato Estado/território + CEP + USA, ou Estado/território + USA."
NH 03102 USA,1,LOCALIDADE_EUA_NAO_PAIS,"Não adicionar em paises.csv. Corrigir para country_name=Estados Unidos, state_sigla e postal_code.",Estados Unidos,NH,New Hampshire,03102,"O valor está no formato Estado/território + CEP + USA, ou Estado/território + USA."
PA 17307 USA,1,LOCALIDADE_EUA_NAO_PAIS,"Não adicionar em paises.csv. Corrigir para country_name=Estados Unidos, state_sigla e postal_code.",Estados Unidos,PA,Pennsylvania,17307,"O valor está no formato Estado/território + CEP + USA, ou Estado/território + USA."
CA 94085 USA,1,LOCALIDADE_EUA_NAO_PAIS,"Não adicionar em paises.csv. Corrigir para country_name=Estados Unidos, state_sigla e postal_code.",Estados Unidos,CA,California,94085,"O valor está no formato Estado/território + CEP + USA, ou Estado/território + USA."
TX 76092 USA,1,LOCALIDADE_EUA_NAO_PAIS,"Não adicionar em paises.csv. Corrigir para country_name=Estados Unidos, state_sigla e postal_code.",Estados Unidos,TX,Texas,76092,"O valor está no formato Estado/território + CEP + USA, ou Estado/território + USA."
AL 36830 USA,1,LOCALIDADE_EUA_NAO_PAIS,"Não adicionar em paises.csv. Corrigir para country_name=Estados Unidos, state_sigla e postal_code.",Estados Unidos,AL,Alabama,36830,"O valor está no formato Estado/território + CEP + USA, ou Estado/território + USA."
NY 10044 USA,1,LOCALIDADE_EUA_NAO_PAIS,"Não adicionar em paises.csv. Corrigir para country_name=Estados Unidos, state_sigla e postal_code.",Estados Unidos,NY,New York,10044,"O valor está no formato Estado/território + CEP + USA, ou Estado/território + USA."
UT 84738 USA,1,LOCALIDADE_EUA_NAO_PAIS,"Não adicionar em paises.csv. Corrigir para country_name=Estados Unidos, state_sigla e postal_code.",Estados Unidos,UT,Utah,84738,"O valor está no formato Estado/território + CEP + USA, ou Estado/território + USA."
MO 63167 USA,1,LOCALIDADE_EUA_NAO_PAIS,"Não adicionar em paises.csv. Corrigir para country_name=Estados Unidos, state_sigla e postal_code.",Estados Unidos,MO,Missouri,63167,"O valor está no formato Estado/território + CEP + USA, ou Estado/território + USA."
IL 60077 USA,1,LOCALIDADE_EUA_NAO_PAIS,"Não adicionar em paises.csv. Corrigir para country_name=Estados Unidos, state_sigla e postal_code.",Estados Unidos,IL,Illinois,60077,"O valor está no formato Estado/território + CEP + USA, ou Estado/território + USA."
MI 49007 USA,1,LOCALIDADE_EUA_NAO_PAIS,"Não adicionar em paises.csv. Corrigir para country_name=Estados Unidos, state_sigla e postal_code.",Estados Unidos,MI,Michigan,49007,"O valor está no formato Estado/território + CEP + USA, ou Estado/território + USA."
NJ 08028 USA,1,LOCALIDADE_EUA_NAO_PAIS,"Não adicionar em paises.csv. Corrigir para country_name=Estados Unidos, state_sigla e postal_code.",Estados Unidos,NJ,New Jersey,08028,"O valor está no formato Estado/território + CEP + USA, ou Estado/território + USA."
NY 12504 USA,1,LOCALIDADE_EUA_NAO_PAIS,"Não adicionar em paises.csv. Corrigir para country_name=Estados Unidos, state_sigla e postal_code.",Estados Unidos,NY,New York,12504,"O valor está no formato Estado/território + CEP + USA, ou Estado/território + USA."
NC 20004 USA,1,LOCALIDADE_EUA_NAO_PAIS,"Não adicionar em paises.csv. Corrigir para country_name=Estados Unidos, state_sigla e postal_code.",Estados Unidos,NC,North Carolina,20004,"O valor está no formato Estado/território + CEP + USA, ou Estado/território + USA."
CA 95401 USA,1,LOCALIDADE_EUA_NAO_PAIS,"Não adicionar em paises.csv. Corrigir para country_name=Estados Unidos, state_sigla e postal_code.",Estados Unidos,CA,California,95401,"O valor está no formato Estado/território + CEP + USA, ou Estado/território + USA."
FL 33172 USA,1,LOCALIDADE_EUA_NAO_PAIS,"Não adicionar em paises.csv. Corrigir para country_name=Estados Unidos, state_sigla e postal_code.",Estados Unidos,FL,Florida,33172,"O valor está no formato Estado/território + CEP + USA, ou Estado/território + USA."
NY 13126 USA,1,LOCALIDADE_EUA_NAO_PAIS,"Não adicionar em paises.csv. Corrigir para country_name=Estados Unidos, state_sigla e postal_code.",Estados Unidos,NY,New York,13126,"O valor está no formato Estado/território + CEP + USA, ou Estado/território + USA."
PR 00927 USA,1,LOCALIDADE_EUA_NAO_PAIS,"Não adicionar em paises.csv. Corrigir para country_name=Estados Unidos, state_sigla e postal_code.",Estados Unidos,PR,Puerto Rico,00927,"O valor está no formato Estado/território + CEP + USA, ou Estado/território + USA."
PR 00936 USA,1,LOCALIDADE_EUA_NAO_PAIS,"Não adicionar em paises.csv. Corrigir para country_name=Estados Unidos, state_sigla e postal_code.",Estados Unidos,PR,Puerto Rico,00936,"O valor está no formato Estado/território + CEP + USA, ou Estado/território + USA."
IL 60616 USA,1,LOCALIDADE_EUA_NAO_PAIS,"Não adicionar em paises.csv. Corrigir para country_name=Estados Unidos, state_sigla e postal_code.",Estados Unidos,IL,Illinois,60616,"O valor está no formato Estado/território + CEP + USA, ou Estado/território + USA."
KY 40505 USA,1,LOCALIDADE_EUA_NAO_PAIS,"Não adicionar em paises.csv. Corrigir para country_name=Estados Unidos, state_sigla e postal_code.",Estados Unidos,KY,Kentucky,40505,"O valor está no formato Estado/território + CEP + USA, ou Estado/território + USA."
KY 40503 USA,1,LOCALIDADE_EUA_NAO_PAIS,"Não adicionar em paises.csv. Corrigir para country_name=Estados Unidos, state_sigla e postal_code.",Estados Unidos,KY,Kentucky,40503,"O valor está no formato Estado/território + CEP + USA, ou Estado/território + USA."
NM 87544 USA,1,LOCALIDADE_EUA_NAO_PAIS,"Não adicionar em paises.csv. Corrigir para country_name=Estados Unidos, state_sigla e postal_code.",Estados Unidos,NM,New Mexico,87544,"O valor está no formato Estado/território + CEP + USA, ou Estado/território + USA."
FL 32565 USA,1,LOCALIDADE_EUA_NAO_PAIS,"Não adicionar em paises.csv. Corrigir para country_name=Estados Unidos, state_sigla e postal_code.",Estados Unidos,FL,Florida,32565,"O valor está no formato Estado/território + CEP + USA, ou Estado/território + USA."
TX 78209 USA,1,LOCALIDADE_EUA_NAO_PAIS,"Não adicionar em paises.csv. Corrigir para country_name=Estados Unidos, state_sigla e postal_code.",Estados Unidos,TX,Texas,78209,"O valor está no formato Estado/território + CEP + USA, ou Estado/território + USA."
GA 20250 USA,1,LOCALIDADE_EUA_NAO_PAIS,"Não adicionar em paises.csv. Corrigir para country_name=Estados Unidos, state_sigla e postal_code.",Estados Unidos,GA,Georgia,20250,"O valor está no formato Estado/território + CEP + USA, ou Estado/território + USA."
OK 73072 USA,1,LOCALIDADE_EUA_NAO_PAIS,"Não adicionar em paises.csv. Corrigir para country_name=Estados Unidos, state_sigla e postal_code.",Estados Unidos,OK,Oklahoma,73072,"O valor está no formato Estado/território + CEP + USA, ou Estado/território + USA."
NY 10964 USA,1,LOCALIDADE_EUA_NAO_PAIS,"Não adicionar em paises.csv. Corrigir para country_name=Estados Unidos, state_sigla e postal_code.",Estados Unidos,NY,New York,10964,"O valor está no formato Estado/território + CEP + USA, ou Estado/território + USA."
OK 74104 USA,1,LOCALIDADE_EUA_NAO_PAIS,"Não adicionar em paises.csv. Corrigir para country_name=Estados Unidos, state_sigla e postal_code.",Estados Unidos,OK,Oklahoma,74104,"O valor está no formato Estado/território + CEP + USA, ou Estado/território + USA."
IN 47201 USA,1,LOCALIDADE_EUA_NAO_PAIS,"Não adicionar em paises.csv. Corrigir para country_name=Estados Unidos, state_sigla e postal_code.",Estados Unidos,IN,Indiana,47201,"O valor está no formato Estado/território + CEP + USA, ou Estado/território + USA."
CA 94043 USA,1,LOCALIDADE_EUA_NAO_PAIS,"Não adicionar em paises.csv. Corrigir para country_name=Estados Unidos, state_sigla e postal_code.",Estados Unidos,CA,California,94043,"O valor está no formato Estado/território + CEP + USA, ou Estado/território + USA."
IL 60614,1,LOCALIDADE_EUA_NAO_PAIS,"Não adicionar em paises.csv. Corrigir para country_name=Estados Unidos, state_sigla e postal_code.",Estados Unidos,IL,Illinois,60614,"O valor está no formato Estado/território + CEP + USA, ou Estado/território + USA."
IL 62526 USA,1,LOCALIDADE_EUA_NAO_PAIS,"Não adicionar em paises.csv. Corrigir para country_name=Estados Unidos, state_sigla e postal_code.",Estados Unidos,IL,Illinois,62526,"O valor está no formato Estado/território + CEP + USA, ou Estado/território + USA."
KS 67260 USA,1,LOCALIDADE_EUA_NAO_PAIS,"Não adicionar em paises.csv. Corrigir para country_name=Estados Unidos, state_sigla e postal_code.",Estados Unidos,KS,Kansas,67260,"O valor está no formato Estado/território + CEP + USA, ou Estado/território + USA."
CA 94089 USA,1,LOCALIDADE_EUA_NAO_PAIS,"Não adicionar em paises.csv. Corrigir para country_name=Estados Unidos, state_sigla e postal_code.",Estados Unidos,CA,California,94089,"O valor está no formato Estado/território + CEP + USA, ou Estado/território + USA."
FL 33701 USA,1,LOCALIDADE_EUA_NAO_PAIS,"Não adicionar em paises.csv. Corrigir para country_name=Estados Unidos, state_sigla e postal_code.",Estados Unidos,FL,Florida,33701,"O valor está no formato Estado/território + CEP + USA, ou Estado/território + USA."
AR 72204 USA,1,LOCALIDADE_EUA_NAO_PAIS,"Não adicionar em paises.csv. Corrigir para country_name=Estados Unidos, state_sigla e postal_code.",Estados Unidos,AR,Arkansas,72204,"O valor está no formato Estado/território + CEP + USA, ou Estado/território + USA."
VA 23455 USA,1,LOCALIDADE_EUA_NAO_PAIS,"Não adicionar em paises.csv. Corrigir para country_name=Estados Unidos, state_sigla e postal_code.",Estados Unidos,VA,Virginia,23455,"O valor está no formato Estado/território + CEP + USA, ou Estado/território + USA."
MA 01887 USA,1,LOCALIDADE_EUA_NAO_PAIS,"Não adicionar em paises.csv. Corrigir para country_name=Estados Unidos, state_sigla e postal_code.",Estados Unidos,MA,Massachusetts,01887,"O valor está no formato Estado/território + CEP + USA, ou Estado/território + USA."
NC 27312 USA,1,LOCALIDADE_EUA_NAO_PAIS,"Não adicionar em paises.csv. Corrigir para country_name=Estados Unidos, state_sigla e postal_code.",Estados Unidos,NC,North Carolina,27312,"O valor está no formato Estado/território + CEP + USA, ou Estado/território + USA."
MD 21202 USA,1,LOCALIDADE_EUA_NAO_PAIS,"Não adicionar em paises.csv. Corrigir para country_name=Estados Unidos, state_sigla e postal_code.",Estados Unidos,MD,Maryland,21202,"O valor está no formato Estado/território + CEP + USA, ou Estado/território + USA."
MD 21701,1,LOCALIDADE_EUA_NAO_PAIS,"Não adicionar em paises.csv. Corrigir para country_name=Estados Unidos, state_sigla e postal_code.",Estados Unidos,MD,Maryland,21701,"O valor está no formato Estado/território + CEP + USA, ou Estado/território + USA."
RI 02912 USA,1,LOCALIDADE_EUA_NAO_PAIS,"Não adicionar em paises.csv. Corrigir para country_name=Estados Unidos, state_sigla e postal_code.",Estados Unidos,RI,Rhode Island,02912,"O valor está no formato Estado/território + CEP + USA, ou Estado/território + USA."
UT 84403 USA,1,LOCALIDADE_EUA_NAO_PAIS,"Não adicionar em paises.csv. Corrigir para country_name=Estados Unidos, state_sigla e postal_code.",Estados Unidos,UT,Utah,84403,"O valor está no formato Estado/território + CEP + USA, ou Estado/território + USA."
IL 61920 USA,1,LOCALIDADE_EUA_NAO_PAIS,"Não adicionar em paises.csv. Corrigir para country_name=Estados Unidos, state_sigla e postal_code.",Estados Unidos,IL,Illinois,61920,"O valor está no formato Estado/território + CEP + USA, ou Estado/território + USA."
OH 45213 USA,1,LOCALIDADE_EUA_NAO_PAIS,"Não adicionar em paises.csv. Corrigir para country_name=Estados Unidos, state_sigla e postal_code.",Estados Unidos,OH,Ohio,45213,"O valor está no formato Estado/território + CEP + USA, ou Estado/território + USA."
WV 26505 USA,1,LOCALIDADE_EUA_NAO_PAIS,"Não adicionar em paises.csv. Corrigir para country_name=Estados Unidos, state_sigla e postal_code.",Estados Unidos,WV,West Virginia,26505,"O valor está no formato Estado/território + CEP + USA, ou Estado/território + USA."
AK 99508 USA,1,LOCALIDADE_EUA_NAO_PAIS,"Não adicionar em paises.csv. Corrigir para country_name=Estados Unidos, state_sigla e postal_code.",Estados Unidos,AK,Alaska,99508,"O valor está no formato Estado/território + CEP + USA, ou Estado/território + USA."
OH 45226 USA,1,LOCALIDADE_EUA_NAO_PAIS,"Não adicionar em paises.csv. Corrigir para country_name=Estados Unidos, state_sigla e postal_code.",Estados Unidos,OH,Ohio,45226,"O valor está no formato Estado/território + CEP + USA, ou Estado/território + USA."
OR 97330 USA,1,LOCALIDADE_EUA_NAO_PAIS,"Não adicionar em paises.csv. Corrigir para country_name=Estados Unidos, state_sigla e postal_code.",Estados Unidos,OR,Oregon,97330,"O valor está no formato Estado/território + CEP + USA, ou Estado/território + USA."
GA 30118 USA,1,LOCALIDADE_EUA_NAO_PAIS,"Não adicionar em paises.csv. Corrigir para country_name=Estados Unidos, state_sigla e postal_code.",Estados Unidos,GA,Georgia,30118,"O valor está no formato Estado/território + CEP + USA, ou Estado/território + USA."
NY 13502 USA,1,LOCALIDADE_EUA_NAO_PAIS,"Não adicionar em paises.csv. Corrigir para country_name=Estados Unidos, state_sigla e postal_code.",Estados Unidos,NY,New York,13502,"O valor está no formato Estado/território + CEP + USA, ou Estado/território + USA."
VA 22630 USA,1,LOCALIDADE_EUA_NAO_PAIS,"Não adicionar em paises.csv. Corrigir para country_name=Estados Unidos, state_sigla e postal_code.",Estados Unidos,VA,Virginia,22630,"O valor está no formato Estado/território + CEP + USA, ou Estado/território + USA."
WI 53226 USA,1,LOCALIDADE_EUA_NAO_PAIS,"Não adicionar em paises.csv. Corrigir para country_name=Estados Unidos, state_sigla e postal_code.",Estados Unidos,WI,Wisconsin,53226,"O valor está no formato Estado/território + CEP + USA, ou Estado/território + USA."
KS 66103 USA,1,LOCALIDADE_EUA_NAO_PAIS,"Não adicionar em paises.csv. Corrigir para country_name=Estados Unidos, state_sigla e postal_code.",Estados Unidos,KS,Kansas,66103,"O valor está no formato Estado/território + CEP + USA, ou Estado/território + USA."
PA 15317 USA,1,LOCALIDADE_EUA_NAO_PAIS,"Não adicionar em paises.csv. Corrigir para country_name=Estados Unidos, state_sigla e postal_code.",Estados Unidos,PA,Pennsylvania,15317,"O valor está no formato Estado/território + CEP + USA, ou Estado/território + USA."
KS 66502 USA,1,LOCALIDADE_EUA_NAO_PAIS,"Não adicionar em paises.csv. Corrigir para country_name=Estados Unidos, state_sigla e postal_code.",Estados Unidos,KS,Kansas,66502,"O valor está no formato Estado/território + CEP + USA, ou Estado/território + USA."
TX 75093 USA,1,LOCALIDADE_EUA_NAO_PAIS,"Não adicionar em paises.csv. Corrigir para country_name=Estados Unidos, state_sigla e postal_code.",Estados Unidos,TX,Texas,75093,"O valor está no formato Estado/território + CEP + USA, ou Estado/território + USA."
ND 58421 USA,1,LOCALIDADE_EUA_NAO_PAIS,"Não adicionar em paises.csv. Corrigir para country_name=Estados Unidos, state_sigla e postal_code.",Estados Unidos,ND,North Dakota,58421,"O valor está no formato Estado/território + CEP + USA, ou Estado/território + USA."
CO 80522 USA,1,LOCALIDADE_EUA_NAO_PAIS,"Não adicionar em paises.csv. Corrigir para country_name=Estados Unidos, state_sigla e postal_code.",Estados Unidos,CO,Colorado,80522,"O valor está no formato Estado/território + CEP + USA, ou Estado/território + USA."
CA 92373 USA,1,LOCALIDADE_EUA_NAO_PAIS,"Não adicionar em paises.csv. Corrigir para country_name=Estados Unidos, state_sigla e postal_code.",Estados Unidos,CA,California,92373,"O valor está no formato Estado/território + CEP + USA, ou Estado/território + USA."
CA 92108 USA,1,LOCALIDADE_EUA_NAO_PAIS,"Não adicionar em paises.csv. Corrigir para country_name=Estados Unidos, state_sigla e postal_code.",Estados Unidos,CA,California,92108,"O valor está no formato Estado/território + CEP + USA, ou Estado/território + USA."
CO 80026 USA,1,LOCALIDADE_EUA_NAO_PAIS,"Não adicionar em paises.csv. Corrigir para country_name=Estados Unidos, state_sigla e postal_code.",Estados Unidos,CO,Colorado,80026,"O valor está no formato Estado/território + CEP + USA, ou Estado/território + USA."
FL 34243 USA,1,LOCALIDADE_EUA_NAO_PAIS,"Não adicionar em paises.csv. Corrigir para country_name=Estados Unidos, state_sigla e postal_code.",Estados Unidos,FL,Florida,34243,"O valor está no formato Estado/território + CEP + USA, ou Estado/território + USA."
MA 02766 USA,1,LOCALIDADE_EUA_NAO_PAIS,"Não adicionar em paises.csv. Corrigir para country_name=Estados Unidos, state_sigla e postal_code.",Estados Unidos,MA,Massachusetts,02766,"O valor está no formato Estado/território + CEP + USA, ou Estado/território + USA."
DC 20057 USA,1,LOCALIDADE_EUA_NAO_PAIS,"Não adicionar em paises.csv. Corrigir para country_name=Estados Unidos, state_sigla e postal_code.",Estados Unidos,DC,District of Columbia,20057,"O valor está no formato Estado/território + CEP + USA, ou Estado/território + USA."
DC 20010 USA,1,LOCALIDADE_EUA_NAO_PAIS,"Não adicionar em paises.csv. Corrigir para country_name=Estados Unidos, state_sigla e postal_code.",Estados Unidos,DC,District of Columbia,20010,"O valor está no formato Estado/território + CEP + USA, ou Estado/território + USA."
NE 69101 USA,1,LOCALIDADE_EUA_NAO_PAIS,"Não adicionar em paises.csv. Corrigir para country_name=Estados Unidos, state_sigla e postal_code.",Estados Unidos,NE,Nebraska,69101,"O valor está no formato Estado/território + CEP + USA, ou Estado/território + USA."
TX 79403 USA,1,LOCALIDADE_EUA_NAO_PAIS,"Não adicionar em paises.csv. Corrigir para country_name=Estados Unidos, state_sigla e postal_code.",Estados Unidos,TX,Texas,79403,"O valor está no formato Estado/território + CEP + USA, ou Estado/território + USA."
NE 69361 USA,1,LOCALIDADE_EUA_NAO_PAIS,"Não adicionar em paises.csv. Corrigir para country_name=Estados Unidos, state_sigla e postal_code.",Estados Unidos,NE,Nebraska,69361,"O valor está no formato Estado/território + CEP + USA, ou Estado/território + USA."
CA 94559 USA,1,LOCALIDADE_EUA_NAO_PAIS,"Não adicionar em paises.csv. Corrigir para country_name=Estados Unidos, state_sigla e postal_code.",Estados Unidos,CA,California,94559,"O valor está no formato Estado/território + CEP + USA, ou Estado/território + USA."
CA 94110 USA,1,LOCALIDADE_EUA_NAO_PAIS,"Não adicionar em paises.csv. Corrigir para country_name=Estados Unidos, state_sigla e postal_code.",Estados Unidos,CA,California,94110,"O valor está no formato Estado/território + CEP + USA, ou Estado/território + USA."
CA 93307 USA,1,LOCALIDADE_EUA_NAO_PAIS,"Não adicionar em paises.csv. Corrigir para country_name=Estados Unidos, state_sigla e postal_code.",Estados Unidos,CA,California,93307,"O valor está no formato Estado/território + CEP + USA, ou Estado/território + USA."
CA 95929 USA,1,LOCALIDADE_EUA_NAO_PAIS,"Não adicionar em paises.csv. Corrigir para country_name=Estados Unidos, state_sigla e postal_code.",Estados Unidos,CA,California,95929,"O valor está no formato Estado/território + CEP + USA, ou Estado/território + USA."
IL 60527 USA,1,LOCALIDADE_EUA_NAO_PAIS,"Não adicionar em paises.csv. Corrigir para country_name=Estados Unidos, state_sigla e postal_code.",Estados Unidos,IL,Illinois,60527,"O valor está no formato Estado/território + CEP + USA, ou Estado/território + USA."
NC 28081 USA,1,LOCALIDADE_EUA_NAO_PAIS,"Não adicionar em paises.csv. Corrigir para country_name=Estados Unidos, state_sigla e postal_code.",Estados Unidos,NC,North Carolina,28081,"O valor está no formato Estado/território + CEP + USA, ou Estado/território + USA."
PA 18503 USA,1,LOCALIDADE_EUA_NAO_PAIS,"Não adicionar em paises.csv. Corrigir para country_name=Estados Unidos, state_sigla e postal_code.",Estados Unidos,PA,Pennsylvania,18503,"O valor está no formato Estado/território + CEP + USA, ou Estado/território + USA."
PA 18510 USA,1,LOCALIDADE_EUA_NAO_PAIS,"Não adicionar em paises.csv. Corrigir para country_name=Estados Unidos, state_sigla e postal_code.",Estados Unidos,PA,Pennsylvania,18510,"O valor está no formato Estado/território + CEP + USA, ou Estado/território + USA."
MS 39567 USA,1,LOCALIDADE_EUA_NAO_PAIS,"Não adicionar em paises.csv. Corrigir para country_name=Estados Unidos, state_sigla e postal_code.",Estados Unidos,MS,Mississippi,39567,"O valor está no formato Estado/território + CEP + USA, ou Estado/território + USA."
TX 76549 USA,1,LOCALIDADE_EUA_NAO_PAIS,"Não adicionar em paises.csv. Corrigir para country_name=Estados Unidos, state_sigla e postal_code.",Estados Unidos,TX,Texas,76549,"O valor está no formato Estado/território + CEP + USA, ou Estado/território + USA."
CA 94568 USA,1,LOCALIDADE_EUA_NAO_PAIS,"Não adicionar em paises.csv. Corrigir para country_name=Estados Unidos, state_sigla e postal_code.",Estados Unidos,CA,California,94568,"O valor está no formato Estado/território + CEP + USA, ou Estado/território + USA."
SC 29670 USA,1,LOCALIDADE_EUA_NAO_PAIS,"Não adicionar em paises.csv. Corrigir para country_name=Estados Unidos, state_sigla e postal_code.",Estados Unidos,SC,South Carolina,29670,"O valor está no formato Estado/território + CEP + USA, ou Estado/território + USA."
FL 33913 USA,1,LOCALIDADE_EUA_NAO_PAIS,"Não adicionar em paises.csv. Corrigir para country_name=Estados Unidos, state_sigla e postal_code.",Estados Unidos,FL,Florida,33913,"O valor está no formato Estado/território + CEP + USA, ou Estado/território + USA."
MA 02481 USA,1,LOCALIDADE_EUA_NAO_PAIS,"Não adicionar em paises.csv. Corrigir para country_name=Estados Unidos, state_sigla e postal_code.",Estados Unidos,MA,Massachusetts,02481,"O valor está no formato Estado/território + CEP + USA, ou Estado/território + USA."
CA 93311 USA,1,LOCALIDADE_EUA_NAO_PAIS,"Não adicionar em paises.csv. Corrigir para country_name=Estados Unidos, state_sigla e postal_code.",Estados Unidos,CA,California,93311,"O valor está no formato Estado/território + CEP + USA, ou Estado/território + USA."
FL 34946 USA,1,LOCALIDADE_EUA_NAO_PAIS,"Não adicionar em paises.csv. Corrigir para country_name=Estados Unidos, state_sigla e postal_code.",Estados Unidos,FL,Florida,34946,"O valor está no formato Estado/território + CEP + USA, ou Estado/território + USA."
AR 72205 USA,1,LOCALIDADE_EUA_NAO_PAIS,"Não adicionar em paises.csv. Corrigir para country_name=Estados Unidos, state_sigla e postal_code.",Estados Unidos,AR,Arkansas,72205,"O valor está no formato Estado/território + CEP + USA, ou Estado/território + USA."
MT 59501 USA,1,LOCALIDADE_EUA_NAO_PAIS,"Não adicionar em paises.csv. Corrigir para country_name=Estados Unidos, state_sigla e postal_code.",Estados Unidos,MT,Montana,59501,"O valor está no formato Estado/território + CEP + USA, ou Estado/território + USA."
MT 59462 USA,1,LOCALIDADE_EUA_NAO_PAIS,"Não adicionar em paises.csv. Corrigir para country_name=Estados Unidos, state_sigla e postal_code.",Estados Unidos,MT,Montana,59462,"O valor está no formato Estado/território + CEP + USA, ou Estado/território + USA."
MT 59901 USA,1,LOCALIDADE_EUA_NAO_PAIS,"Não adicionar em paises.csv. Corrigir para country_name=Estados Unidos, state_sigla e postal_code.",Estados Unidos,MT,Montana,59901,"O valor está no formato Estado/território + CEP + USA, ou Estado/território + USA."
MT 59425 USA,1,LOCALIDADE_EUA_NAO_PAIS,"Não adicionar em paises.csv. Corrigir para country_name=Estados Unidos, state_sigla e postal_code.",Estados Unidos,MT,Montana,59425,"O valor está no formato Estado/território + CEP + USA, ou Estado/território + USA."
MT 59270 USA,1,LOCALIDADE_EUA_NAO_PAIS,"Não adicionar em paises.csv. Corrigir para country_name=Estados Unidos, state_sigla e postal_code.",Estados Unidos,MT,Montana,59270,"O valor está no formato Estado/território + CEP + USA, ou Estado/território + USA."
OR 97603 USA,1,LOCALIDADE_EUA_NAO_PAIS,"Não adicionar em paises.csv. Corrigir para country_name=Estados Unidos, state_sigla e postal_code.",Estados Unidos,OR,Oregon,97603,"O valor está no formato Estado/território + CEP + USA, ou Estado/território + USA."
NC 27420 USA,1,LOCALIDADE_EUA_NAO_PAIS,"Não adicionar em paises.csv. Corrigir para country_name=Estados Unidos, state_sigla e postal_code.",Estados Unidos,NC,North Carolina,27420,"O valor está no formato Estado/território + CEP + USA, ou Estado/território + USA."
CO 80522,1,LOCALIDADE_EUA_NAO_PAIS,"Não adicionar em paises.csv. Corrigir para country_name=Estados Unidos, state_sigla e postal_code.",Estados Unidos,CO,Colorado,80522,"O valor está no formato Estado/território + CEP + USA, ou Estado/território + USA."
MO 64110 USA,1,LOCALIDADE_EUA_NAO_PAIS,"Não adicionar em paises.csv. Corrigir para country_name=Estados Unidos, state_sigla e postal_code.",Estados Unidos,MO,Missouri,64110,"O valor está no formato Estado/território + CEP + USA, ou Estado/território + USA."
CA 94952 USA,1,LOCALIDADE_EUA_NAO_PAIS,"Não adicionar em paises.csv. Corrigir para country_name=Estados Unidos, state_sigla e postal_code.",Estados Unidos,CA,California,94952,"O valor está no formato Estado/território + CEP + USA, ou Estado/território + USA."
WA 98105 USA,1,LOCALIDADE_EUA_NAO_PAIS,"Não adicionar em paises.csv. Corrigir para country_name=Estados Unidos, state_sigla e postal_code.",Estados Unidos,WA,Washington,98105,"O valor está no formato Estado/território + CEP + USA, ou Estado/território + USA."
CA 94704 USA,1,LOCALIDADE_EUA_NAO_PAIS,"Não adicionar em paises.csv. Corrigir para country_name=Estados Unidos, state_sigla e postal_code.",Estados Unidos,CA,California,94704,"O valor está no formato Estado/território + CEP + USA, ou Estado/território + USA."
IL 60510 USA,1,LOCALIDADE_EUA_NAO_PAIS,"Não adicionar em paises.csv. Corrigir para country_name=Estados Unidos, state_sigla e postal_code.",Estados Unidos,IL,Illinois,60510,"O valor está no formato Estado/território + CEP + USA, ou Estado/território + USA."
NY 10029 USA,1,LOCALIDADE_EUA_NAO_PAIS,"Não adicionar em paises.csv. Corrigir para country_name=Estados Unidos, state_sigla e postal_code.",Estados Unidos,NY,New York,10029,"O valor está no formato Estado/território + CEP + USA, ou Estado/território + USA."
OH 44460 USA,1,LOCALIDADE_EUA_NAO_PAIS,"Não adicionar em paises.csv. Corrigir para country_name=Estados Unidos, state_sigla e postal_code.",Estados Unidos,OH,Ohio,44460,"O valor está no formato Estado/território + CEP + USA, ou Estado/território + USA."
MI 49684 USA,1,LOCALIDADE_EUA_NAO_PAIS,"Não adicionar em paises.csv. Corrigir para country_name=Estados Unidos, state_sigla e postal_code.",Estados Unidos,MI,Michigan,49684,"O valor está no formato Estado/território + CEP + USA, ou Estado/território + USA."
WA 98004 USA,1,LOCALIDADE_EUA_NAO_PAIS,"Não adicionar em paises.csv. Corrigir para country_name=Estados Unidos, state_sigla e postal_code.",Estados Unidos,WA,Washington,98004,"O valor está no formato Estado/território + CEP + USA, ou Estado/território + USA."
NY 14456 USA,1,LOCALIDADE_EUA_NAO_PAIS,"Não adicionar em paises.csv. Corrigir para country_name=Estados Unidos, state_sigla e postal_code.",Estados Unidos,NY,New York,14456,"O valor está no formato Estado/território + CEP + USA, ou Estado/território + USA."
TX 79401 USA,1,LOCALIDADE_EUA_NAO_PAIS,"Não adicionar em paises.csv. Corrigir para country_name=Estados Unidos, state_sigla e postal_code.",Estados Unidos,TX,Texas,79401,"O valor está no formato Estado/território + CEP + USA, ou Estado/território + USA."
TX 79316 USA,1,LOCALIDADE_EUA_NAO_PAIS,"Não adicionar em paises.csv. Corrigir para country_name=Estados Unidos, state_sigla e postal_code.",Estados Unidos,TX,Texas,79316,"O valor está no formato Estado/território + CEP + USA, ou Estado/território + USA."
TX 79016 USA,1,LOCALIDADE_EUA_NAO_PAIS,"Não adicionar em paises.csv. Corrigir para country_name=Estados Unidos, state_sigla e postal_code.",Estados Unidos,TX,Texas,79016,"O valor está no formato Estado/território + CEP + USA, ou Estado/território + USA."
TX 79336 USA,1,LOCALIDADE_EUA_NAO_PAIS,"Não adicionar em paises.csv. Corrigir para country_name=Estados Unidos, state_sigla e postal_code.",Estados Unidos,TX,Texas,79336,"O valor está no formato Estado/território + CEP + USA, ou Estado/território + USA."
WA 02138 USA,1,LOCALIDADE_EUA_NAO_PAIS,"Não adicionar em paises.csv. Corrigir para country_name=Estados Unidos, state_sigla e postal_code.",Estados Unidos,WA,Washington,02138,"O valor está no formato Estado/território + CEP + USA, ou Estado/território + USA."
NY 29117 USA,1,LOCALIDADE_EUA_NAO_PAIS,"Não adicionar em paises.csv. Corrigir para country_name=Estados Unidos, state_sigla e postal_code.",Estados Unidos,NY,New York,29117,"O valor está no formato Estado/território + CEP + USA, ou Estado/território + USA."
TX 77005 USA,1,LOCALIDADE_EUA_NAO_PAIS,"Não adicionar em paises.csv. Corrigir para country_name=Estados Unidos, state_sigla e postal_code.",Estados Unidos,TX,Texas,77005,"O valor está no formato Estado/território + CEP + USA, ou Estado/território + USA."
TN 38111 USA,1,LOCALIDADE_EUA_NAO_PAIS,"Não adicionar em paises.csv. Corrigir para country_name=Estados Unidos, state_sigla e postal_code.",Estados Unidos,TN,Tennessee,38111,"O valor está no formato Estado/território + CEP + USA, ou Estado/território + USA."
DC 20433 USA,1,LOCALIDADE_EUA_NAO_PAIS,"Não adicionar em paises.csv. Corrigir para country_name=Estados Unidos, state_sigla e postal_code.",Estados Unidos,DC,District of Columbia,20433,"O valor está no formato Estado/território + CEP + USA, ou Estado/território + USA."
IL 61625 USA,1,LOCALIDADE_EUA_NAO_PAIS,"Não adicionar em paises.csv. Corrigir para country_name=Estados Unidos, state_sigla e postal_code.",Estados Unidos,IL,Illinois,61625,"O valor está no formato Estado/território + CEP + USA, ou Estado/território + USA."
MA 02199 USA,1,LOCALIDADE_EUA_NAO_PAIS,"Não adicionar em paises.csv. Corrigir para country_name=Estados Unidos, state_sigla e postal_code.",Estados Unidos,MA,Massachusetts,02199,"O valor está no formato Estado/território + CEP + USA, ou Estado/território + USA."
IN 46204 USA,1,LOCALIDADE_EUA_NAO_PAIS,"Não adicionar em paises.csv. Corrigir para country_name=Estados Unidos, state_sigla e postal_code.",Estados Unidos,IN,Indiana,46204,"O valor está no formato Estado/território + CEP + USA, ou Estado/território + USA."
MN 55905 USA,1,LOCALIDADE_EUA_NAO_PAIS,"Não adicionar em paises.csv. Corrigir para country_name=Estados Unidos, state_sigla e postal_code.",Estados Unidos,MN,Minnesota,55905,"O valor está no formato Estado/território + CEP + USA, ou Estado/território + USA."
AZ 86011 USA,1,LOCALIDADE_EUA_NAO_PAIS,"Não adicionar em paises.csv. Corrigir para country_name=Estados Unidos, state_sigla e postal_code.",Estados Unidos,AZ,Arizona,86011,"O valor está no formato Estado/território + CEP + USA, ou Estado/território + USA."
OR 97365 USA,1,LOCALIDADE_EUA_NAO_PAIS,"Não adicionar em paises.csv. Corrigir para country_name=Estados Unidos, state_sigla e postal_code.",Estados Unidos,OR,Oregon,97365,"O valor está no formato Estado/território + CEP + USA, ou Estado/território + USA."
RI 02881 USA,1,LOCALIDADE_EUA_NAO_PAIS,"Não adicionar em paises.csv. Corrigir para country_name=Estados Unidos, state_sigla e postal_code.",Estados Unidos,RI,Rhode Island,02881,"O valor está no formato Estado/território + CEP + USA, ou Estado/território + USA."
WA 98115 USA,1,LOCALIDADE_EUA_NAO_PAIS,"Não adicionar em paises.csv. Corrigir para country_name=Estados Unidos, state_sigla e postal_code.",Estados Unidos,WA,Washington,98115,"O valor está no formato Estado/território + CEP + USA, ou Estado/território + USA."
ID 83332 USA,1,LOCALIDADE_EUA_NAO_PAIS,"Não adicionar em paises.csv. Corrigir para country_name=Estados Unidos, state_sigla e postal_code.",Estados Unidos,ID,Idaho,83332,"O valor está no formato Estado/território + CEP + USA, ou Estado/território + USA."
MS 38753 USA,1,LOCALIDADE_EUA_NAO_PAIS,"Não adicionar em paises.csv. Corrigir para country_name=Estados Unidos, state_sigla e postal_code.",Estados Unidos,MS,Mississippi,38753,"O valor está no formato Estado/território + CEP + USA, ou Estado/território + USA."
MD 20910 USA,1,LOCALIDADE_EUA_NAO_PAIS,"Não adicionar em paises.csv. Corrigir para country_name=Estados Unidos, state_sigla e postal_code.",Estados Unidos,MD,Maryland,20910,"O valor está no formato Estado/território + CEP + USA, ou Estado/território + USA."
AK 99801 USA,1,LOCALIDADE_EUA_NAO_PAIS,"Não adicionar em paises.csv. Corrigir para country_name=Estados Unidos, state_sigla e postal_code.",Estados Unidos,AK,Alaska,99801,"O valor está no formato Estado/território + CEP + USA, ou Estado/território + USA."
TX 75002 USA,1,LOCALIDADE_EUA_NAO_PAIS,"Não adicionar em paises.csv. Corrigir para country_name=Estados Unidos, state_sigla e postal_code.",Estados Unidos,TX,Texas,75002,"O valor está no formato Estado/território + CEP + USA, ou Estado/território + USA."
AL 35205 USA,1,LOCALIDADE_EUA_NAO_PAIS,"Não adicionar em paises.csv. Corrigir para country_name=Estados Unidos, state_sigla e postal_code.",Estados Unidos,AL,Alabama,35205,"O valor está no formato Estado/território + CEP + USA, ou Estado/território + USA."
PA 19081 USA,1,LOCALIDADE_EUA_NAO_PAIS,"Não adicionar em paises.csv. Corrigir para country_name=Estados Unidos, state_sigla e postal_code.",Estados Unidos,PA,Pennsylvania,19081,"O valor está no formato Estado/território + CEP + USA, ou Estado/território + USA."
OH 45701 USA,1,LOCALIDADE_EUA_NAO_PAIS,"Não adicionar em paises.csv. Corrigir para country_name=Estados Unidos, state_sigla e postal_code.",Estados Unidos,OH,Ohio,45701,"O valor está no formato Estado/território + CEP + USA, ou Estado/território + USA."
PA 19141 USA,1,LOCALIDADE_EUA_NAO_PAIS,"Não adicionar em paises.csv. Corrigir para country_name=Estados Unidos, state_sigla e postal_code.",Estados Unidos,PA,Pennsylvania,19141,"O valor está no formato Estado/território + CEP + USA, ou Estado/território + USA."
CA 90059 USA,1,LOCALIDADE_EUA_NAO_PAIS,"Não adicionar em paises.csv. Corrigir para country_name=Estados Unidos, state_sigla e postal_code.",Estados Unidos,CA,California,90059,"O valor está no formato Estado/território + CEP + USA, ou Estado/território + USA."
FL 32901 USA,1,LOCALIDADE_EUA_NAO_PAIS,"Não adicionar em paises.csv. Corrigir para country_name=Estados Unidos, state_sigla e postal_code.",Estados Unidos,FL,Florida,32901,"O valor está no formato Estado/território + CEP + USA, ou Estado/território + USA."
NV 89509 USA,1,LOCALIDADE_EUA_NAO_PAIS,"Não adicionar em paises.csv. Corrigir para country_name=Estados Unidos, state_sigla e postal_code.",Estados Unidos,NV,Nevada,89509,"O valor está no formato Estado/território + CEP + USA, ou Estado/território + USA."
CT 06901 USA,1,LOCALIDADE_EUA_NAO_PAIS,"Não adicionar em paises.csv. Corrigir para country_name=Estados Unidos, state_sigla e postal_code.",Estados Unidos,CT,Connecticut,06901,"O valor está no formato Estado/território + CEP + USA, ou Estado/território + USA."
NY 10577 USA,1,LOCALIDADE_EUA_NAO_PAIS,"Não adicionar em paises.csv. Corrigir para country_name=Estados Unidos, state_sigla e postal_code.",Estados Unidos,NY,New York,10577,"O valor está no formato Estado/território + CEP + USA, ou Estado/território + USA."
CO 80401 USA,1,LOCALIDADE_EUA_NAO_PAIS,"Não adicionar em paises.csv. Corrigir para country_name=Estados Unidos, state_sigla e postal_code.",Estados Unidos,CO,Colorado,80401,"O valor está no formato Estado/território + CEP + USA, ou Estado/território + USA."
CA 94041 USA,1,LOCALIDADE_EUA_NAO_PAIS,"Não adicionar em paises.csv. Corrigir para country_name=Estados Unidos, state_sigla e postal_code.",Estados Unidos,CA,California,94041,"O valor está no formato Estado/território + CEP + USA, ou Estado/território + USA."
FL 33865 USA,1,LOCALIDADE_EUA_NAO_PAIS,"Não adicionar em paises.csv. Corrigir para country_name=Estados Unidos, state_sigla e postal_code.",Estados Unidos,FL,Florida,33865,"O valor está no formato Estado/território + CEP + USA, ou Estado/território + USA."
FL 33852 USA,1,LOCALIDADE_EUA_NAO_PAIS,"Não adicionar em paises.csv. Corrigir para country_name=Estados Unidos, state_sigla e postal_code.",Estados Unidos,FL,Florida,33852,"O valor está no formato Estado/território + CEP + USA, ou Estado/território + USA."
VA 05461 USA,1,LOCALIDADE_EUA_NAO_PAIS,"Não adicionar em paises.csv. Corrigir para country_name=Estados Unidos, state_sigla e postal_code.",Estados Unidos,VA,Virginia,05461,"O valor está no formato Estado/território + CEP + USA, ou Estado/território + USA."
VT 05753 USA,1,LOCALIDADE_EUA_NAO_PAIS,"Não adicionar em paises.csv. Corrigir para country_name=Estados Unidos, state_sigla e postal_code.",Estados Unidos,VT,Vermont,05753,"O valor está no formato Estado/território + CEP + USA, ou Estado/território + USA."
TX 77024 USA,1,LOCALIDADE_EUA_NAO_PAIS,"Não adicionar em paises.csv. Corrigir para country_name=Estados Unidos, state_sigla e postal_code.",Estados Unidos,TX,Texas,77024,"O valor está no formato Estado/território + CEP + USA, ou Estado/território + USA."
WA 98164 USA,1,LOCALIDADE_EUA_NAO_PAIS,"Não adicionar em paises.csv. Corrigir para country_name=Estados Unidos, state_sigla e postal_code.",Estados Unidos,WA,Washington,98164,"O valor está no formato Estado/território + CEP + USA, ou Estado/território + USA."
AL 35805 USA,1,LOCALIDADE_EUA_NAO_PAIS,"Não adicionar em paises.csv. Corrigir para country_name=Estados Unidos, state_sigla e postal_code.",Estados Unidos,AL,Alabama,35805,"O valor está no formato Estado/território + CEP + USA, ou Estado/território + USA."
IA 50131 USA,1,LOCALIDADE_EUA_NAO_PAIS,"Não adicionar em paises.csv. Corrigir para country_name=Estados Unidos, state_sigla e postal_code.",Estados Unidos,IA,Iowa,50131,"O valor está no formato Estado/território + CEP + USA, ou Estado/território + USA."
SC 29117 USA,1,LOCALIDADE_EUA_NAO_PAIS,"Não adicionar em paises.csv. Corrigir para country_name=Estados Unidos, state_sigla e postal_code.",Estados Unidos,SC,South Carolina,29117,"O valor está no formato Estado/território + CEP + USA, ou Estado/território + USA."
ME 04473 USA,1,LOCALIDADE_EUA_NAO_PAIS,"Não adicionar em paises.csv. Corrigir para country_name=Estados Unidos, state_sigla e postal_code.",Estados Unidos,ME,Maine,04473,"O valor está no formato Estado/território + CEP + USA, ou Estado/território + USA."
AL 36831 USA,1,LOCALIDADE_EUA_NAO_PAIS,"Não adicionar em paises.csv. Corrigir para country_name=Estados Unidos, state_sigla e postal_code.",Estados Unidos,AL,Alabama,36831,"O valor está no formato Estado/território + CEP + USA, ou Estado/território + USA."
ME 04240 USA,1,LOCALIDADE_EUA_NAO_PAIS,"Não adicionar em paises.csv. Corrigir para country_name=Estados Unidos, state_sigla e postal_code.",Estados Unidos,ME,Maine,04240,"O valor está no formato Estado/território + CEP + USA, ou Estado/território + USA."
GA 30060 USA,1,LOCALIDADE_EUA_NAO_PAIS,"Não adicionar em paises.csv. Corrigir para country_name=Estados Unidos, state_sigla e postal_code.",Estados Unidos,GA,Georgia,30060,"O valor está no formato Estado/território + CEP + USA, ou Estado/território + USA."
OK 73096 USA,1,LOCALIDADE_EUA_NAO_PAIS,"Não adicionar em paises.csv. Corrigir para country_name=Estados Unidos, state_sigla e postal_code.",Estados Unidos,OK,Oklahoma,73096,"O valor está no formato Estado/território + CEP + USA, ou Estado/território + USA."
NJ 07111 USA,1,LOCALIDADE_EUA_NAO_PAIS,"Não adicionar em paises.csv. Corrigir para country_name=Estados Unidos, state_sigla e postal_code.",Estados Unidos,NJ,New Jersey,07111,"O valor está no formato Estado/território + CEP + USA, ou Estado/território + USA."
VA 23186 USA,1,LOCALIDADE_EUA_NAO_PAIS,"Não adicionar em paises.csv. Corrigir para country_name=Estados Unidos, state_sigla e postal_code.",Estados Unidos,VA,Virginia,23186,"O valor está no formato Estado/território + CEP + USA, ou Estado/território + USA."
NY 14864 USA,1,LOCALIDADE_EUA_NAO_PAIS,"Não adicionar em paises.csv. Corrigir para country_name=Estados Unidos, state_sigla e postal_code.",Estados Unidos,NY,New York,14864,"O valor está no formato Estado/território + CEP + USA, ou Estado/território + USA."
MN 55108,1,LOCALIDADE_EUA_NAO_PAIS,"Não adicionar em paises.csv. Corrigir para country_name=Estados Unidos, state_sigla e postal_code.",Estados Unidos,MN,Minnesota,55108,"O valor está no formato Estado/território + CEP + USA, ou Estado/território + USA."
DC 20003 USA,1,LOCALIDADE_EUA_NAO_PAIS,"Não adicionar em paises.csv. Corrigir para country_name=Estados Unidos, state_sigla e postal_code.",Estados Unidos,DC,District of Columbia,20003,"O valor está no formato Estado/território + CEP + USA, ou Estado/território + USA."
MA 02540 USA,1,LOCALIDADE_EUA_NAO_PAIS,"Não adicionar em paises.csv. Corrigir para country_name=Estados Unidos, state_sigla e postal_code.",Estados Unidos,MA,Massachusetts,02540,"O valor está no formato Estado/território + CEP + USA, ou Estado/território + USA."
MO 65401 USA,1,LOCALIDADE_EUA_NAO_PAIS,"Não adicionar em paises.csv. Corrigir para country_name=Estados Unidos, state_sigla e postal_code.",Estados Unidos,MO,Missouri,65401,"O valor está no formato Estado/território + CEP + USA, ou Estado/território + USA."
CA 93106 USA,1,LOCALIDADE_EUA_NAO_PAIS,"Não adicionar em paises.csv. Corrigir para country_name=Estados Unidos, state_sigla e postal_code.",Estados Unidos,CA,California,93106,"O valor está no formato Estado/território + CEP + USA, ou Estado/território + USA."
TX 75684 USA,1,LOCALIDADE_EUA_NAO_PAIS,"Não adicionar em paises.csv. Corrigir para country_name=Estados Unidos, state_sigla e postal_code.",Estados Unidos,TX,Texas,75684,"O valor está no formato Estado/território + CEP + USA, ou Estado/território + USA."
NJ 07065 USA,1,LOCALIDADE_EUA_NAO_PAIS,"Não adicionar em paises.csv. Corrigir para country_name=Estados Unidos, state_sigla e postal_code.",Estados Unidos,NJ,New Jersey,07065,"O valor está no formato Estado/território + CEP + USA, ou Estado/território + USA."
FL 32311 USA,1,LOCALIDADE_EUA_NAO_PAIS,"Não adicionar em paises.csv. Corrigir para country_name=Estados Unidos, state_sigla e postal_code.",Estados Unidos,FL,Florida,32311,"O valor está no formato Estado/território + CEP + USA, ou Estado/território + USA."
IA 50124 USA,1,LOCALIDADE_EUA_NAO_PAIS,"Não adicionar em paises.csv. Corrigir para country_name=Estados Unidos, state_sigla e postal_code.",Estados Unidos,IA,Iowa,50124,"O valor está no formato Estado/território + CEP + USA, ou Estado/território + USA."
TX 42122 USA,1,LOCALIDADE_EUA_NAO_PAIS,"Não adicionar em paises.csv. Corrigir para country_name=Estados Unidos, state_sigla e postal_code.",Estados Unidos,TX,Texas,42122,"O valor está no formato Estado/território + CEP + USA, ou Estado/território + USA."
TX 77487 USA,1,LOCALIDADE_EUA_NAO_PAIS,"Não adicionar em paises.csv. Corrigir para country_name=Estados Unidos, state_sigla e postal_code.",Estados Unidos,TX,Texas,77487,"O valor está no formato Estado/território + CEP + USA, ou Estado/território + USA."
LA 70118 USA,1,LOCALIDADE_EUA_NAO_PAIS,"Não adicionar em paises.csv. Corrigir para country_name=Estados Unidos, state_sigla e postal_code.",Estados Unidos,LA,Louisiana,70118,"O valor está no formato Estado/território + CEP + USA, ou Estado/território + USA."
SC 29501,1,LOCALIDADE_EUA_NAO_PAIS,"Não adicionar em paises.csv. Corrigir para country_name=Estados Unidos, state_sigla e postal_code.",Estados Unidos,SC,South Carolina,29501,"O valor está no formato Estado/território + CEP + USA, ou Estado/território + USA."
TX 76013 USA,1,LOCALIDADE_EUA_NAO_PAIS,"Não adicionar em paises.csv. Corrigir para country_name=Estados Unidos, state_sigla e postal_code.",Estados Unidos,TX,Texas,76013,"O valor está no formato Estado/território + CEP + USA, ou Estado/território + USA."
MA 01063 USA,1,LOCALIDADE_EUA_NAO_PAIS,"Não adicionar em paises.csv. Corrigir para country_name=Estados Unidos, state_sigla e postal_code.",Estados Unidos,MA,Massachusetts,01063,"O valor está no formato Estado/território + CEP + USA, ou Estado/território + USA."
OR 97070 USA,1,LOCALIDADE_EUA_NAO_PAIS,"Não adicionar em paises.csv. Corrigir para country_name=Estados Unidos, state_sigla e postal_code.",Estados Unidos,OR,Oregon,97070,"O valor está no formato Estado/território + CEP + USA, ou Estado/território + USA."
NV 89512 USA,1,LOCALIDADE_EUA_NAO_PAIS,"Não adicionar em paises.csv. Corrigir para country_name=Estados Unidos, state_sigla e postal_code.",Estados Unidos,NV,Nevada,89512,"O valor está no formato Estado/território + CEP + USA, ou Estado/território + USA."
WA 98801 USA,1,LOCALIDADE_EUA_NAO_PAIS,"Não adicionar em paises.csv. Corrigir para country_name=Estados Unidos, state_sigla e postal_code.",Estados Unidos,WA,Washington,98801,"O valor está no formato Estado/território + CEP + USA, ou Estado/território + USA."
MD 21740 USA,1,LOCALIDADE_EUA_NAO_PAIS,"Não adicionar em paises.csv. Corrigir para country_name=Estados Unidos, state_sigla e postal_code.",Estados Unidos,MD,Maryland,21740,"O valor está no formato Estado/território + CEP + USA, ou Estado/território + USA."
TX 78754 USA,1,LOCALIDADE_EUA_NAO_PAIS,"Não adicionar em paises.csv. Corrigir para country_name=Estados Unidos, state_sigla e postal_code.",Estados Unidos,TX,Texas,78754,"O valor está no formato Estado/território + CEP + USA, ou Estado/território + USA."
TX 77807 USA,1,LOCALIDADE_EUA_NAO_PAIS,"Não adicionar em paises.csv. Corrigir para country_name=Estados Unidos, state_sigla e postal_code.",Estados Unidos,TX,Texas,77807,"O valor está no formato Estado/território + CEP + USA, ou Estado/território + USA."
WA 98416 USA,1,LOCALIDADE_EUA_NAO_PAIS,"Não adicionar em paises.csv. Corrigir para country_name=Estados Unidos, state_sigla e postal_code.",Estados Unidos,WA,Washington,98416,"O valor está no formato Estado/território + CEP + USA, ou Estado/território + USA."
CA 93648 USA,1,LOCALIDADE_EUA_NAO_PAIS,"Não adicionar em paises.csv. Corrigir para country_name=Estados Unidos, state_sigla e postal_code.",Estados Unidos,CA,California,93648,"O valor está no formato Estado/território + CEP + USA, ou Estado/território + USA."
IN 46286 USA,1,LOCALIDADE_EUA_NAO_PAIS,"Não adicionar em paises.csv. Corrigir para country_name=Estados Unidos, state_sigla e postal_code.",Estados Unidos,IN,Indiana,46286,"O valor está no formato Estado/território + CEP + USA, ou Estado/território + USA."
KS 66762 USA,1,LOCALIDADE_EUA_NAO_PAIS,"Não adicionar em paises.csv. Corrigir para country_name=Estados Unidos, state_sigla e postal_code.",Estados Unidos,KS,Kansas,66762,"O valor está no formato Estado/território + CEP + USA, ou Estado/território + USA."
TX 76706 USA,1,LOCALIDADE_EUA_NAO_PAIS,"Não adicionar em paises.csv. Corrigir para country_name=Estados Unidos, state_sigla e postal_code.",Estados Unidos,TX,Texas,76706,"O valor está no formato Estado/território + CEP + USA, ou Estado/território + USA."
NC 27858 USA,1,LOCALIDADE_EUA_NAO_PAIS,"Não adicionar em paises.csv. Corrigir para country_name=Estados Unidos, state_sigla e postal_code.",Estados Unidos,NC,North Carolina,27858,"O valor está no formato Estado/território + CEP + USA, ou Estado/território + USA."
AL 35294 USA,1,LOCALIDADE_EUA_NAO_PAIS,"Não adicionar em paises.csv. Corrigir para country_name=Estados Unidos, state_sigla e postal_code.",Estados Unidos,AL,Alabama,35294,"O valor está no formato Estado/território + CEP + USA, ou Estado/território + USA."
MS 39759 USA,1,LOCALIDADE_EUA_NAO_PAIS,"Não adicionar em paises.csv. Corrigir para country_name=Estados Unidos, state_sigla e postal_code.",Estados Unidos,MS,Mississippi,39759,"O valor está no formato Estado/território + CEP + USA, ou Estado/território + USA."
LA 71302 USA,1,LOCALIDADE_EUA_NAO_PAIS,"Não adicionar em paises.csv. Corrigir para country_name=Estados Unidos, state_sigla e postal_code.",Estados Unidos,LA,Louisiana,71302,"O valor está no formato Estado/território + CEP + USA, ou Estado/território + USA."
LA 71105 USA,1,LOCALIDADE_EUA_NAO_PAIS,"Não adicionar em paises.csv. Corrigir para country_name=Estados Unidos, state_sigla e postal_code.",Estados Unidos,LA,Louisiana,71105,"O valor está no formato Estado/território + CEP + USA, ou Estado/território + USA."
VA 22202 USA,1,LOCALIDADE_EUA_NAO_PAIS,"Não adicionar em paises.csv. Corrigir para country_name=Estados Unidos, state_sigla e postal_code.",Estados Unidos,VA,Virginia,22202,"O valor está no formato Estado/território + CEP + USA, ou Estado/território + USA."
MI 48824,1,LOCALIDADE_EUA_NAO_PAIS,"Não adicionar em paises.csv. Corrigir para country_name=Estados Unidos, state_sigla e postal_code.",Estados Unidos,MI,Michigan,48824,"O valor está no formato Estado/território + CEP + USA, ou Estado/território + USA."
MD 20874 USA,1,LOCALIDADE_EUA_NAO_PAIS,"Não adicionar em paises.csv. Corrigir para country_name=Estados Unidos, state_sigla e postal_code.",Estados Unidos,MD,Maryland,20874,"O valor está no formato Estado/território + CEP + USA, ou Estado/território + USA."
CA 93953 USA,1,LOCALIDADE_EUA_NAO_PAIS,"Não adicionar em paises.csv. Corrigir para country_name=Estados Unidos, state_sigla e postal_code.",Estados Unidos,CA,California,93953,"O valor está no formato Estado/território + CEP + USA, ou Estado/território + USA."
CT 06492 USA,1,LOCALIDADE_EUA_NAO_PAIS,"Não adicionar em paises.csv. Corrigir para country_name=Estados Unidos, state_sigla e postal_code.",Estados Unidos,CT,Connecticut,06492,"O valor está no formato Estado/território + CEP + USA, ou Estado/território + USA."
OH 44555 USA,1,LOCALIDADE_EUA_NAO_PAIS,"Não adicionar em paises.csv. Corrigir para country_name=Estados Unidos, state_sigla e postal_code.",Estados Unidos,OH,Ohio,44555,"O valor está no formato Estado/território + CEP + USA, ou Estado/território + USA."
TX 78801 USA,1,LOCALIDADE_EUA_NAO_PAIS,"Não adicionar em paises.csv. Corrigir para country_name=Estados Unidos, state_sigla e postal_code.",Estados Unidos,TX,Texas,78801,"O valor está no formato Estado/território + CEP + USA, ou Estado/território + USA."
VA 20175 USA,1,LOCALIDADE_EUA_NAO_PAIS,"Não adicionar em paises.csv. Corrigir para country_name=Estados Unidos, state_sigla e postal_code.",Estados Unidos,VA,Virginia,20175,"O valor está no formato Estado/território + CEP + USA, ou Estado/território + USA."
PA 15261 USA,1,LOCALIDADE_EUA_NAO_PAIS,"Não adicionar em paises.csv. Corrigir para country_name=Estados Unidos, state_sigla e postal_code.",Estados Unidos,PA,Pennsylvania,15261,"O valor está no formato Estado/território + CEP + USA, ou Estado/território + USA."
KS 67214 USA,1,LOCALIDADE_EUA_NAO_PAIS,"Não adicionar em paises.csv. Corrigir para country_name=Estados Unidos, state_sigla e postal_code.",Estados Unidos,KS,Kansas,67214,"O valor está no formato Estado/território + CEP + USA, ou Estado/território + USA."
PA 19401 USA,1,LOCALIDADE_EUA_NAO_PAIS,"Não adicionar em paises.csv. Corrigir para country_name=Estados Unidos, state_sigla e postal_code.",Estados Unidos,PA,Pennsylvania,19401,"O valor está no formato Estado/território + CEP + USA, ou Estado/território + USA."
TX 76102 USA,1,LOCALIDADE_EUA_NAO_PAIS,"Não adicionar em paises.csv. Corrigir para country_name=Estados Unidos, state_sigla e postal_code.",Estados Unidos,TX,Texas,76102,"O valor está no formato Estado/território + CEP + USA, ou Estado/território + USA."
AZ 85004 USA,1,LOCALIDADE_EUA_NAO_PAIS,"Não adicionar em paises.csv. Corrigir para country_name=Estados Unidos, state_sigla e postal_code.",Estados Unidos,AZ,Arizona,85004,"O valor está no formato Estado/território + CEP + USA, ou Estado/território + USA."
IL 61201 USA,1,LOCALIDADE_EUA_NAO_PAIS,"Não adicionar em paises.csv. Corrigir para country_name=Estados Unidos, state_sigla e postal_code.",Estados Unidos,IL,Illinois,61201,"O valor está no formato Estado/território + CEP + USA, ou Estado/território + USA."
TX 79012 USA,1,LOCALIDADE_EUA_NAO_PAIS,"Não adicionar em paises.csv. Corrigir para country_name=Estados Unidos, state_sigla e postal_code.",Estados Unidos,TX,Texas,79012,"O valor está no formato Estado/território + CEP + USA, ou Estado/território + USA."
IL 60064 USA,1,LOCALIDADE_EUA_NAO_PAIS,"Não adicionar em paises.csv. Corrigir para country_name=Estados Unidos, state_sigla e postal_code.",Estados Unidos,IL,Illinois,60064,"O valor está no formato Estado/território + CEP + USA, ou Estado/território + USA."
CA 94066 USA,1,LOCALIDADE_EUA_NAO_PAIS,"Não adicionar em paises.csv. Corrigir para country_name=Estados Unidos, state_sigla e postal_code.",Estados Unidos,CA,California,94066,"O valor está no formato Estado/território + CEP + USA, ou Estado/território + USA."
PA 19140 USA,1,LOCALIDADE_EUA_NAO_PAIS,"Não adicionar em paises.csv. Corrigir para country_name=Estados Unidos, state_sigla e postal_code.",Estados Unidos,PA,Pennsylvania,19140,"O valor está no formato Estado/território + CEP + USA, ou Estado/território + USA."
SD 57702 USA,1,LOCALIDADE_EUA_NAO_PAIS,"Não adicionar em paises.csv. Corrigir para country_name=Estados Unidos, state_sigla e postal_code.",Estados Unidos,SD,South Dakota,57702,"O valor está no formato Estado/território + CEP + USA, ou Estado/território + USA."
ME 04769 USA,1,LOCALIDADE_EUA_NAO_PAIS,"Não adicionar em paises.csv. Corrigir para country_name=Estados Unidos, state_sigla e postal_code.",Estados Unidos,ME,Maine,04769,"O valor está no formato Estado/território + CEP + USA, ou Estado/território + USA."
CA 90292 USA,1,LOCALIDADE_EUA_NAO_PAIS,"Não adicionar em paises.csv. Corrigir para country_name=Estados Unidos, state_sigla e postal_code.",Estados Unidos,CA,California,90292,"O valor está no formato Estado/território + CEP + USA, ou Estado/território + USA."
MN 55414 USA,1,LOCALIDADE_EUA_NAO_PAIS,"Não adicionar em paises.csv. Corrigir para country_name=Estados Unidos, state_sigla e postal_code.",Estados Unidos,MN,Minnesota,55414,"O valor está no formato Estado/território + CEP + USA, ou Estado/território + USA."
MA 02478 USA,1,LOCALIDADE_EUA_NAO_PAIS,"Não adicionar em paises.csv. Corrigir para country_name=Estados Unidos, state_sigla e postal_code.",Estados Unidos,MA,Massachusetts,02478,"O valor está no formato Estado/território + CEP + USA, ou Estado/território + USA."
OR 97239 USA,1,LOCALIDADE_EUA_NAO_PAIS,"Não adicionar em paises.csv. Corrigir para country_name=Estados Unidos, state_sigla e postal_code.",Estados Unidos,OR,Oregon,97239,"O valor está no formato Estado/território + CEP + USA, ou Estado/território + USA."
MN 55408 USA,1,LOCALIDADE_EUA_NAO_PAIS,"Não adicionar em paises.csv. Corrigir para country_name=Estados Unidos, state_sigla e postal_code.",Estados Unidos,MN,Minnesota,55408,"O valor está no formato Estado/território + CEP + USA, ou Estado/território + USA."
MA 02421 USA,1,LOCALIDADE_EUA_NAO_PAIS,"Não adicionar em paises.csv. Corrigir para country_name=Estados Unidos, state_sigla e postal_code.",Estados Unidos,MA,Massachusetts,02421,"O valor está no formato Estado/território + CEP + USA, ou Estado/território + USA."
MA 02134 USA,1,LOCALIDADE_EUA_NAO_PAIS,"Não adicionar em paises.csv. Corrigir para country_name=Estados Unidos, state_sigla e postal_code.",Estados Unidos,MA,Massachusetts,02134,"O valor está no formato Estado/território + CEP + USA, ou Estado/território + USA."
TX 76203 USA,1,LOCALIDADE_EUA_NAO_PAIS,"Não adicionar em paises.csv. Corrigir para country_name=Estados Unidos, state_sigla e postal_code.",Estados Unidos,TX,Texas,76203,"O valor está no formato Estado/território + CEP + USA, ou Estado/território + USA."
MN 55387 USA,1,LOCALIDADE_EUA_NAO_PAIS,"Não adicionar em paises.csv. Corrigir para country_name=Estados Unidos, state_sigla e postal_code.",Estados Unidos,MN,Minnesota,55387,"O valor está no formato Estado/território + CEP + USA, ou Estado/território + USA."
CO 80304 USA,1,LOCALIDADE_EUA_NAO_PAIS,"Não adicionar em paises.csv. Corrigir para country_name=Estados Unidos, state_sigla e postal_code.",Estados Unidos,CO,Colorado,80304,"O valor está no formato Estado/território + CEP + USA, ou Estado/território + USA."
PA 18766 USA,1,LOCALIDADE_EUA_NAO_PAIS,"Não adicionar em paises.csv. Corrigir para country_name=Estados Unidos, state_sigla e postal_code.",Estados Unidos,PA,Pennsylvania,18766,"O valor está no formato Estado/território + CEP + USA, ou Estado/território + USA."
OR 97225 USA,1,LOCALIDADE_EUA_NAO_PAIS,"Não adicionar em paises.csv. Corrigir para country_name=Estados Unidos, state_sigla e postal_code.",Estados Unidos,OR,Oregon,97225,"O valor está no formato Estado/território + CEP + USA, ou Estado/território + USA."
MA 01970 USA,1,LOCALIDADE_EUA_NAO_PAIS,"Não adicionar em paises.csv. Corrigir para country_name=Estados Unidos, state_sigla e postal_code.",Estados Unidos,MA,Massachusetts,01970,"O valor está no formato Estado/território + CEP + USA, ou Estado/território + USA."
NH 03561 USA,1,LOCALIDADE_EUA_NAO_PAIS,"Não adicionar em paises.csv. Corrigir para country_name=Estados Unidos, state_sigla e postal_code.",Estados Unidos,NH,New Hampshire,03561,"O valor está no formato Estado/território + CEP + USA, ou Estado/território + USA."
MO 65202 USA,1,LOCALIDADE_EUA_NAO_PAIS,"Não adicionar em paises.csv. Corrigir para country_name=Estados Unidos, state_sigla e postal_code.",Estados Unidos,MO,Missouri,65202,"O valor está no formato Estado/território + CEP + USA, ou Estado/território + USA."
IL 60680 USA,1,LOCALIDADE_EUA_NAO_PAIS,"Não adicionar em paises.csv. Corrigir para country_name=Estados Unidos, state_sigla e postal_code.",Estados Unidos,IL,Illinois,60680,"O valor está no formato Estado/território + CEP + USA, ou Estado/território + USA."
CO 80262 USA,1,LOCALIDADE_EUA_NAO_PAIS,"Não adicionar em paises.csv. Corrigir para country_name=Estados Unidos, state_sigla e postal_code.",Estados Unidos,CO,Colorado,80262,"O valor está no formato Estado/território + CEP + USA, ou Estado/território + USA."
MD 20817 USA,1,LOCALIDADE_EUA_NAO_PAIS,"Não adicionar em paises.csv. Corrigir para country_name=Estados Unidos, state_sigla e postal_code.",Estados Unidos,MD,Maryland,20817,"O valor está no formato Estado/território + CEP + USA, ou Estado/território + USA."
GA 30310 USA,1,LOCALIDADE_EUA_NAO_PAIS,"Não adicionar em paises.csv. Corrigir para country_name=Estados Unidos, state_sigla e postal_code.",Estados Unidos,GA,Georgia,30310,"O valor está no formato Estado/território + CEP + USA, ou Estado/território + USA."
MA 01854 USA,1,LOCALIDADE_EUA_NAO_PAIS,"Não adicionar em paises.csv. Corrigir para country_name=Estados Unidos, state_sigla e postal_code.",Estados Unidos,MA,Massachusetts,01854,"O valor está no formato Estado/território + CEP + USA, ou Estado/território + USA."
CA 94040 USA,1,LOCALIDADE_EUA_NAO_PAIS,"Não adicionar em paises.csv. Corrigir para country_name=Estados Unidos, state_sigla e postal_code.",Estados Unidos,CA,California,94040,"O valor está no formato Estado/território + CEP + USA, ou Estado/território + USA."
CA 95035 USA,1,LOCALIDADE_EUA_NAO_PAIS,"Não adicionar em paises.csv. Corrigir para country_name=Estados Unidos, state_sigla e postal_code.",Estados Unidos,CA,California,95035,"O valor está no formato Estado/território + CEP + USA, ou Estado/território + USA."
CA 90720 USA,1,LOCALIDADE_EUA_NAO_PAIS,"Não adicionar em paises.csv. Corrigir para country_name=Estados Unidos, state_sigla e postal_code.",Estados Unidos,CA,California,90720,"O valor está no formato Estado/território + CEP + USA, ou Estado/território + USA."
WI 53707 USA,1,LOCALIDADE_EUA_NAO_PAIS,"Não adicionar em paises.csv. Corrigir para country_name=Estados Unidos, state_sigla e postal_code.",Estados Unidos,WI,Wisconsin,53707,"O valor está no formato Estado/território + CEP + USA, ou Estado/território + USA."
FL 34945 USA,1,LOCALIDADE_EUA_NAO_PAIS,"Não adicionar em paises.csv. Corrigir para country_name=Estados Unidos, state_sigla e postal_code.",Estados Unidos,FL,Florida,34945,"O valor está no formato Estado/território + CEP + USA, ou Estado/território + USA."
FL 33174 USA,1,LOCALIDADE_EUA_NAO_PAIS,"Não adicionar em paises.csv. Corrigir para country_name=Estados Unidos, state_sigla e postal_code.",Estados Unidos,FL,Florida,33174,"O valor está no formato Estado/território + CEP + USA, ou Estado/território + USA."
LA 70114 USA,1,LOCALIDADE_EUA_NAO_PAIS,"Não adicionar em paises.csv. Corrigir para country_name=Estados Unidos, state_sigla e postal_code.",Estados Unidos,LA,Louisiana,70114,"O valor está no formato Estado/território + CEP + USA, ou Estado/território + USA."
MD 20899 USA,1,LOCALIDADE_EUA_NAO_PAIS,"Não adicionar em paises.csv. Corrigir para country_name=Estados Unidos, state_sigla e postal_code.",Estados Unidos,MD,Maryland,20899,"O valor está no formato Estado/território + CEP + USA, ou Estado/território + USA."
CA 94107 USA,1,LOCALIDADE_EUA_NAO_PAIS,"Não adicionar em paises.csv. Corrigir para country_name=Estados Unidos, state_sigla e postal_code.",Estados Unidos,CA,California,94107,"O valor está no formato Estado/território + CEP + USA, ou Estado/território + USA."
CA 92121 USA,1,LOCALIDADE_EUA_NAO_PAIS,"Não adicionar em paises.csv. Corrigir para country_name=Estados Unidos, state_sigla e postal_code.",Estados Unidos,CA,California,92121,"O valor está no formato Estado/território + CEP + USA, ou Estado/território + USA."
CO 80122 USA,1,LOCALIDADE_EUA_NAO_PAIS,"Não adicionar em paises.csv. Corrigir para country_name=Estados Unidos, state_sigla e postal_code.",Estados Unidos,CO,Colorado,80122,"O valor está no formato Estado/território + CEP + USA, ou Estado/território + USA."
DE 19709 USA,1,LOCALIDADE_EUA_NAO_PAIS,"Não adicionar em paises.csv. Corrigir para country_name=Estados Unidos, state_sigla e postal_code.",Estados Unidos,DE,Delaware,19709,"O valor está no formato Estado/território + CEP + USA, ou Estado/território + USA."
MD 20014 USA,1,LOCALIDADE_EUA_NAO_PAIS,"Não adicionar em paises.csv. Corrigir para country_name=Estados Unidos, state_sigla e postal_code.",Estados Unidos,MD,Maryland,20014,"O valor está no formato Estado/território + CEP + USA, ou Estado/território + USA."
OR 97403 USA,1,LOCALIDADE_EUA_NAO_PAIS,"Não adicionar em paises.csv. Corrigir para country_name=Estados Unidos, state_sigla e postal_code.",Estados Unidos,OR,Oregon,97403,"O valor está no formato Estado/território + CEP + USA, ou Estado/território + USA."
WI 54701 USA,1,LOCALIDADE_EUA_NAO_PAIS,"Não adicionar em paises.csv. Corrigir para country_name=Estados Unidos, state_sigla e postal_code.",Estados Unidos,WI,Wisconsin,54701,"O valor está no formato Estado/território + CEP + USA, ou Estado/território + USA."
IA 50014 USA,1,LOCALIDADE_EUA_NAO_PAIS,"Não adicionar em paises.csv. Corrigir para country_name=Estados Unidos, state_sigla e postal_code.",Estados Unidos,IA,Iowa,50014,"O valor está no formato Estado/território + CEP + USA, ou Estado/território + USA."
FL 33567 USA,1,LOCALIDADE_EUA_NAO_PAIS,"Não adicionar em paises.csv. Corrigir para country_name=Estados Unidos, state_sigla e postal_code.",Estados Unidos,FL,Florida,33567,"O valor está no formato Estado/território + CEP + USA, ou Estado/território + USA."
MA 02476 USA,1,LOCALIDADE_EUA_NAO_PAIS,"Não adicionar em paises.csv. Corrigir para country_name=Estados Unidos, state_sigla e postal_code.",Estados Unidos,MA,Massachusetts,02476,"O valor está no formato Estado/território + CEP + USA, ou Estado/território + USA."
NE 68114 USA,1,LOCALIDADE_EUA_NAO_PAIS,"Não adicionar em paises.csv. Corrigir para country_name=Estados Unidos, state_sigla e postal_code.",Estados Unidos,NE,Nebraska,68114,"O valor está no formato Estado/território + CEP + USA, ou Estado/território + USA."
NE 68198 USA,1,LOCALIDADE_EUA_NAO_PAIS,"Não adicionar em paises.csv. Corrigir para country_name=Estados Unidos, state_sigla e postal_code.",Estados Unidos,NE,Nebraska,68198,"O valor está no formato Estado/território + CEP + USA, ou Estado/território + USA."
NY 10005 USA,1,LOCALIDADE_EUA_NAO_PAIS,"Não adicionar em paises.csv. Corrigir para country_name=Estados Unidos, state_sigla e postal_code.",Estados Unidos,NY,New York,10005,"O valor está no formato Estado/território + CEP + USA, ou Estado/território + USA."
SC 29631 USA,1,LOCALIDADE_EUA_NAO_PAIS,"Não adicionar em paises.csv. Corrigir para country_name=Estados Unidos, state_sigla e postal_code.",Estados Unidos,SC,South Carolina,29631,"O valor está no formato Estado/território + CEP + USA, ou Estado/território + USA."
CO 80111 USA,1,LOCALIDADE_EUA_NAO_PAIS,"Não adicionar em paises.csv. Corrigir para country_name=Estados Unidos, state_sigla e postal_code.",Estados Unidos,CO,Colorado,80111,"O valor está no formato Estado/território + CEP + USA, ou Estado/território + USA."
TX 78705 USA,1,LOCALIDADE_EUA_NAO_PAIS,"Não adicionar em paises.csv. Corrigir para country_name=Estados Unidos, state_sigla e postal_code.",Estados Unidos,TX,Texas,78705,"O valor está no formato Estado/território + CEP + USA, ou Estado/território + USA."
NY 14621 USA,1,LOCALIDADE_EUA_NAO_PAIS,"Não adicionar em paises.csv. Corrigir para country_name=Estados Unidos, state_sigla e postal_code.",Estados Unidos,NY,New York,14621,"O valor está no formato Estado/território + CEP + USA, ou Estado/território + USA."
MS 39216 USA,1,LOCALIDADE_EUA_NAO_PAIS,"Não adicionar em paises.csv. Corrigir para country_name=Estados Unidos, state_sigla e postal_code.",Estados Unidos,MS,Mississippi,39216,"O valor está no formato Estado/território + CEP + USA, ou Estado/território + USA."
OK 73120 USA,1,LOCALIDADE_EUA_NAO_PAIS,"Não adicionar em paises.csv. Corrigir para country_name=Estados Unidos, state_sigla e postal_code.",Estados Unidos,OK,Oklahoma,73120,"O valor está no formato Estado/território + CEP + USA, ou Estado/território + USA."
MS 38801 USA,1,LOCALIDADE_EUA_NAO_PAIS,"Não adicionar em paises.csv. Corrigir para country_name=Estados Unidos, state_sigla e postal_code.",Estados Unidos,MS,Mississippi,38801,"O valor está no formato Estado/território + CEP + USA, ou Estado/território + USA."
GA 30084 USA,1,LOCALIDADE_EUA_NAO_PAIS,"Não adicionar em paises.csv. Corrigir para country_name=Estados Unidos, state_sigla e postal_code.",Estados Unidos,GA,Georgia,30084,"O valor está no formato Estado/território + CEP + USA, ou Estado/território + USA."
NE 68506 USA,1,LOCALIDADE_EUA_NAO_PAIS,"Não adicionar em paises.csv. Corrigir para country_name=Estados Unidos, state_sigla e postal_code.",Estados Unidos,NE,Nebraska,68506,"O valor está no formato Estado/território + CEP + USA, ou Estado/território + USA."
SC 29169 USA,1,LOCALIDADE_EUA_NAO_PAIS,"Não adicionar em paises.csv. Corrigir para country_name=Estados Unidos, state_sigla e postal_code.",Estados Unidos,SC,South Carolina,29169,"O valor está no formato Estado/território + CEP + USA, ou Estado/território + USA."
IL 60153 USA,1,LOCALIDADE_EUA_NAO_PAIS,"Não adicionar em paises.csv. Corrigir para country_name=Estados Unidos, state_sigla e postal_code.",Estados Unidos,IL,Illinois,60153,"O valor está no formato Estado/território + CEP + USA, ou Estado/território + USA."
SC 29817 USA,1,LOCALIDADE_EUA_NAO_PAIS,"Não adicionar em paises.csv. Corrigir para country_name=Estados Unidos, state_sigla e postal_code.",Estados Unidos,SC,South Carolina,29817,"O valor está no formato Estado/território + CEP + USA, ou Estado/território + USA."
GA 30677 USA,1,LOCALIDADE_EUA_NAO_PAIS,"Não adicionar em paises.csv. Corrigir para country_name=Estados Unidos, state_sigla e postal_code.",Estados Unidos,GA,Georgia,30677,"O valor está no formato Estado/território + CEP + USA, ou Estado/território + USA."
MD 21402,1,LOCALIDADE_EUA_NAO_PAIS,"Não adicionar em paises.csv. Corrigir para country_name=Estados Unidos, state_sigla e postal_code.",Estados Unidos,MD,Maryland,21402,"O valor está no formato Estado/território + CEP + USA, ou Estado/território + USA."
MD 21401,1,LOCALIDADE_EUA_NAO_PAIS,"Não adicionar em paises.csv. Corrigir para country_name=Estados Unidos, state_sigla e postal_code.",Estados Unidos,MD,Maryland,21401,"O valor está no formato Estado/território + CEP + USA, ou Estado/território + USA."
VA 23606 USA,1,LOCALIDADE_EUA_NAO_PAIS,"Não adicionar em paises.csv. Corrigir para country_name=Estados Unidos, state_sigla e postal_code.",Estados Unidos,VA,Virginia,23606,"O valor está no formato Estado/território + CEP + USA, ou Estado/território + USA."
GA 30606 USA,1,LOCALIDADE_EUA_NAO_PAIS,"Não adicionar em paises.csv. Corrigir para country_name=Estados Unidos, state_sigla e postal_code.",Estados Unidos,GA,Georgia,30606,"O valor está no formato Estado/território + CEP + USA, ou Estado/território + USA."
FL 32306 USA,1,LOCALIDADE_EUA_NAO_PAIS,"Não adicionar em paises.csv. Corrigir para country_name=Estados Unidos, state_sigla e postal_code.",Estados Unidos,FL,Florida,32306,"O valor está no formato Estado/território + CEP + USA, ou Estado/território + USA."
NM 88401 USA,1,LOCALIDADE_EUA_NAO_PAIS,"Não adicionar em paises.csv. Corrigir para country_name=Estados Unidos, state_sigla e postal_code.",Estados Unidos,NM,New Mexico,88401,"O valor está no formato Estado/território + CEP + USA, ou Estado/território + USA."
NM 88101 USA,1,LOCALIDADE_EUA_NAO_PAIS,"Não adicionar em paises.csv. Corrigir para country_name=Estados Unidos, state_sigla e postal_code.",Estados Unidos,NM,New Mexico,88101,"O valor está no formato Estado/território + CEP + USA, ou Estado/território + USA."
PA 19122 USA,1,LOCALIDADE_EUA_NAO_PAIS,"Não adicionar em paises.csv. Corrigir para country_name=Estados Unidos, state_sigla e postal_code.",Estados Unidos,PA,Pennsylvania,19122,"O valor está no formato Estado/território + CEP + USA, ou Estado/território + USA."
CA 93405 USA,1,LOCALIDADE_EUA_NAO_PAIS,"Não adicionar em paises.csv. Corrigir para country_name=Estados Unidos, state_sigla e postal_code.",Estados Unidos,CA,California,93405,"O valor está no formato Estado/território + CEP + USA, ou Estado/território + USA."
CA 95050 USA,1,LOCALIDADE_EUA_NAO_PAIS,"Não adicionar em paises.csv. Corrigir para country_name=Estados Unidos, state_sigla e postal_code.",Estados Unidos,CA,California,95050,"O valor está no formato Estado/território + CEP + USA, ou Estado/território + USA."
SD 57234 USA,1,LOCALIDADE_EUA_NAO_PAIS,"Não adicionar em paises.csv. Corrigir para country_name=Estados Unidos, state_sigla e postal_code.",Estados Unidos,SD,South Dakota,57234,"O valor está no formato Estado/território + CEP + USA, ou Estado/território + USA."
TX 79915 USA,1,LOCALIDADE_EUA_NAO_PAIS,"Não adicionar em paises.csv. Corrigir para country_name=Estados Unidos, state_sigla e postal_code.",Estados Unidos,TX,Texas,79915,"O valor está no formato Estado/território + CEP + USA, ou Estado/território + USA."
AZ 85282 USA,1,LOCALIDADE_EUA_NAO_PAIS,"Não adicionar em paises.csv. Corrigir para country_name=Estados Unidos, state_sigla e postal_code.",Estados Unidos,AZ,Arizona,85282,"O valor está no formato Estado/território + CEP + USA, ou Estado/território + USA."
AZ 85719 USA,1,LOCALIDADE_EUA_NAO_PAIS,"Não adicionar em paises.csv. Corrigir para country_name=Estados Unidos, state_sigla e postal_code.",Estados Unidos,AZ,Arizona,85719,"O valor está no formato Estado/território + CEP + USA, ou Estado/território + USA."
NJ 08903 USA,1,LOCALIDADE_EUA_NAO_PAIS,"Não adicionar em paises.csv. Corrigir para country_name=Estados Unidos, state_sigla e postal_code.",Estados Unidos,NJ,New Jersey,08903,"O valor está no formato Estado/território + CEP + USA, ou Estado/território + USA."
CA 90032 USA,1,LOCALIDADE_EUA_NAO_PAIS,"Não adicionar em paises.csv. Corrigir para country_name=Estados Unidos, state_sigla e postal_code.",Estados Unidos,CA,California,90032,"O valor está no formato Estado/território + CEP + USA, ou Estado/território + USA."
MD 20688 USA,1,LOCALIDADE_EUA_NAO_PAIS,"Não adicionar em paises.csv. Corrigir para country_name=Estados Unidos, state_sigla e postal_code.",Estados Unidos,MD,Maryland,20688,"O valor está no formato Estado/território + CEP + USA, ou Estado/território + USA."
PA 19038 USA,1,LOCALIDADE_EUA_NAO_PAIS,"Não adicionar em paises.csv. Corrigir para country_name=Estados Unidos, state_sigla e postal_code.",Estados Unidos,PA,Pennsylvania,19038,"O valor está no formato Estado/território + CEP + USA, ou Estado/território + USA."
IL 62026 USA,1,LOCALIDADE_EUA_NAO_PAIS,"Não adicionar em paises.csv. Corrigir para country_name=Estados Unidos, state_sigla e postal_code.",Estados Unidos,IL,Illinois,62026,"O valor está no formato Estado/território + CEP + USA, ou Estado/território + USA."
MI 48009 USA,1,LOCALIDADE_EUA_NAO_PAIS,"Não adicionar em paises.csv. Corrigir para country_name=Estados Unidos, state_sigla e postal_code.",Estados Unidos,MI,Michigan,48009,"O valor está no formato Estado/território + CEP + USA, ou Estado/território + USA."
MI 48307 USA,1,LOCALIDADE_EUA_NAO_PAIS,"Não adicionar em paises.csv. Corrigir para country_name=Estados Unidos, state_sigla e postal_code.",Estados Unidos,MI,Michigan,48307,"O valor está no formato Estado/território + CEP + USA, ou Estado/território + USA."
WI 53560 USA,1,LOCALIDADE_EUA_NAO_PAIS,"Não adicionar em paises.csv. Corrigir para country_name=Estados Unidos, state_sigla e postal_code.",Estados Unidos,WI,Wisconsin,53560,"O valor está no formato Estado/território + CEP + USA, ou Estado/território + USA."
ID 83338 USA,1,LOCALIDADE_EUA_NAO_PAIS,"Não adicionar em paises.csv. Corrigir para country_name=Estados Unidos, state_sigla e postal_code.",Estados Unidos,ID,Idaho,83338,"O valor está no formato Estado/território + CEP + USA, ou Estado/território + USA."
NC 27603 USA,1,LOCALIDADE_EUA_NAO_PAIS,"Não adicionar em paises.csv. Corrigir para country_name=Estados Unidos, state_sigla e postal_code.",Estados Unidos,NC,North Carolina,27603,"O valor está no formato Estado/território + CEP + USA, ou Estado/território + USA."
WI 53713 USA,1,LOCALIDADE_EUA_NAO_PAIS,"Não adicionar em paises.csv. Corrigir para country_name=Estados Unidos, state_sigla e postal_code.",Estados Unidos,WI,Wisconsin,53713,"O valor está no formato Estado/território + CEP + USA, ou Estado/território + USA."
IL 60174 USA,1,LOCALIDADE_EUA_NAO_PAIS,"Não adicionar em paises.csv. Corrigir para country_name=Estados Unidos, state_sigla e postal_code.",Estados Unidos,IL,Illinois,60174,"O valor está no formato Estado/território + CEP + USA, ou Estado/território + USA."
CO 80030 USA,1,LOCALIDADE_EUA_NAO_PAIS,"Não adicionar em paises.csv. Corrigir para country_name=Estados Unidos, state_sigla e postal_code.",Estados Unidos,CO,Colorado,80030,"O valor está no formato Estado/território + CEP + USA, ou Estado/território + USA."
TX 76402 USA,1,LOCALIDADE_EUA_NAO_PAIS,"Não adicionar em paises.csv. Corrigir para country_name=Estados Unidos, state_sigla e postal_code.",Estados Unidos,TX,Texas,76402,"O valor está no formato Estado/território + CEP + USA, ou Estado/território + USA."
CT 26505 USA,1,LOCALIDADE_EUA_NAO_PAIS,"Não adicionar em paises.csv. Corrigir para country_name=Estados Unidos, state_sigla e postal_code.",Estados Unidos,CT,Connecticut,26505,"O valor está no formato Estado/território + CEP + USA, ou Estado/território + USA."
PA 16057 USA,1,LOCALIDADE_EUA_NAO_PAIS,"Não adicionar em paises.csv. Corrigir para country_name=Estados Unidos, state_sigla e postal_code.",Estados Unidos,PA,Pennsylvania,16057,"O valor está no formato Estado/território + CEP + USA, ou Estado/território + USA."
TX 76000 USA,1,LOCALIDADE_EUA_NAO_PAIS,"Não adicionar em paises.csv. Corrigir para country_name=Estados Unidos, state_sigla e postal_code.",Estados Unidos,TX,Texas,76000,"O valor está no formato Estado/território + CEP + USA, ou Estado/território + USA."
WV 25430 USA,1,LOCALIDADE_EUA_NAO_PAIS,"Não adicionar em paises.csv. Corrigir para country_name=Estados Unidos, state_sigla e postal_code.",Estados Unidos,WV,West Virginia,25430,"O valor está no formato Estado/território + CEP + USA, ou Estado/território + USA."
TX 78406 USA,1,LOCALIDADE_EUA_NAO_PAIS,"Não adicionar em paises.csv. Corrigir para country_name=Estados Unidos, state_sigla e postal_code.",Estados Unidos,TX,Texas,78406,"O valor está no formato Estado/território + CEP + USA, ou Estado/território + USA."
MO 63005 USA,1,LOCALIDADE_EUA_NAO_PAIS,"Não adicionar em paises.csv. Corrigir para country_name=Estados Unidos, state_sigla e postal_code.",Estados Unidos,MO,Missouri,63005,"O valor está no formato Estado/território + CEP + USA, ou Estado/território + USA."
WA 98226 USA,1,LOCALIDADE_EUA_NAO_PAIS,"Não adicionar em paises.csv. Corrigir para country_name=Estados Unidos, state_sigla e postal_code.",Estados Unidos,WA,Washington,98226,"O valor está no formato Estado/território + CEP + USA, ou Estado/território + USA."
CA 94132 USA,1,LOCALIDADE_EUA_NAO_PAIS,"Não adicionar em paises.csv. Corrigir para country_name=Estados Unidos, state_sigla e postal_code.",Estados Unidos,CA,California,94132,"O valor está no formato Estado/território + CEP + USA, ou Estado/território + USA."
KY 40404 USA,1,LOCALIDADE_EUA_NAO_PAIS,"Não adicionar em paises.csv. Corrigir para country_name=Estados Unidos, state_sigla e postal_code.",Estados Unidos,KY,Kentucky,40404,"O valor está no formato Estado/território + CEP + USA, ou Estado/território + USA."
MN 55121 USA,1,LOCALIDADE_EUA_NAO_PAIS,"Não adicionar em paises.csv. Corrigir para country_name=Estados Unidos, state_sigla e postal_code.",Estados Unidos,MN,Minnesota,55121,"O valor está no formato Estado/território + CEP + USA, ou Estado/território + USA."
KY 40545 USA,1,LOCALIDADE_EUA_NAO_PAIS,"Não adicionar em paises.csv. Corrigir para country_name=Estados Unidos, state_sigla e postal_code.",Estados Unidos,KY,Kentucky,40545,"O valor está no formato Estado/território + CEP + USA, ou Estado/território + USA."
MD 21211 USA,1,LOCALIDADE_EUA_NAO_PAIS,"Não adicionar em paises.csv. Corrigir para country_name=Estados Unidos, state_sigla e postal_code.",Estados Unidos,MD,Maryland,21211,"O valor está no formato Estado/território + CEP + USA, ou Estado/território + USA."
MA 02446 USA,1,LOCALIDADE_EUA_NAO_PAIS,"Não adicionar em paises.csv. Corrigir para country_name=Estados Unidos, state_sigla e postal_code.",Estados Unidos,MA,Massachusetts,02446,"O valor está no formato Estado/território + CEP + USA, ou Estado/território + USA."
CA 94551 USA,1,LOCALIDADE_EUA_NAO_PAIS,"Não adicionar em paises.csv. Corrigir para country_name=Estados Unidos, state_sigla e postal_code.",Estados Unidos,CA,California,94551,"O valor está no formato Estado/território + CEP + USA, ou Estado/território + USA."
NY 12180 USA,1,LOCALIDADE_EUA_NAO_PAIS,"Não adicionar em paises.csv. Corrigir para country_name=Estados Unidos, state_sigla e postal_code.",Estados Unidos,NY,New York,12180,"O valor está no formato Estado/território + CEP + USA, ou Estado/território + USA."
AR 71601 USA,1,LOCALIDADE_EUA_NAO_PAIS,"Não adicionar em paises.csv. Corrigir para country_name=Estados Unidos, state_sigla e postal_code.",Estados Unidos,AR,Arkansas,71601,"O valor está no formato Estado/território + CEP + USA, ou Estado/território + USA."
MA 02118 USA,1,LOCALIDADE_EUA_NAO_PAIS,"Não adicionar em paises.csv. Corrigir para country_name=Estados Unidos, state_sigla e postal_code.",Estados Unidos,MA,Massachusetts,02118,"O valor está no formato Estado/território + CEP + USA, ou Estado/território + USA."
NC 27601 USA,1,LOCALIDADE_EUA_NAO_PAIS,"Não adicionar em paises.csv. Corrigir para country_name=Estados Unidos, state_sigla e postal_code.",Estados Unidos,NC,North Carolina,27601,"O valor está no formato Estado/território + CEP + USA, ou Estado/território + USA."
NJ 08543 USA,1,LOCALIDADE_EUA_NAO_PAIS,"Não adicionar em paises.csv. Corrigir para country_name=Estados Unidos, state_sigla e postal_code.",Estados Unidos,NJ,New Jersey,08543,"O valor está no formato Estado/território + CEP + USA, ou Estado/território + USA."
PR 00926 USA,1,LOCALIDADE_EUA_NAO_PAIS,"Não adicionar em paises.csv. Corrigir para country_name=Estados Unidos, state_sigla e postal_code.",Estados Unidos,PR,Puerto Rico,00926,"O valor está no formato Estado/território + CEP + USA, ou Estado/território + USA."
FL 33158 USA,1,LOCALIDADE_EUA_NAO_PAIS,"Não adicionar em paises.csv. Corrigir para country_name=Estados Unidos, state_sigla e postal_code.",Estados Unidos,FL,Florida,33158,"O valor está no formato Estado/território + CEP + USA, ou Estado/território + USA."
CO 80216 USA,1,LOCALIDADE_EUA_NAO_PAIS,"Não adicionar em paises.csv. Corrigir para country_name=Estados Unidos, state_sigla e postal_code.",Estados Unidos,CO,Colorado,80216,"O valor está no formato Estado/território + CEP + USA, ou Estado/território + USA."
CA 93401 USA,1,LOCALIDADE_EUA_NAO_PAIS,"Não adicionar em paises.csv. Corrigir para country_name=Estados Unidos, state_sigla e postal_code.",Estados Unidos,CA,California,93401,"O valor está no formato Estado/território + CEP + USA, ou Estado/território + USA."
NY 10025 USA,1,LOCALIDADE_EUA_NAO_PAIS,"Não adicionar em paises.csv. Corrigir para country_name=Estados Unidos, state_sigla e postal_code.",Estados Unidos,NY,New York,10025,"O valor está no formato Estado/território + CEP + USA, ou Estado/território + USA."
SD 57006 USA,1,LOCALIDADE_EUA_NAO_PAIS,"Não adicionar em paises.csv. Corrigir para country_name=Estados Unidos, state_sigla e postal_code.",Estados Unidos,SD,South Dakota,57006,"O valor está no formato Estado/território + CEP + USA, ou Estado/território + USA."
IN 47901 USA,1,LOCALIDADE_EUA_NAO_PAIS,"Não adicionar em paises.csv. Corrigir para country_name=Estados Unidos, state_sigla e postal_code.",Estados Unidos,IN,Indiana,47901,"O valor está no formato Estado/território + CEP + USA, ou Estado/território + USA."
AZ 85623 USA,1,LOCALIDADE_EUA_NAO_PAIS,"Não adicionar em paises.csv. Corrigir para country_name=Estados Unidos, state_sigla e postal_code.",Estados Unidos,AZ,Arizona,85623,"O valor está no formato Estado/território + CEP + USA, ou Estado/território + USA."
NY 10031 USA,1,LOCALIDADE_EUA_NAO_PAIS,"Não adicionar em paises.csv. Corrigir para country_name=Estados Unidos, state_sigla e postal_code.",Estados Unidos,NY,New York,10031,"O valor está no formato Estado/território + CEP + USA, ou Estado/território + USA."
AR 72703 USA,1,LOCALIDADE_EUA_NAO_PAIS,"Não adicionar em paises.csv. Corrigir para country_name=Estados Unidos, state_sigla e postal_code.",Estados Unidos,AR,Arkansas,72703,"O valor está no formato Estado/território + CEP + USA, ou Estado/território + USA."
WA 98225 USA,1,LOCALIDADE_EUA_NAO_PAIS,"Não adicionar em paises.csv. Corrigir para country_name=Estados Unidos, state_sigla e postal_code.",Estados Unidos,WA,Washington,98225,"O valor está no formato Estado/território + CEP + USA, ou Estado/território + USA."
GA 30313 USA,1,LOCALIDADE_EUA_NAO_PAIS,"Não adicionar em paises.csv. Corrigir para country_name=Estados Unidos, state_sigla e postal_code.",Estados Unidos,GA,Georgia,30313,"O valor está no formato Estado/território + CEP + USA, ou Estado/território + USA."
OH 43403 USA,1,LOCALIDADE_EUA_NAO_PAIS,"Não adicionar em paises.csv. Corrigir para country_name=Estados Unidos, state_sigla e postal_code.",Estados Unidos,OH,Ohio,43403,"O valor está no formato Estado/território + CEP + USA, ou Estado/território + USA."
GA 30307 USA,1,LOCALIDADE_EUA_NAO_PAIS,"Não adicionar em paises.csv. Corrigir para country_name=Estados Unidos, state_sigla e postal_code.",Estados Unidos,GA,Georgia,30307,"O valor está no formato Estado/território + CEP + USA, ou Estado/território + USA."
NE 68154 USA,1,LOCALIDADE_EUA_NAO_PAIS,"Não adicionar em paises.csv. Corrigir para country_name=Estados Unidos, state_sigla e postal_code.",Estados Unidos,NE,Nebraska,68154,"O valor está no formato Estado/território + CEP + USA, ou Estado/território + USA."
TX 79968 USA,1,LOCALIDADE_EUA_NAO_PAIS,"Não adicionar em paises.csv. Corrigir para country_name=Estados Unidos, state_sigla e postal_code.",Estados Unidos,TX,Texas,79968,"O valor está no formato Estado/território + CEP + USA, ou Estado/território + USA."
FL 33326 USA,1,LOCALIDADE_EUA_NAO_PAIS,"Não adicionar em paises.csv. Corrigir para country_name=Estados Unidos, state_sigla e postal_code.",Estados Unidos,FL,Florida,33326,"O valor está no formato Estado/território + CEP + USA, ou Estado/território + USA."
FL 33016 USA,1,LOCALIDADE_EUA_NAO_PAIS,"Não adicionar em paises.csv. Corrigir para country_name=Estados Unidos, state_sigla e postal_code.",Estados Unidos,FL,Florida,33016,"O valor está no formato Estado/território + CEP + USA, ou Estado/território + USA."
FL 33143 USA,1,LOCALIDADE_EUA_NAO_PAIS,"Não adicionar em paises.csv. Corrigir para country_name=Estados Unidos, state_sigla e postal_code.",Estados Unidos,FL,Florida,33143,"O valor está no formato Estado/território + CEP + USA, ou Estado/território + USA."
FL 33433 USA,1,LOCALIDADE_EUA_NAO_PAIS,"Não adicionar em paises.csv. Corrigir para country_name=Estados Unidos, state_sigla e postal_code.",Estados Unidos,FL,Florida,33433,"O valor está no formato Estado/território + CEP + USA, ou Estado/território + USA."
CA 94710 USA,1,LOCALIDADE_EUA_NAO_PAIS,"Não adicionar em paises.csv. Corrigir para country_name=Estados Unidos, state_sigla e postal_code.",Estados Unidos,CA,California,94710,"O valor está no formato Estado/território + CEP + USA, ou Estado/território + USA."
IL 61604 USA,1,LOCALIDADE_EUA_NAO_PAIS,"Não adicionar em paises.csv. Corrigir para country_name=Estados Unidos, state_sigla e postal_code.",Estados Unidos,IL,Illinois,61604,"O valor está no formato Estado/território + CEP + USA, ou Estado/território + USA."
SC 29403 USA,1,LOCALIDADE_EUA_NAO_PAIS,"Não adicionar em paises.csv. Corrigir para country_name=Estados Unidos, state_sigla e postal_code.",Estados Unidos,SC,South Carolina,29403,"O valor está no formato Estado/território + CEP + USA, ou Estado/território + USA."
PA 17033 USA,1,LOCALIDADE_EUA_NAO_PAIS,"Não adicionar em paises.csv. Corrigir para country_name=Estados Unidos, state_sigla e postal_code.",Estados Unidos,PA,Pennsylvania,17033,"O valor está no formato Estado/território + CEP + USA, ou Estado/território + USA."
GA 31749 USA,1,LOCALIDADE_EUA_NAO_PAIS,"Não adicionar em paises.csv. Corrigir para country_name=Estados Unidos, state_sigla e postal_code.",Estados Unidos,GA,Georgia,31749,"O valor está no formato Estado/território + CEP + USA, ou Estado/território + USA."
LA 71272 USA,1,LOCALIDADE_EUA_NAO_PAIS,"Não adicionar em paises.csv. Corrigir para country_name=Estados Unidos, state_sigla e postal_code.",Estados Unidos,LA,Louisiana,71272,"O valor está no formato Estado/território + CEP + USA, ou Estado/território + USA."
GA 30318 USA,1,LOCALIDADE_EUA_NAO_PAIS,"Não adicionar em paises.csv. Corrigir para country_name=Estados Unidos, state_sigla e postal_code.",Estados Unidos,GA,Georgia,30318,"O valor está no formato Estado/território + CEP + USA, ou Estado/território + USA."
KS 66045,1,LOCALIDADE_EUA_NAO_PAIS,"Não adicionar em paises.csv. Corrigir para country_name=Estados Unidos, state_sigla e postal_code.",Estados Unidos,KS,Kansas,66045,"O valor está no formato Estado/território + CEP + USA, ou Estado/território + USA."
TX 78596 USA,1,LOCALIDADE_EUA_NAO_PAIS,"Não adicionar em paises.csv. Corrigir para country_name=Estados Unidos, state_sigla e postal_code.",Estados Unidos,TX,Texas,78596,"O valor está no formato Estado/território + CEP + USA, ou Estado/território + USA."
CA 94607 USA,1,LOCALIDADE_EUA_NAO_PAIS,"Não adicionar em paises.csv. Corrigir para country_name=Estados Unidos, state_sigla e postal_code.",Estados Unidos,CA,California,94607,"O valor está no formato Estado/território + CEP + USA, ou Estado/território + USA."
TX 75034 USA,1,LOCALIDADE_EUA_NAO_PAIS,"Não adicionar em paises.csv. Corrigir para country_name=Estados Unidos, state_sigla e postal_code.",Estados Unidos,TX,Texas,75034,"O valor está no formato Estado/território + CEP + USA, ou Estado/território + USA."
WA 98103 USA,1,LOCALIDADE_EUA_NAO_PAIS,"Não adicionar em paises.csv. Corrigir para country_name=Estados Unidos, state_sigla e postal_code.",Estados Unidos,WA,Washington,98103,"O valor está no formato Estado/território + CEP + USA, ou Estado/território + USA."
NY 10458 USA,1,LOCALIDADE_EUA_NAO_PAIS,"Não adicionar em paises.csv. Corrigir para country_name=Estados Unidos, state_sigla e postal_code.",Estados Unidos,NY,New York,10458,"O valor está no formato Estado/território + CEP + USA, ou Estado/território + USA."
TX 76019 USA,1,LOCALIDADE_EUA_NAO_PAIS,"Não adicionar em paises.csv. Corrigir para country_name=Estados Unidos, state_sigla e postal_code.",Estados Unidos,TX,Texas,76019,"O valor está no formato Estado/território + CEP + USA, ou Estado/território + USA."
LA 70504 USA,1,LOCALIDADE_EUA_NAO_PAIS,"Não adicionar em paises.csv. Corrigir para country_name=Estados Unidos, state_sigla e postal_code.",Estados Unidos,LA,Louisiana,70504,"O valor está no formato Estado/território + CEP + USA, ou Estado/território + USA."
PR 00925 USA,1,LOCALIDADE_EUA_NAO_PAIS,"Não adicionar em paises.csv. Corrigir para country_name=Estados Unidos, state_sigla e postal_code.",Estados Unidos,PR,Puerto Rico,00925,"O valor está no formato Estado/território + CEP + USA, ou Estado/território + USA."
WA 98122 USA,1,LOCALIDADE_EUA_NAO_PAIS,"Não adicionar em paises.csv. Corrigir para country_name=Estados Unidos, state_sigla e postal_code.",Estados Unidos,WA,Washington,98122,"O valor está no formato Estado/território + CEP + USA, ou Estado/território + USA."
NY 13244 USA,1,LOCALIDADE_EUA_NAO_PAIS,"Não adicionar em paises.csv. Corrigir para country_name=Estados Unidos, state_sigla e postal_code.",Estados Unidos,NY,New York,13244,"O valor está no formato Estado/território + CEP + USA, ou Estado/território + USA."
CA 95113 USA,1,LOCALIDADE_EUA_NAO_PAIS,"Não adicionar em paises.csv. Corrigir para country_name=Estados Unidos, state_sigla e postal_code.",Estados Unidos,CA,California,95113,"O valor está no formato Estado/território + CEP + USA, ou Estado/território + USA."
WV 25755 USA,1,LOCALIDADE_EUA_NAO_PAIS,"Não adicionar em paises.csv. Corrigir para country_name=Estados Unidos, state_sigla e postal_code.",Estados Unidos,WV,West Virginia,25755,"O valor está no formato Estado/território + CEP + USA, ou Estado/território + USA."
WV 25704 USA,1,LOCALIDADE_EUA_NAO_PAIS,"Não adicionar em paises.csv. Corrigir para country_name=Estados Unidos, state_sigla e postal_code.",Estados Unidos,WV,West Virginia,25704,"O valor está no formato Estado/território + CEP + USA, ou Estado/território + USA."
TN 37110 USA,1,LOCALIDADE_EUA_NAO_PAIS,"Não adicionar em paises.csv. Corrigir para country_name=Estados Unidos, state_sigla e postal_code.",Estados Unidos,TN,Tennessee,37110,"O valor está no formato Estado/território + CEP + USA, ou Estado/território + USA."
MN 55340 USA,1,LOCALIDADE_EUA_NAO_PAIS,"Não adicionar em paises.csv. Corrigir para country_name=Estados Unidos, state_sigla e postal_code.",Estados Unidos,MN,Minnesota,55340,"O valor está no formato Estado/território + CEP + USA, ou Estado/território + USA."
WI 53562 USA,1,LOCALIDADE_EUA_NAO_PAIS,"Não adicionar em paises.csv. Corrigir para country_name=Estados Unidos, state_sigla e postal_code.",Estados Unidos,WI,Wisconsin,53562,"O valor está no formato Estado/território + CEP + USA, ou Estado/território + USA."
VA 22092 USA,1,LOCALIDADE_EUA_NAO_PAIS,"Não adicionar em paises.csv. Corrigir para country_name=Estados Unidos, state_sigla e postal_code.",Estados Unidos,VA,Virginia,22092,"O valor está no formato Estado/território + CEP + USA, ou Estado/território + USA."
MD 21224 USA,1,LOCALIDADE_EUA_NAO_PAIS,"Não adicionar em paises.csv. Corrigir para country_name=Estados Unidos, state_sigla e postal_code.",Estados Unidos,MD,Maryland,21224,"O valor está no formato Estado/território + CEP + USA, ou Estado/território + USA."
TX 77710 USA,1,LOCALIDADE_EUA_NAO_PAIS,"Não adicionar em paises.csv. Corrigir para country_name=Estados Unidos, state_sigla e postal_code.",Estados Unidos,TX,Texas,77710,"O valor está no formato Estado/território + CEP + USA, ou Estado/território + USA."
CO 80218 USA,1,LOCALIDADE_EUA_NAO_PAIS,"Não adicionar em paises.csv. Corrigir para country_name=Estados Unidos, state_sigla e postal_code.",Estados Unidos,CO,Colorado,80218,"O valor está no formato Estado/território + CEP + USA, ou Estado/território + USA."
TX 78041 USA,1,LOCALIDADE_EUA_NAO_PAIS,"Não adicionar em paises.csv. Corrigir para country_name=Estados Unidos, state_sigla e postal_code.",Estados Unidos,TX,Texas,78041,"O valor está no formato Estado/território + CEP + USA, ou Estado/território + USA."
OK 73034 USA,1,LOCALIDADE_EUA_NAO_PAIS,"Não adicionar em paises.csv. Corrigir para country_name=Estados Unidos, state_sigla e postal_code.",Estados Unidos,OK,Oklahoma,73034,"O valor está no formato Estado/território + CEP + USA, ou Estado/território + USA."
MI 48504 USA,1,LOCALIDADE_EUA_NAO_PAIS,"Não adicionar em paises.csv. Corrigir para country_name=Estados Unidos, state_sigla e postal_code.",Estados Unidos,MI,Michigan,48504,"O valor está no formato Estado/território + CEP + USA, ou Estado/território + USA."
MO 63127 USA,1,LOCALIDADE_EUA_NAO_PAIS,"Não adicionar em paises.csv. Corrigir para country_name=Estados Unidos, state_sigla e postal_code.",Estados Unidos,MO,Missouri,63127,"O valor está no formato Estado/território + CEP + USA, ou Estado/território + USA."
IL 60642 USA,1,LOCALIDADE_EUA_NAO_PAIS,"Não adicionar em paises.csv. Corrigir para country_name=Estados Unidos, state_sigla e postal_code.",Estados Unidos,IL,Illinois,60642,"O valor está no formato Estado/território + CEP + USA, ou Estado/território + USA."
TN 37932 USA,1,LOCALIDADE_EUA_NAO_PAIS,"Não adicionar em paises.csv. Corrigir para country_name=Estados Unidos, state_sigla e postal_code.",Estados Unidos,TN,Tennessee,37932,"O valor está no formato Estado/território + CEP + USA, ou Estado/território + USA."
IL 62301 USA,1,LOCALIDADE_EUA_NAO_PAIS,"Não adicionar em paises.csv. Corrigir para country_name=Estados Unidos, state_sigla e postal_code.",Estados Unidos,IL,Illinois,62301,"O valor está no formato Estado/território + CEP + USA, ou Estado/território + USA."
TX 76019,1,LOCALIDADE_EUA_NAO_PAIS,"Não adicionar em paises.csv. Corrigir para country_name=Estados Unidos, state_sigla e postal_code.",Estados Unidos,TX,Texas,76019,"O valor está no formato Estado/território + CEP + USA, ou Estado/território + USA."
OR 97203,1,LOCALIDADE_EUA_NAO_PAIS,"Não adicionar em paises.csv. Corrigir para country_name=Estados Unidos, state_sigla e postal_code.",Estados Unidos,OR,Oregon,97203,"O valor está no formato Estado/território + CEP + USA, ou Estado/território + USA."
GA 31907 USA,1,LOCALIDADE_EUA_NAO_PAIS,"Não adicionar em paises.csv. Corrigir para country_name=Estados Unidos, state_sigla e postal_code.",Estados Unidos,GA,Georgia,31907,"O valor está no formato Estado/território + CEP + USA, ou Estado/território + USA."
DE 19808 USA,1,LOCALIDADE_EUA_NAO_PAIS,"Não adicionar em paises.csv. Corrigir para country_name=Estados Unidos, state_sigla e postal_code.",Estados Unidos,DE,Delaware,19808,"O valor está no formato Estado/território + CEP + USA, ou Estado/território + USA."
GA 30022 USA,1,LOCALIDADE_EUA_NAO_PAIS,"Não adicionar em paises.csv. Corrigir para country_name=Estados Unidos, state_sigla e postal_code.",Estados Unidos,GA,Georgia,30022,"O valor está no formato Estado/território + CEP + USA, ou Estado/território + USA."
OH 44195 USA,1,LOCALIDADE_EUA_NAO_PAIS,"Não adicionar em paises.csv. Corrigir para country_name=Estados Unidos, state_sigla e postal_code.",Estados Unidos,OH,Ohio,44195,"O valor está no formato Estado/território + CEP + USA, ou Estado/território + USA."
OH 43699 USA,1,LOCALIDADE_EUA_NAO_PAIS,"Não adicionar em paises.csv. Corrigir para country_name=Estados Unidos, state_sigla e postal_code.",Estados Unidos,OH,Ohio,43699,"O valor está no formato Estado/território + CEP + USA, ou Estado/território + USA."
MI 48072 USA,1,LOCALIDADE_EUA_NAO_PAIS,"Não adicionar em paises.csv. Corrigir para country_name=Estados Unidos, state_sigla e postal_code.",Estados Unidos,MI,Michigan,48072,"O valor está no formato Estado/território + CEP + USA, ou Estado/território + USA."
TX 75229 USA,1,LOCALIDADE_EUA_NAO_PAIS,"Não adicionar em paises.csv. Corrigir para country_name=Estados Unidos, state_sigla e postal_code.",Estados Unidos,TX,Texas,75229,"O valor está no formato Estado/território + CEP + USA, ou Estado/território + USA."
TX 77842 USA,1,LOCALIDADE_EUA_NAO_PAIS,"Não adicionar em paises.csv. Corrigir para country_name=Estados Unidos, state_sigla e postal_code.",Estados Unidos,TX,Texas,77842,"O valor está no formato Estado/território + CEP + USA, ou Estado/território + USA."
AL 36088 USA,1,LOCALIDADE_EUA_NAO_PAIS,"Não adicionar em paises.csv. Corrigir para country_name=Estados Unidos, state_sigla e postal_code.",Estados Unidos,AL,Alabama,36088,"O valor está no formato Estado/território + CEP + USA, ou Estado/território + USA."
MD 21251 USA,1,LOCALIDADE_EUA_NAO_PAIS,"Não adicionar em paises.csv. Corrigir para country_name=Estados Unidos, state_sigla e postal_code.",Estados Unidos,MD,Maryland,21251,"O valor está no formato Estado/território + CEP + USA, ou Estado/território + USA."
AR 71655 USA,1,LOCALIDADE_EUA_NAO_PAIS,"Não adicionar em paises.csv. Corrigir para country_name=Estados Unidos, state_sigla e postal_code.",Estados Unidos,AR,Arkansas,71655,"O valor está no formato Estado/território + CEP + USA, ou Estado/território + USA."
CA 95814 USA,1,LOCALIDADE_EUA_NAO_PAIS,"Não adicionar em paises.csv. Corrigir para country_name=Estados Unidos, state_sigla e postal_code.",Estados Unidos,CA,California,95814,"O valor está no formato Estado/território + CEP + USA, ou Estado/território + USA."
CA 94705 USA,1,LOCALIDADE_EUA_NAO_PAIS,"Não adicionar em paises.csv. Corrigir para country_name=Estados Unidos, state_sigla e postal_code.",Estados Unidos,CA,California,94705,"O valor está no formato Estado/território + CEP + USA, ou Estado/território + USA."
IL 60608 USA,1,LOCALIDADE_EUA_NAO_PAIS,"Não adicionar em paises.csv. Corrigir para country_name=Estados Unidos, state_sigla e postal_code.",Estados Unidos,IL,Illinois,60608,"O valor está no formato Estado/território + CEP + USA, ou Estado/território + USA."
IL 61107 USA,1,LOCALIDADE_EUA_NAO_PAIS,"Não adicionar em paises.csv. Corrigir para country_name=Estados Unidos, state_sigla e postal_code.",Estados Unidos,IL,Illinois,61107,"O valor está no formato Estado/território + CEP + USA, ou Estado/território + USA."
OR 97124 USA,1,LOCALIDADE_EUA_NAO_PAIS,"Não adicionar em paises.csv. Corrigir para country_name=Estados Unidos, state_sigla e postal_code.",Estados Unidos,OR,Oregon,97124,"O valor está no formato Estado/território + CEP + USA, ou Estado/território + USA."
NY 12222 USA,1,LOCALIDADE_EUA_NAO_PAIS,"Não adicionar em paises.csv. Corrigir para country_name=Estados Unidos, state_sigla e postal_code.",Estados Unidos,NY,New York,12222,"O valor está no formato Estado/território + CEP + USA, ou Estado/território + USA."
NV 89154 USA,1,LOCALIDADE_EUA_NAO_PAIS,"Não adicionar em paises.csv. Corrigir para country_name=Estados Unidos, state_sigla e postal_code.",Estados Unidos,NV,Nevada,89154,"O valor está no formato Estado/território + CEP + USA, ou Estado/território + USA."
WI 54904 USA,1,LOCALIDADE_EUA_NAO_PAIS,"Não adicionar em paises.csv. Corrigir para country_name=Estados Unidos, state_sigla e postal_code.",Estados Unidos,WI,Wisconsin,54904,"O valor está no formato Estado/território + CEP + USA, ou Estado/território + USA."
NC 28723 USA,1,LOCALIDADE_EUA_NAO_PAIS,"Não adicionar em paises.csv. Corrigir para country_name=Estados Unidos, state_sigla e postal_code.",Estados Unidos,NC,North Carolina,28723,"O valor está no formato Estado/território + CEP + USA, ou Estado/território + USA."
GA 30477 USA,1,LOCALIDADE_EUA_NAO_PAIS,"Não adicionar em paises.csv. Corrigir para country_name=Estados Unidos, state_sigla e postal_code.",Estados Unidos,GA,Georgia,30477,"O valor está no formato Estado/território + CEP + USA, ou Estado/território + USA."
MT 59106 USA,1,LOCALIDADE_EUA_NAO_PAIS,"Não adicionar em paises.csv. Corrigir para country_name=Estados Unidos, state_sigla e postal_code.",Estados Unidos,MT,Montana,59106,"O valor está no formato Estado/território + CEP + USA, ou Estado/território + USA."
PA 17821 USA,1,LOCALIDADE_EUA_NAO_PAIS,"Não adicionar em paises.csv. Corrigir para country_name=Estados Unidos, state_sigla e postal_code.",Estados Unidos,PA,Pennsylvania,17821,"O valor está no formato Estado/território + CEP + USA, ou Estado/território + USA."
CA 94118 USA,1,LOCALIDADE_EUA_NAO_PAIS,"Não adicionar em paises.csv. Corrigir para country_name=Estados Unidos, state_sigla e postal_code.",Estados Unidos,CA,California,94118,"O valor está no formato Estado/território + CEP + USA, ou Estado/território + USA."
HI 96743 USA,1,LOCALIDADE_EUA_NAO_PAIS,"Não adicionar em paises.csv. Corrigir para country_name=Estados Unidos, state_sigla e postal_code.",Estados Unidos,HI,Hawaii,96743,"O valor está no formato Estado/território + CEP + USA, ou Estado/território + USA."
TN 37044 USA,1,LOCALIDADE_EUA_NAO_PAIS,"Não adicionar em paises.csv. Corrigir para country_name=Estados Unidos, state_sigla e postal_code.",Estados Unidos,TN,Tennessee,37044,"O valor está no formato Estado/território + CEP + USA, ou Estado/território + USA."
NC 27707 USA,1,LOCALIDADE_EUA_NAO_PAIS,"Não adicionar em paises.csv. Corrigir para country_name=Estados Unidos, state_sigla e postal_code.",Estados Unidos,NC,North Carolina,27707,"O valor está no formato Estado/território + CEP + USA, ou Estado/território + USA."
CA 92110 USA,1,LOCALIDADE_EUA_NAO_PAIS,"Não adicionar em paises.csv. Corrigir para country_name=Estados Unidos, state_sigla e postal_code.",Estados Unidos,CA,California,92110,"O valor está no formato Estado/território + CEP + USA, ou Estado/território + USA."
VI USA,1,LOCALIDADE_EUA_NAO_PAIS,"Não adicionar em paises.csv. Corrigir para country_name=Estados Unidos, state_sigla e postal_code.",Estados Unidos,VI,U.S. Virgin Islands,,"O valor está no formato Estado/território + CEP + USA, ou Estado/território + USA."
WI 53211 USA,1,LOCALIDADE_EUA_NAO_PAIS,"Não adicionar em paises.csv. Corrigir para country_name=Estados Unidos, state_sigla e postal_code.",Estados Unidos,WI,Wisconsin,53211,"O valor está no formato Estado/território + CEP + USA, ou Estado/território + USA."
NC 24711 USA,1,LOCALIDADE_EUA_NAO_PAIS,"Não adicionar em paises.csv. Corrigir para country_name=Estados Unidos, state_sigla e postal_code.",Estados Unidos,NC,North Carolina,24711,"O valor está no formato Estado/território + CEP + USA, ou Estado/território + USA."
MD 21613 USA,1,LOCALIDADE_EUA_NAO_PAIS,"Não adicionar em paises.csv. Corrigir para country_name=Estados Unidos, state_sigla e postal_code.",Estados Unidos,MD,Maryland,21613,"O valor está no formato Estado/território + CEP + USA, ou Estado/território + USA."
MD 21801 USA,1,LOCALIDADE_EUA_NAO_PAIS,"Não adicionar em paises.csv. Corrigir para country_name=Estados Unidos, state_sigla e postal_code.",Estados Unidos,MD,Maryland,21801,"O valor está no formato Estado/território + CEP + USA, ou Estado/território + USA."
HI 96813 USA,1,LOCALIDADE_EUA_NAO_PAIS,"Não adicionar em paises.csv. Corrigir para country_name=Estados Unidos, state_sigla e postal_code.",Estados Unidos,HI,Hawaii,96813,"O valor está no formato Estado/território + CEP + USA, ou Estado/território + USA."
HI 96817 USA,1,LOCALIDADE_EUA_NAO_PAIS,"Não adicionar em paises.csv. Corrigir para country_name=Estados Unidos, state_sigla e postal_code.",Estados Unidos,HI,Hawaii,96817,"O valor está no formato Estado/território + CEP + USA, ou Estado/território + USA."
RI 02809 USA,1,LOCALIDADE_EUA_NAO_PAIS,"Não adicionar em paises.csv. Corrigir para country_name=Estados Unidos, state_sigla e postal_code.",Estados Unidos,RI,Rhode Island,02809,"O valor está no formato Estado/território + CEP + USA, ou Estado/território + USA."
TX 79556 USA,1,LOCALIDADE_EUA_NAO_PAIS,"Não adicionar em paises.csv. Corrigir para country_name=Estados Unidos, state_sigla e postal_code.",Estados Unidos,TX,Texas,79556,"O valor está no formato Estado/território + CEP + USA, ou Estado/território + USA."
MD 21853 USA,1,LOCALIDADE_EUA_NAO_PAIS,"Não adicionar em paises.csv. Corrigir para country_name=Estados Unidos, state_sigla e postal_code.",Estados Unidos,MD,Maryland,21853,"O valor está no formato Estado/território + CEP + USA, ou Estado/território + USA."
FL 32211 USA,1,LOCALIDADE_EUA_NAO_PAIS,"Não adicionar em paises.csv. Corrigir para country_name=Estados Unidos, state_sigla e postal_code.",Estados Unidos,FL,Florida,32211,"O valor está no formato Estado/território + CEP + USA, ou Estado/território + USA."
KY 40202 USA,1,LOCALIDADE_EUA_NAO_PAIS,"Não adicionar em paises.csv. Corrigir para country_name=Estados Unidos, state_sigla e postal_code.",Estados Unidos,KY,Kentucky,40202,"O valor está no formato Estado/território + CEP + USA, ou Estado/território + USA."
NY 10467 USA,1,LOCALIDADE_EUA_NAO_PAIS,"Não adicionar em paises.csv. Corrigir para country_name=Estados Unidos, state_sigla e postal_code.",Estados Unidos,NY,New York,10467,"O valor está no formato Estado/território + CEP + USA, ou Estado/território + USA."
CA 92620 USA,1,LOCALIDADE_EUA_NAO_PAIS,"Não adicionar em paises.csv. Corrigir para country_name=Estados Unidos, state_sigla e postal_code.",Estados Unidos,CA,California,92620,"O valor está no formato Estado/território + CEP + USA, ou Estado/território + USA."
NJ 07110 USA,1,LOCALIDADE_EUA_NAO_PAIS,"Não adicionar em paises.csv. Corrigir para country_name=Estados Unidos, state_sigla e postal_code.",Estados Unidos,NJ,New Jersey,07110,"O valor está no formato Estado/território + CEP + USA, ou Estado/território + USA."
FL 32826 USA,1,LOCALIDADE_EUA_NAO_PAIS,"Não adicionar em paises.csv. Corrigir para country_name=Estados Unidos, state_sigla e postal_code.",Estados Unidos,FL,Florida,32826,"O valor está no formato Estado/território + CEP + USA, ou Estado/território + USA."
OH 44240 USA,1,LOCALIDADE_EUA_NAO_PAIS,"Não adicionar em paises.csv. Corrigir para country_name=Estados Unidos, state_sigla e postal_code.",Estados Unidos,OH,Ohio,44240,"O valor está no formato Estado/território + CEP + USA, ou Estado/território + USA."
LA 71112 USA,1,LOCALIDADE_EUA_NAO_PAIS,"Não adicionar em paises.csv. Corrigir para country_name=Estados Unidos, state_sigla e postal_code.",Estados Unidos,LA,Louisiana,71112,"O valor está no formato Estado/território + CEP + USA, ou Estado/território + USA."
OH 44106 USA,1,LOCALIDADE_EUA_NAO_PAIS,"Não adicionar em paises.csv. Corrigir para country_name=Estados Unidos, state_sigla e postal_code.",Estados Unidos,OH,Ohio,44106,"O valor está no formato Estado/território + CEP + USA, ou Estado/território + USA."
CT 06518 USA,1,LOCALIDADE_EUA_NAO_PAIS,"Não adicionar em paises.csv. Corrigir para country_name=Estados Unidos, state_sigla e postal_code.",Estados Unidos,CT,Connecticut,06518,"O valor está no formato Estado/território + CEP + USA, ou Estado/território + USA."
VA 24142 USA,1,LOCALIDADE_EUA_NAO_PAIS,"Não adicionar em paises.csv. Corrigir para country_name=Estados Unidos, state_sigla e postal_code.",Estados Unidos,VA,Virginia,24142,"O valor está no formato Estado/território + CEP + USA, ou Estado/território + USA."
IL 60609 USA,1,LOCALIDADE_EUA_NAO_PAIS,"Não adicionar em paises.csv. Corrigir para country_name=Estados Unidos, state_sigla e postal_code.",Estados Unidos,IL,Illinois,60609,"O valor está no formato Estado/território + CEP + USA, ou Estado/território + USA."
IA 50614 USA,1,LOCALIDADE_EUA_NAO_PAIS,"Não adicionar em paises.csv. Corrigir para country_name=Estados Unidos, state_sigla e postal_code.",Estados Unidos,IA,Iowa,50614,"O valor está no formato Estado/território + CEP + USA, ou Estado/território + USA."
CA 92618 USA,1,LOCALIDADE_EUA_NAO_PAIS,"Não adicionar em paises.csv. Corrigir para country_name=Estados Unidos, state_sigla e postal_code.",Estados Unidos,CA,California,92618,"O valor está no formato Estado/território + CEP + USA, ou Estado/território + USA."
NY 10038 USA,1,LOCALIDADE_EUA_NAO_PAIS,"Não adicionar em paises.csv. Corrigir para country_name=Estados Unidos, state_sigla e postal_code.",Estados Unidos,NY,New York,10038,"O valor está no formato Estado/território + CEP + USA, ou Estado/território + USA."
AR 71801 USA,1,LOCALIDADE_EUA_NAO_PAIS,"Não adicionar em paises.csv. Corrigir para country_name=Estados Unidos, state_sigla e postal_code.",Estados Unidos,AR,Arkansas,71801,"O valor está no formato Estado/território + CEP + USA, ou Estado/território + USA."
TX 75013 USA,1,LOCALIDADE_EUA_NAO_PAIS,"Não adicionar em paises.csv. Corrigir para country_name=Estados Unidos, state_sigla e postal_code.",Estados Unidos,TX,Texas,75013,"O valor está no formato Estado/território + CEP + USA, ou Estado/território + USA."
MN 56093 USA,1,LOCALIDADE_EUA_NAO_PAIS,"Não adicionar em paises.csv. Corrigir para country_name=Estados Unidos, state_sigla e postal_code.",Estados Unidos,MN,Minnesota,56093,"O valor está no formato Estado/território + CEP + USA, ou Estado/território + USA."
NY 10017 USA,1,LOCALIDADE_EUA_NAO_PAIS,"Não adicionar em paises.csv. Corrigir para country_name=Estados Unidos, state_sigla e postal_code.",Estados Unidos,NY,New York,10017,"O valor está no formato Estado/território + CEP + USA, ou Estado/território + USA."
WV 25443 USA,1,LOCALIDADE_EUA_NAO_PAIS,"Não adicionar em paises.csv. Corrigir para country_name=Estados Unidos, state_sigla e postal_code.",Estados Unidos,WV,West Virginia,25443,"O valor está no formato Estado/território + CEP + USA, ou Estado/território + USA."
FL 34209 USA,1,LOCALIDADE_EUA_NAO_PAIS,"Não adicionar em paises.csv. Corrigir para country_name=Estados Unidos, state_sigla e postal_code.",Estados Unidos,FL,Florida,34209,"O valor está no formato Estado/território + CEP + USA, ou Estado/território + USA."
MI 49503 USA,1,LOCALIDADE_EUA_NAO_PAIS,"Não adicionar em paises.csv. Corrigir para country_name=Estados Unidos, state_sigla e postal_code.",Estados Unidos,MI,Michigan,49503,"O valor está no formato Estado/território + CEP + USA, ou Estado/território + USA."
DE 19718 USA,1,LOCALIDADE_EUA_NAO_PAIS,"Não adicionar em paises.csv. Corrigir para country_name=Estados Unidos, state_sigla e postal_code.",Estados Unidos,DE,Delaware,19718,"O valor está no formato Estado/território + CEP + USA, ou Estado/território + USA."
VA 22201 USA,1,LOCALIDADE_EUA_NAO_PAIS,"Não adicionar em paises.csv. Corrigir para country_name=Estados Unidos, state_sigla e postal_code.",Estados Unidos,VA,Virginia,22201,"O valor está no formato Estado/território + CEP + USA, ou Estado/território + USA."
CO 80524 USA,1,LOCALIDADE_EUA_NAO_PAIS,"Não adicionar em paises.csv. Corrigir para country_name=Estados Unidos, state_sigla e postal_code.",Estados Unidos,CO,Colorado,80524,"O valor está no formato Estado/território + CEP + USA, ou Estado/território + USA."
LA 70808 USA,1,LOCALIDADE_EUA_NAO_PAIS,"Não adicionar em paises.csv. Corrigir para country_name=Estados Unidos, state_sigla e postal_code.",Estados Unidos,LA,Louisiana,70808,"O valor está no formato Estado/território + CEP + USA, ou Estado/território + USA."
NY 13902 USA,1,LOCALIDADE_EUA_NAO_PAIS,"Não adicionar em paises.csv. Corrigir para country_name=Estados Unidos, state_sigla e postal_code.",Estados Unidos,NY,New York,13902,"O valor está no formato Estado/território + CEP + USA, ou Estado/território + USA."
WV 25701 USA,1,LOCALIDADE_EUA_NAO_PAIS,"Não adicionar em paises.csv. Corrigir para country_name=Estados Unidos, state_sigla e postal_code.",Estados Unidos,WV,West Virginia,25701,"O valor está no formato Estado/território + CEP + USA, ou Estado/território + USA."
CA 94609 USA,1,LOCALIDADE_EUA_NAO_PAIS,"Não adicionar em paises.csv. Corrigir para country_name=Estados Unidos, state_sigla e postal_code.",Estados Unidos,CA,California,94609,"O valor está no formato Estado/território + CEP + USA, ou Estado/território + USA."
AL 35401 USA,1,LOCALIDADE_EUA_NAO_PAIS,"Não adicionar em paises.csv. Corrigir para country_name=Estados Unidos, state_sigla e postal_code.",Estados Unidos,AL,Alabama,35401,"O valor está no formato Estado/território + CEP + USA, ou Estado/território + USA."
MO 14263 USA,1,LOCALIDADE_EUA_NAO_PAIS,"Não adicionar em paises.csv. Corrigir para country_name=Estados Unidos, state_sigla e postal_code.",Estados Unidos,MO,Missouri,14263,"O valor está no formato Estado/território + CEP + USA, ou Estado/território + USA."
TN 38501 USA,1,LOCALIDADE_EUA_NAO_PAIS,"Não adicionar em paises.csv. Corrigir para country_name=Estados Unidos, state_sigla e postal_code.",Estados Unidos,TN,Tennessee,38501,"O valor está no formato Estado/território + CEP + USA, ou Estado/território + USA."
CA 94105 USA,1,LOCALIDADE_EUA_NAO_PAIS,"Não adicionar em paises.csv. Corrigir para country_name=Estados Unidos, state_sigla e postal_code.",Estados Unidos,CA,California,94105,"O valor está no formato Estado/território + CEP + USA, ou Estado/território + USA."
AL 36101 USA,1,LOCALIDADE_EUA_NAO_PAIS,"Não adicionar em paises.csv. Corrigir para country_name=Estados Unidos, state_sigla e postal_code.",Estados Unidos,AL,Alabama,36101,"O valor está no formato Estado/território + CEP + USA, ou Estado/território + USA."
NC 27604 USA,1,LOCALIDADE_EUA_NAO_PAIS,"Não adicionar em paises.csv. Corrigir para country_name=Estados Unidos, state_sigla e postal_code.",Estados Unidos,NC,North Carolina,27604,"O valor está no formato Estado/território + CEP + USA, ou Estado/território + USA."
CA 90840 USA,1,LOCALIDADE_EUA_NAO_PAIS,"Não adicionar em paises.csv. Corrigir para country_name=Estados Unidos, state_sigla e postal_code.",Estados Unidos,CA,California,90840,"O valor está no formato Estado/território + CEP + USA, ou Estado/território + USA."
DC 20431 USA,1,LOCALIDADE_EUA_NAO_PAIS,"Não adicionar em paises.csv. Corrigir para country_name=Estados Unidos, state_sigla e postal_code.",Estados Unidos,DC,District of Columbia,20431,"O valor está no formato Estado/território + CEP + USA, ou Estado/território + USA."
TX 76502 USA,1,LOCALIDADE_EUA_NAO_PAIS,"Não adicionar em paises.csv. Corrigir para country_name=Estados Unidos, state_sigla e postal_code.",Estados Unidos,TX,Texas,76502,"O valor está no formato Estado/território + CEP + USA, ou Estado/território + USA."
TX 79404 USA,1,LOCALIDADE_EUA_NAO_PAIS,"Não adicionar em paises.csv. Corrigir para country_name=Estados Unidos, state_sigla e postal_code.",Estados Unidos,TX,Texas,79404,"O valor está no formato Estado/território + CEP + USA, ou Estado/território + USA."
TX 75231 USA,1,LOCALIDADE_EUA_NAO_PAIS,"Não adicionar em paises.csv. Corrigir para country_name=Estados Unidos, state_sigla e postal_code.",Estados Unidos,TX,Texas,75231,"O valor está no formato Estado/território + CEP + USA, ou Estado/território + USA."
NM 88001 USA,1,LOCALIDADE_EUA_NAO_PAIS,"Não adicionar em paises.csv. Corrigir para country_name=Estados Unidos, state_sigla e postal_code.",Estados Unidos,NM,New Mexico,88001,"O valor está no formato Estado/território + CEP + USA, ou Estado/território + USA."
MD 21252 USA,1,LOCALIDADE_EUA_NAO_PAIS,"Não adicionar em paises.csv. Corrigir para country_name=Estados Unidos, state_sigla e postal_code.",Estados Unidos,MD,Maryland,21252,"O valor está no formato Estado/território + CEP + USA, ou Estado/território + USA."
NM 87501 USA,1,LOCALIDADE_EUA_NAO_PAIS,"Não adicionar em paises.csv. Corrigir para country_name=Estados Unidos, state_sigla e postal_code.",Estados Unidos,NM,New Mexico,87501,"O valor está no formato Estado/território + CEP + USA, ou Estado/território + USA."
CO 80246 USA,1,LOCALIDADE_EUA_NAO_PAIS,"Não adicionar em paises.csv. Corrigir para country_name=Estados Unidos, state_sigla e postal_code.",Estados Unidos,CO,Colorado,80246,"O valor está no formato Estado/território + CEP + USA, ou Estado/território + USA."
VT 05401 USA,1,LOCALIDADE_EUA_NAO_PAIS,"Não adicionar em paises.csv. Corrigir para country_name=Estados Unidos, state_sigla e postal_code.",Estados Unidos,VT,Vermont,05401,"O valor está no formato Estado/território + CEP + USA, ou Estado/território + USA."
HI 96732 USA,1,LOCALIDADE_EUA_NAO_PAIS,"Não adicionar em paises.csv. Corrigir para country_name=Estados Unidos, state_sigla e postal_code.",Estados Unidos,HI,Hawaii,96732,"O valor está no formato Estado/território + CEP + USA, ou Estado/território + USA."
HI 96790 USA,1,LOCALIDADE_EUA_NAO_PAIS,"Não adicionar em paises.csv. Corrigir para country_name=Estados Unidos, state_sigla e postal_code.",Estados Unidos,HI,Hawaii,96790,"O valor está no formato Estado/território + CEP + USA, ou Estado/território + USA."
IL 60115 USA,1,LOCALIDADE_EUA_NAO_PAIS,"Não adicionar em paises.csv. Corrigir para country_name=Estados Unidos, state_sigla e postal_code.",Estados Unidos,IL,Illinois,60115,"O valor está no formato Estado/território + CEP + USA, ou Estado/território + USA."
