nome_variacao_original,acao_recomendada,destino_sugerido,tipo_sugerido,nome_canonico_sugerido,observacao,confianca
Minist Agr & Rural Affairs,mover_para_organizacoes,organizacoes,Órgão público / ministério,Ministry of Agriculture and Rural Affairs,Não é instituição de ensino; cadastrar em organizacoes.,Alta
USDA ARS,mover_para_organizacoes,organizacoes,Agência pública de pesquisa,United States Department of Agriculture - Agricultural Research Service,Não é universidade; pode ficar em organizações/institutos de pesquisa.,Alta
Minist Agr,mover_para_organizacoes,organizacoes,Órgão público / agência / organismo internacional,Ministry Agricultural,"Padrão de ministério, governo, departamento ou agência. Não cadastrar como universidade.",Alta
Minist Educ,mover_para_organizacoes,organizacoes,Órgão público / agência / organismo internacional,Ministry Educ,"Padrão de ministério, governo, departamento ou agência. Não cadastrar como universidade.",Alta
USDA,mover_para_organizacoes,organizacoes,Agência pública,United States Department of Agriculture,Não é universidade.,Alta
Appl Sci Private Univ,mover_para_organizacoes,organizacoes,Empresa privada / centro corporativo,Appl Science Private University,Padrão de empresa privada ou centro de P&D corporativo.,Alta
Brigham & Womens Hosp,mover_para_organizacoes,organizacoes,Hospital,Brigham and Women's Hospital,Não é universidade; hospital/centro médico.,Alta
European Space Agcy,mover_para_organizacoes,organizacoes,Agência internacional,European Space Agency,Não é universidade.,Alta
Dept Primary Ind & Reg Dev,mover_para_organizacoes,organizacoes,Órgão público / agência / organismo internacional,Department Primary Ind & Reg Dev,"Padrão de ministério, governo, departamento ou agência. Não cadastrar como universidade.",Alta
European Commiss,mover_para_organizacoes,organizacoes,Organismo governamental/internacional,European Commission,Não é universidade.,Alta
Hanumayamma Innovat & Technol Inc,mover_para_organizacoes,organizacoes,Empresa privada / centro corporativo,Hanumayamma Innovat & Technology Inc,Padrão de empresa privada ou centro de P&D corporativo.,Alta
Harvard TH Chan Sch Publ Hlth,mover_para_organizacoes,organizacoes,Hospital / clínica / centro médico,Harvard TH Chan Sch Publ Health,Não cadastrar como instituição de ensino principal.,Alta
Microsoft,mover_para_organizacoes,organizacoes,Empresa privada,Microsoft,Não é universidade.,Alta
Minist Hlth,mover_para_organizacoes,organizacoes,Órgão público / agência / organismo internacional,Ministry Health,"Padrão de ministério, governo, departamento ou agência. Não cadastrar como universidade.",Alta
Massachusetts Gen Hosp,mover_para_organizacoes,organizacoes,Hospital,Massachusetts General Hospital,Não é universidade; hospital/centro médico.,Alta
Corteva Agrisci,mover_para_organizacoes,organizacoes,Empresa privada,Corteva Agriscience,Não é universidade.,Alta
Minist Nat Resources,mover_para_organizacoes,organizacoes,Órgão público / agência / organismo internacional,Ministry Nat Resources,"Padrão de ministério, governo, departamento ou agência. Não cadastrar como universidade.",Alta
Royal Adelaide Hosp,mover_para_organizacoes,organizacoes,Hospital,Royal Adelaide Hospital,Não é universidade.,Alta
Hanumayamma Innovat & Technol Private Ltd,mover_para_organizacoes,organizacoes,Empresa privada / centro corporativo,Hanumayamma Innovat & Technology Private Ltd,Padrão de empresa privada ou centro de P&D corporativo.,Alta
US Geol Survey,mover_para_organizacoes,organizacoes,Órgão público / agência / organismo internacional,US Geol Survey,"Padrão de ministério, governo, departamento ou agência. Não cadastrar como universidade.",Alta
Govt India,mover_para_organizacoes,organizacoes,Órgão público / agência / organismo internacional,Govt India,"Padrão de ministério, governo, departamento ou agência. Não cadastrar como universidade.",Alta
LV Prasad Eye Inst,mover_para_organizacoes,organizacoes,Hospital / clínica / centro médico,LV Prasad Eye Institute,Não cadastrar como instituição de ensino principal.,Alta
Bayer Crop Sci,mover_para_organizacoes,organizacoes,Empresa privada,Bayer Crop Science,Não é universidade.,Alta
Microsoft Corp,mover_para_organizacoes,organizacoes,Empresa privada,Microsoft Corporation,Não é universidade.,Alta
KIET Grp Inst,mover_para_organizacoes,organizacoes,Empresa privada / centro corporativo,KIET Grp Institute,Padrão de empresa privada ou centro de P&D corporativo.,Alta
Texas A&M Univ Syst,mover_para_organizacoes,organizacoes,Empresa privada / centro corporativo,Texas A&M University Syst,Padrão de empresa privada ou centro de P&D corporativo.,Alta
Flinders Med Ctr,mover_para_organizacoes,organizacoes,Hospital / clínica / centro médico,Flinders Med Center,Não cadastrar como instituição de ensino principal.,Alta
IBM Res,mover_para_organizacoes,organizacoes,Centro de pesquisa corporativo,IBM Research,Não é universidade.,Alta
Food & Agr Org United Nations FAO,mover_para_organizacoes,organizacoes,Organismo internacional,Food and Agriculture Organization of the United Nations,Não é universidade.,Alta
NASA,mover_para_organizacoes,organizacoes,Agência pública,National Aeronautics and Space Administration,Não é universidade.,Alta
Food & Agr Org United Nations,mover_para_organizacoes,organizacoes,Organismo internacional,Food and Agriculture Organization of the United Nations,Não é universidade.,Alta
Food Agil CRC Ltd,mover_para_organizacoes,organizacoes,Empresa privada / centro corporativo,Food Agil CRC Ltd,Padrão de empresa privada ou centro de P&D corporativo.,Alta
US Environm Protect Agcy,mover_para_organizacoes,organizacoes,Órgão público / agência / organismo internacional,US Environment Protect Agency,"Padrão de ministério, governo, departamento ou agência. Não cadastrar como universidade.",Alta
Agr Res Corp,mover_para_organizacoes,organizacoes,Empresa privada / centro corporativo,Agricultural Research Corp,Padrão de empresa privada ou centro de P&D corporativo.,Alta
AIT Austrian Inst Technol GmbH,mover_para_organizacoes,organizacoes,Empresa privada / centro corporativo,AIT Austrian Institute Technology GmbH,Padrão de empresa privada ou centro de P&D corporativo.,Alta
Natl Clin Res Ctr Eye Dis,mover_para_organizacoes,organizacoes,Hospital / clínica / centro médico,National Clin Research Center Eye Dis,Não cadastrar como instituição de ensino principal.,Alta
Ras Labs Inc,mover_para_organizacoes,organizacoes,Empresa privada / centro corporativo,Ras Labs Inc,Padrão de empresa privada ou centro de P&D corporativo.,Alta
Tassal Grp,mover_para_organizacoes,organizacoes,Empresa privada / centro corporativo,Tassal Grp,Padrão de empresa privada ou centro de P&D corporativo.,Alta
UNINOVA Ctr Technol & Syst CTS,mover_para_organizacoes,organizacoes,Empresa privada / centro corporativo,UNINOVA Center Technology & Syst CTS,Padrão de empresa privada ou centro de P&D corporativo.,Alta
NOAA,mover_para_organizacoes,organizacoes,Agência pública,National Oceanic and Atmospheric Administration,Não é universidade.,Alta
Royal Victorian Eye & Ear Hosp,mover_para_organizacoes,organizacoes,Hospital / clínica / centro médico,Royal Victorian Eye & Ear Hospital,Não cadastrar como instituição de ensino principal.,Alta
Lions Eye Inst,mover_para_organizacoes,organizacoes,Hospital / clínica / centro médico,Lions Eye Institute,Não cadastrar como instituição de ensino principal.,Alta
Beijing Engn & Technol Res Ctr Internet Things Ag,mover_para_organizacoes,organizacoes,Empresa privada / centro corporativo,Beijing Engineering & Technology Research Center Internet Things Ag,Padrão de empresa privada ou centro de P&D corporativo.,Alta
US Forest Serv,mover_para_organizacoes,organizacoes,Órgão público / agência / organismo internacional,US Forest Serv,"Padrão de ministério, governo, departamento ou agência. Não cadastrar como universidade.",Alta
INESC TEC Inst Syst & Comp Engn Technol & Sci,mover_para_organizacoes,organizacoes,Empresa privada / centro corporativo,INESC TEC Institute Syst & Comp Engineering Technology & Science,Padrão de empresa privada ou centro de P&D corporativo.,Alta
Minist Ecol & Environm,mover_para_organizacoes,organizacoes,Órgão público / agência / organismo internacional,Ministry Ecol & Environment,"Padrão de ministério, governo, departamento ou agência. Não cadastrar como universidade.",Alta
Ballarat Base Hosp,mover_para_organizacoes,organizacoes,Hospital / clínica / centro médico,Ballarat Base Hospital,Não cadastrar como instituição de ensino principal.,Alta
farmB Digital Agr SA,mover_para_organizacoes,organizacoes,Empresa privada / centro corporativo,farmB Digital Agricultural SA,Padrão de empresa privada ou centro de P&D corporativo.,Alta
Partners Hlth,mover_para_organizacoes,organizacoes,Hospital / clínica / centro médico,Partners Health,Não cadastrar como instituição de ensino principal.,Alta
Dept Agr,mover_para_organizacoes,organizacoes,Órgão público / agência / organismo internacional,Department Agricultural,"Padrão de ministério, governo, departamento ou agência. Não cadastrar como universidade.",Alta
Mayo Clin,mover_para_organizacoes,organizacoes,Hospital / centro médico,Mayo Clinic,Não é universidade.,Alta
Johns Hopkins Bloomberg Sch Publ Hlth,mover_para_organizacoes,organizacoes,Hospital / clínica / centro médico,Johns Hopkins Bloomberg Sch Publ Health,Não cadastrar como instituição de ensino principal.,Alta
Brazilian Agr Res Corp,mover_para_organizacoes,organizacoes,Empresa privada / centro corporativo,Brazilian Agricultural Research Corp,Padrão de empresa privada ou centro de P&D corporativo.,Alta
Minist Earth Sci,mover_para_organizacoes,organizacoes,Órgão público / agência / organismo internacional,Ministry Earth Science,"Padrão de ministério, governo, departamento ou agência. Não cadastrar como universidade.",Alta
Westmead Hosp,mover_para_organizacoes,organizacoes,Hospital / clínica / centro médico,Westmead Hospital,Não cadastrar como instituição de ensino principal.,Alta
Virtual Hlth Hub,mover_para_organizacoes,organizacoes,Hospital / clínica / centro médico,Virtual Health Hub,Não cadastrar como instituição de ensino principal.,Alta
Corp Univ Empresarial Alexander Von Humboldt,mover_para_organizacoes,organizacoes,Empresa privada / centro corporativo,Corp University Empresarial Alexander Von Humboldt,Padrão de empresa privada ou centro de P&D corporativo.,Alta
GTEV ReX Ltd,mover_para_organizacoes,organizacoes,Empresa privada / centro corporativo,GTEV ReX Ltd,Padrão de empresa privada ou centro de P&D corporativo.,Alta
Princess Alexandra Hosp,mover_para_organizacoes,organizacoes,Hospital / clínica / centro médico,Princess Alexandra Hospital,Não cadastrar como instituição de ensino principal.,Alta
Gen Hosp Northern Theater Command,mover_para_organizacoes,organizacoes,Hospital / clínica / centro médico,Gen Hospital Northern Theater Command,Não cadastrar como instituição de ensino principal.,Alta
NYU Langone Hlth,mover_para_organizacoes,organizacoes,Hospital / clínica / centro médico,NYU Langone Health,Não cadastrar como instituição de ensino principal.,Alta
Persistent Syst,mover_para_organizacoes,organizacoes,Empresa privada / centro corporativo,Persistent Syst,Padrão de empresa privada ou centro de P&D corporativo.,Alta
Inst Syst & Comp Engn Technol & Sci INESC TEC,mover_para_organizacoes,organizacoes,Empresa privada / centro corporativo,Institute Syst & Comp Engineering Technology & Science INESC TEC,Padrão de empresa privada ou centro de P&D corporativo.,Alta
United Nations Univ,mover_para_organizacoes,organizacoes,Órgão público / agência / organismo internacional,United Nations University,"Padrão de ministério, governo, departamento ou agência. Não cadastrar como universidade.",Alta
ICAR Indian Inst Farming Syst Res,mover_para_organizacoes,organizacoes,Empresa privada / centro corporativo,ICAR Indian Institute Farming Syst Research,Padrão de empresa privada ou centro de P&D corporativo.,Alta
NATL INST ANIM HLTH,mover_para_organizacoes,organizacoes,Hospital / clínica / centro médico,National Institute ANIM Health,Não cadastrar como instituição de ensino principal.,Alta
Alberta Hlth Serv,mover_para_organizacoes,organizacoes,Hospital / clínica / centro médico,Alberta Health Serv,Não cadastrar como instituição de ensino principal.,Alta
Marshfield Clin Res Inst,mover_para_organizacoes,organizacoes,Hospital / clínica / centro médico,Marshfield Clin Research Institute,Não cadastrar como instituição de ensino principal.,Alta
Henan Prov Peoples Hosp,mover_para_organizacoes,organizacoes,Hospital / clínica / centro médico,Henan Prov Peoples Hospital,Não cadastrar como instituição de ensino principal.,Alta
Beijing Tsinghua Changgung Hosp,mover_para_organizacoes,organizacoes,Hospital / clínica / centro médico,Beijing Tsinghua Changgung Hospital,Não cadastrar como instituição de ensino principal.,Alta
Bayer US Crop Sci,mover_para_organizacoes,organizacoes,Empresa privada / centro corporativo,Bayer US Crop Science,Padrão de empresa privada ou centro de P&D corporativo.,Alta
Univ Arkansas Syst,mover_para_organizacoes,organizacoes,Empresa privada / centro corporativo,University Arkansas Syst,Padrão de empresa privada ou centro de P&D corporativo.,Alta
Intelligent Syst Associate Lab LASI,mover_para_organizacoes,organizacoes,Empresa privada / centro corporativo,Intelligent Syst Associate Lab LASI,Padrão de empresa privada ou centro de P&D corporativo.,Alta
Yechun Food Prod & Distribut Co Ltd,mover_para_organizacoes,organizacoes,Empresa privada / centro corporativo,Yechun Food Prod & Distribut Co Ltd,Padrão de empresa privada ou centro de P&D corporativo.,Alta
Minist Emergency Management China,mover_para_organizacoes,organizacoes,Órgão público / agência / organismo internacional,Ministry Emergency Management China,"Padrão de ministério, governo, departamento ou agência. Não cadastrar como universidade.",Alta
Reg Agcy Agr Dev,mover_para_organizacoes,organizacoes,Órgão público / agência / organismo internacional,Reg Agency Agricultural Dev,"Padrão de ministério, governo, departamento ou agência. Não cadastrar como universidade.",Alta
Dept Comp Sci,mover_para_organizacoes,organizacoes,Órgão público / agência / organismo internacional,Department Comp Science,"Padrão de ministério, governo, departamento ou agência. Não cadastrar como universidade.",Alta
BP Koirala Inst Hlth Sci,mover_para_organizacoes,organizacoes,Hospital / clínica / centro médico,BP Koirala Institute Health Science,Não cadastrar como instituição de ensino principal.,Alta
Natl Res & Innovat Agcy BRIN,mover_para_organizacoes,organizacoes,Órgão público / agência / organismo internacional,National Research & Innovat Agency BRIN,"Padrão de ministério, governo, departamento ou agência. Não cadastrar como universidade.",Alta
World Bank,mover_para_organizacoes,organizacoes,Organismo internacional,World Bank,Não é universidade.,Alta
Inst Med Res & Occupat Hlth,mover_para_organizacoes,organizacoes,Hospital / clínica / centro médico,Institute Med Research & Occupat Health,Não cadastrar como instituição de ensino principal.,Alta
Idea Re Srl,mover_para_organizacoes,organizacoes,Empresa privada / centro corporativo,Idea Re Srl,Padrão de empresa privada ou centro de P&D corporativo.,Alta
Translat Hlth Sci & Technol Inst,mover_para_organizacoes,organizacoes,Hospital / clínica / centro médico,Translat Health Science & Technology Institute,Não cadastrar como instituição de ensino principal.,Alta
Fraunhofer Inst Intelligent Anal & Informat Syst,mover_para_organizacoes,organizacoes,Empresa privada / centro corporativo,Fraunhofer Institute Intelligent Anal & Informat Syst,Padrão de empresa privada ou centro de P&D corporativo.,Alta
Natl Ctr Global Hlth & Med,mover_para_organizacoes,organizacoes,Hospital / clínica / centro médico,National Center Global Health & Med,Não cadastrar como instituição de ensino principal.,Alta
Amazon,mover_para_organizacoes,organizacoes,Empresa privada / centro corporativo,Amazon,Padrão de empresa privada ou centro de P&D corporativo.,Alta
Aventis CropSci GmbH,mover_para_organizacoes,organizacoes,Empresa privada / centro corporativo,Aventis CropSci GmbH,Padrão de empresa privada ou centro de P&D corporativo.,Alta
Metisa Biotechnol Co Ltd,mover_para_organizacoes,organizacoes,Empresa privada / centro corporativo,Metisa Biotechnol Co Ltd,Padrão de empresa privada ou centro de P&D corporativo.,Alta
Royal North Shore Hosp,mover_para_organizacoes,organizacoes,Hospital / clínica / centro médico,Royal North Shore Hospital,Não cadastrar como instituição de ensino principal.,Alta
Lyell McEwin Hosp,mover_para_organizacoes,organizacoes,Hospital / clínica / centro médico,Lyell McEwin Hospital,Não cadastrar como instituição de ensino principal.,Alta
Royal Melbourne Hosp,mover_para_organizacoes,organizacoes,Hospital,Royal Melbourne Hospital,Não é universidade.,Alta
Dawoon Co Ltd,mover_para_organizacoes,organizacoes,Empresa privada / centro corporativo,Dawoon Co Ltd,Padrão de empresa privada ou centro de P&D corporativo.,Alta
DFKI GmbH,mover_para_organizacoes,organizacoes,Empresa privada / centro corporativo,DFKI GmbH,Padrão de empresa privada ou centro de P&D corporativo.,Alta
NanoSciTec GmbH,mover_para_organizacoes,organizacoes,Empresa privada / centro corporativo,NanoSciTec GmbH,Padrão de empresa privada ou centro de P&D corporativo.,Alta
Natl Key Lab Smart Farm Technol & Syst,mover_para_organizacoes,organizacoes,Empresa privada / centro corporativo,National Key Lab Smart Farm Technology & Syst,Padrão de empresa privada ou centro de P&D corporativo.,Alta
QZ Solut,mover_para_organizacoes,organizacoes,Empresa privada / centro corporativo,QZ Solut,Padrão de empresa privada ou centro de P&D corporativo.,Alta
Sch Educ Dept,mover_para_organizacoes,organizacoes,Órgão público / agência / organismo internacional,Sch Educ Department,"Padrão de ministério, governo, departamento ou agência. Não cadastrar como universidade.",Alta
Orange Polska SA,mover_para_organizacoes,organizacoes,Empresa privada / centro corporativo,Orange Polska SA,Padrão de empresa privada ou centro de P&D corporativo.,Alta
Geisinger Med Ctr,mover_para_organizacoes,organizacoes,Hospital / clínica / centro médico,Geisinger Med Center,Não cadastrar como instituição de ensino principal.,Alta
Mt Sinai Hosp,mover_para_organizacoes,organizacoes,Hospital / clínica / centro médico,Mt Sinai Hospital,Não cadastrar como instituição de ensino principal.,Alta
Shell Int Explorat & Prod Inc,mover_para_organizacoes,organizacoes,Empresa privada / centro corporativo,Shell Int Explorat & Prod Inc,Padrão de empresa privada ou centro de P&D corporativo.,Alta
DigiTech Lab LLC,mover_para_organizacoes,organizacoes,Empresa privada / centro corporativo,DigiTech Lab LLC,Padrão de empresa privada ou centro de P&D corporativo.,Alta
Corp Univ Reformada,mover_para_organizacoes,organizacoes,Empresa privada / centro corporativo,Corp University Reformada,Padrão de empresa privada ou centro de P&D corporativo.,Alta
United Nations Dev Programme UNDP,mover_para_organizacoes,organizacoes,Organismo internacional,United Nations Development Programme,Não é universidade.,Alta
Beth Israel Deaconess Med Ctr,mover_para_organizacoes,organizacoes,Hospital / clínica / centro médico,Beth Israel Deaconess Med Center,Não cadastrar como instituição de ensino principal.,Alta
Innov8ai Inc,mover_para_organizacoes,organizacoes,Empresa privada / centro corporativo,Innov8ai Inc,Padrão de empresa privada ou centro de P&D corporativo.,Alta
Minist Agr & Rural Affairs Peoples Republ China,mover_para_organizacoes,organizacoes,Órgão público / ministério,Ministry of Agriculture and Rural Affairs of the People's Republic of China,Não é universidade.,Alta
Hosp Olhos Sergipe,mover_para_organizacoes,organizacoes,Hospital / clínica / centro médico,Hospital Olhos Sergipe,Não cadastrar como instituição de ensino principal.,Alta
Bayer Telemedallianz BTA,mover_para_organizacoes,organizacoes,Empresa privada / centro corporativo,Bayer Telemedallianz BTA,Padrão de empresa privada ou centro de P&D corporativo.,Alta
Fed Minist Hlth,mover_para_organizacoes,organizacoes,Órgão público / agência / organismo internacional,Federal Ministry Health,"Padrão de ministério, governo, departamento ou agência. Não cadastrar como universidade.",Alta
SDAS Res Grp,mover_para_organizacoes,organizacoes,Empresa privada / centro corporativo,SDAS Research Grp,Padrão de empresa privada ou centro de P&D corporativo.,Alta
European Space Agcy Lab,mover_para_organizacoes,organizacoes,Órgão público / agência / organismo internacional,European Space Agency Lab,"Padrão de ministério, governo, departamento ou agência. Não cadastrar como universidade.",Alta
AgResearch Ltd,mover_para_organizacoes,organizacoes,Empresa privada / centro corporativo,AgResearch Ltd,Padrão de empresa privada ou centro de P&D corporativo.,Alta
AGCO Corp,mover_para_organizacoes,organizacoes,Empresa privada / centro corporativo,AGCO Corp,Padrão de empresa privada ou centro de P&D corporativo.,Alta
State Space Agcy Ukraine,mover_para_organizacoes,organizacoes,Órgão público / agência / organismo internacional,State Space Agency Ukraine,"Padrão de ministério, governo, departamento ou agência. Não cadastrar como universidade.",Alta
South Australian Hlth & Med Res Inst,mover_para_organizacoes,organizacoes,Hospital / clínica / centro médico,South Australian Health & Med Research Institute,Não cadastrar como instituição de ensino principal.,Alta
Anim & Plant Hlth Inspect Serv,mover_para_organizacoes,organizacoes,Hospital / clínica / centro médico,Anim & Plant Health Inspect Serv,Não cadastrar como instituição de ensino principal.,Alta
TOELT LLC,mover_para_organizacoes,organizacoes,Empresa privada / centro corporativo,TOELT LLC,Padrão de empresa privada ou centro de P&D corporativo.,Alta
Braln Ltd,mover_para_organizacoes,organizacoes,Empresa privada / centro corporativo,Braln Ltd,Padrão de empresa privada ou centro de P&D corporativo.,Alta
Minist Environm Water & Agr,mover_para_organizacoes,organizacoes,Órgão público / agência / organismo internacional,Ministry Environment Water & Agricultural,"Padrão de ministério, governo, departamento ou agência. Não cadastrar como universidade.",Alta
Chandigarh Grp Coll,mover_para_organizacoes,organizacoes,Empresa privada / centro corporativo,Chandigarh Grp College,Padrão de empresa privada ou centro de P&D corporativo.,Alta
Tomsk State Univ Control Syst & Radioelect,mover_para_organizacoes,organizacoes,Empresa privada / centro corporativo,Tomsk State University Control Syst & Radioelect,Padrão de empresa privada ou centro de P&D corporativo.,Alta
Parala Maharaja Engn Coll Govt,mover_para_organizacoes,organizacoes,Órgão público / agência / organismo internacional,Parala Maharaja Engineering College Govt,"Padrão de ministério, governo, departamento ou agência. Não cadastrar como universidade.",Alta
Minist Higher Educ Sci Res & Innovat,mover_para_organizacoes,organizacoes,Órgão público / agência / organismo internacional,Ministry Higher Educ Science Research & Innovat,"Padrão de ministério, governo, departamento ou agência. Não cadastrar como universidade.",Alta
Farm4trade Srl,mover_para_organizacoes,organizacoes,Empresa privada / centro corporativo,Farm4trade Srl,Padrão de empresa privada ou centro de P&D corporativo.,Alta
Mitsubishi Electr Corp,mover_para_organizacoes,organizacoes,Empresa privada / centro corporativo,Mitsubishi Electr Corp,Padrão de empresa privada ou centro de P&D corporativo.,Alta
New Brunswick Dept Agr Aquaculture & Fisheries,mover_para_organizacoes,organizacoes,Órgão público / agência / organismo internacional,New Brunswick Department Agricultural Aquaculture & Fisheries,"Padrão de ministério, governo, departamento ou agência. Não cadastrar como universidade.",Alta
Aventis CropSci GmbH Frankfurt,mover_para_organizacoes,organizacoes,Empresa privada / centro corporativo,Aventis CropSci GmbH Frankfurt,Padrão de empresa privada ou centro de P&D corporativo.,Alta
DNDG srl,mover_para_organizacoes,organizacoes,Empresa privada / centro corporativo,DNDG srl,Padrão de empresa privada ou centro de P&D corporativo.,Alta
CMED Hlth Ltd,mover_para_organizacoes,organizacoes,Hospital / clínica / centro médico,CMED Health Ltd,Não cadastrar como instituição de ensino principal.,Alta
Queensland Govt,mover_para_organizacoes,organizacoes,Órgão público / agência / organismo internacional,Queensland Govt,"Padrão de ministério, governo, departamento ou agência. Não cadastrar como universidade.",Alta
Inst Commun & Comp Syst,mover_para_organizacoes,organizacoes,Empresa privada / centro corporativo,Institute Commun & Comp Syst,Padrão de empresa privada ou centro de P&D corporativo.,Alta
InternetSpeech Inc,mover_para_organizacoes,organizacoes,Empresa privada / centro corporativo,InternetSpeech Inc,Padrão de empresa privada ou centro de P&D corporativo.,Alta
Syngenta Jealotts Hill Int Res Ctr,mover_para_organizacoes,organizacoes,Empresa privada / centro corporativo,Syngenta Jealotts Hill Int Research Center,Padrão de empresa privada ou centro de P&D corporativo.,Alta
IBM Multi Act Co Ltd,mover_para_organizacoes,organizacoes,Empresa privada / centro corporativo,IBM Multi Act Co Ltd,Padrão de empresa privada ou centro de P&D corporativo.,Alta
Govt Punjab,mover_para_organizacoes,organizacoes,Órgão público / agência / organismo internacional,Govt Punjab,"Padrão de ministério, governo, departamento ou agência. Não cadastrar como universidade.",Alta
Swiss Trop & Publ Hlth Inst,mover_para_organizacoes,organizacoes,Hospital / clínica / centro médico,Swiss Trop & Publ Health Institute,Não cadastrar como instituição de ensino principal.,Alta
Govt Med Coll,mover_para_organizacoes,organizacoes,Órgão público / agência / organismo internacional,Govt Med College,"Padrão de ministério, governo, departamento ou agência. Não cadastrar como universidade.",Alta
iKnowHow SA,mover_para_organizacoes,organizacoes,Empresa privada / centro corporativo,iKnowHow SA,Padrão de empresa privada ou centro de P&D corporativo.,Alta
BASF SA,mover_para_organizacoes,organizacoes,Empresa privada / centro corporativo,BASF SA,Padrão de empresa privada ou centro de P&D corporativo.,Alta
SA Engn Coll,mover_para_organizacoes,organizacoes,Empresa privada / centro corporativo,SA Engineering College,Padrão de empresa privada ou centro de P&D corporativo.,Alta
Aravind Eye Hosp,mover_para_organizacoes,organizacoes,Hospital / clínica / centro médico,Aravind Eye Hospital,Não cadastrar como instituição de ensino principal.,Alta
EVJA Srl,mover_para_organizacoes,organizacoes,Empresa privada / centro corporativo,EVJA Srl,Padrão de empresa privada ou centro de P&D corporativo.,Alta
Corp Univ Minuto Dios UNIMINUTO,mover_para_organizacoes,organizacoes,Empresa privada / centro corporativo,Corp University Minuto Dios UNIMINUTO,Padrão de empresa privada ou centro de P&D corporativo.,Alta
BAYER LANDESANSTALT BODENKULTUR & PFLANZENBAU,mover_para_organizacoes,organizacoes,Empresa privada / centro corporativo,BAYER LANDESANSTALT BODENKULTUR & PFLANZENBAU,Padrão de empresa privada ou centro de P&D corporativo.,Alta
Minist Food & Agr,mover_para_organizacoes,organizacoes,Órgão público / agência / organismo internacional,Ministry Food & Agricultural,"Padrão de ministério, governo, departamento ou agência. Não cadastrar como universidade.",Alta
SISTEMA GmbH,mover_para_organizacoes,organizacoes,Empresa privada / centro corporativo,SISTEMA GmbH,Padrão de empresa privada ou centro de P&D corporativo.,Alta
IBM TJ Watson Res Ctr,mover_para_organizacoes,organizacoes,Empresa privada / centro corporativo,IBM TJ Watson Research Center,Padrão de empresa privada ou centro de P&D corporativo.,Alta
Eurofins Agrosci Serv Ecotox GmbH,mover_para_organizacoes,organizacoes,Empresa privada / centro corporativo,Eurofins Agrosci Serv Ecotox GmbH,Padrão de empresa privada ou centro de P&D corporativo.,Alta
New Zealand Inst Plant & Food Res Ltd,mover_para_organizacoes,organizacoes,Empresa privada / centro corporativo,New Zealand Institute Plant & Food Research Ltd,Padrão de empresa privada ou centro de P&D corporativo.,Alta
Midea Grp,mover_para_organizacoes,organizacoes,Empresa privada / centro corporativo,Midea Grp,Padrão de empresa privada ou centro de P&D corporativo.,Alta
Sound Solut Sustainable Sci,mover_para_organizacoes,organizacoes,Empresa privada / centro corporativo,Sound Solut Sustainable Science,Padrão de empresa privada ou centro de P&D corporativo.,Alta
Hayan Grp,mover_para_organizacoes,organizacoes,Empresa privada / centro corporativo,Hayan Grp,Padrão de empresa privada ou centro de P&D corporativo.,Alta
Ephlux Pvt Ltd,mover_para_organizacoes,organizacoes,Empresa privada / centro corporativo,Ephlux Pvt Ltd,Padrão de empresa privada ou centro de P&D corporativo.,Alta
EPAM Syst,mover_para_organizacoes,organizacoes,Empresa privada / centro corporativo,EPAM Syst,Padrão de empresa privada ou centro de P&D corporativo.,Alta
Natl Inst Publ Hlth & Environm,mover_para_organizacoes,organizacoes,Hospital / clínica / centro médico,National Institute Publ Health & Environment,Não cadastrar como instituição de ensino principal.,Alta
Omni Analyt Grp,mover_para_organizacoes,organizacoes,Empresa privada / centro corporativo,Omni Analyt Grp,Padrão de empresa privada ou centro de P&D corporativo.,Alta
Nebraska Dept Water Energy & Environm,mover_para_organizacoes,organizacoes,Órgão público / agência / organismo internacional,Nebraska Department Water Energy & Environment,"Padrão de ministério, governo, departamento ou agência. Não cadastrar como universidade.",Alta
Bio Zenith Sci Res Pvt Ltd,mover_para_organizacoes,organizacoes,Empresa privada / centro corporativo,Bio Zenith Science Research Pvt Ltd,Padrão de empresa privada ou centro de P&D corporativo.,Alta
CENEX LAND OLAKES AG SERV,mover_para_organizacoes,organizacoes,Empresa privada / centro corporativo,CENEX LAND OLAKES AG SERV,Padrão de empresa privada ou centro de P&D corporativo.,Alta
Pacific Rim Labs Inc,mover_para_organizacoes,organizacoes,Empresa privada / centro corporativo,Pacific Rim Labs Inc,Padrão de empresa privada ou centro de P&D corporativo.,Alta
Norwest Italia Srl,mover_para_organizacoes,organizacoes,Empresa privada / centro corporativo,Norwest Italia Srl,Padrão de empresa privada ou centro de P&D corporativo.,Alta
AgroFair Europe BV,mover_para_organizacoes,organizacoes,Empresa privada / centro corporativo,AgroFair Europe BV,Padrão de empresa privada ou centro de P&D corporativo.,Alta
Govt Grad Coll Women,mover_para_organizacoes,organizacoes,Órgão público / agência / organismo internacional,Govt Grad College Women,"Padrão de ministério, governo, departamento ou agência. Não cadastrar como universidade.",Alta
Agcy New & Renewable Energy Res & Technol ANERT,mover_para_organizacoes,organizacoes,Órgão público / agência / organismo internacional,Agency New & Renewable Energy Research & Technology ANERT,"Padrão de ministério, governo, departamento ou agência. Não cadastrar como universidade.",Alta
Natl Ctr Hlth Housing,mover_para_organizacoes,organizacoes,Hospital / clínica / centro médico,National Center Health Housing,Não cadastrar como instituição de ensino principal.,Alta
Assoc Ric Cardiol,mover_para_organizacoes,organizacoes,Hospital / clínica / centro médico,Assoc Ric Cardiol,Não cadastrar como instituição de ensino principal.,Alta
Khulna Govt Mahila Coll,mover_para_organizacoes,organizacoes,Órgão público / agência / organismo internacional,Khulna Govt Mahila College,"Padrão de ministério, governo, departamento ou agência. Não cadastrar como universidade.",Alta
Lingyange Semicond Inc,mover_para_organizacoes,organizacoes,Empresa privada / centro corporativo,Lingyange Semicond Inc,Padrão de empresa privada ou centro de P&D corporativo.,Alta
Jinong Inc,mover_para_organizacoes,organizacoes,Empresa privada / centro corporativo,Jinong Inc,Padrão de empresa privada ou centro de P&D corporativo.,Alta
CESifo GmbH,mover_para_organizacoes,organizacoes,Empresa privada / centro corporativo,CESifo GmbH,Padrão de empresa privada ou centro de P&D corporativo.,Alta
E1 Datascience LTD,mover_para_organizacoes,organizacoes,Empresa privada / centro corporativo,E1 Datascience LTD,Padrão de empresa privada ou centro de P&D corporativo.,Alta
VA Med Ctr Natl TeleOncol,mover_para_organizacoes,organizacoes,Hospital / clínica / centro médico,VA Med Center National TeleOncol,Não cadastrar como instituição de ensino principal.,Alta
Shuangjiang Maternal & Child Hlth Hosp,mover_para_organizacoes,organizacoes,Hospital / clínica / centro médico,Shuangjiang Maternal & Child Health Hospital,Não cadastrar como instituição de ensino principal.,Alta
CYANAMID CANADA INC,mover_para_organizacoes,organizacoes,Empresa privada / centro corporativo,CYANAMID CANADA INC,Padrão de empresa privada ou centro de P&D corporativo.,Alta
In Yoshii Hosp Med Corp Genyu,mover_para_organizacoes,organizacoes,Hospital / clínica / centro médico,In Yoshii Hospital Med Corp Genyu,Não cadastrar como instituição de ensino principal.,Alta
Kochi Prefectural Aki Gen Hosp,mover_para_organizacoes,organizacoes,Hospital / clínica / centro médico,Kochi Prefectural Aki Gen Hospital,Não cadastrar como instituição de ensino principal.,Alta
Kochi Prefectural Hata Kenmin Hosp,mover_para_organizacoes,organizacoes,Hospital / clínica / centro médico,Kochi Prefectural Hata Kenmin Hospital,Não cadastrar como instituição de ensino principal.,Alta
Otsuki Hosp,mover_para_organizacoes,organizacoes,Hospital / clínica / centro médico,Otsuki Hospital,Não cadastrar como instituição de ensino principal.,Alta
Hancom Inc,mover_para_organizacoes,organizacoes,Empresa privada / centro corporativo,Hancom Inc,Padrão de empresa privada ou centro de P&D corporativo.,Alta
Exro SAS,mover_para_organizacoes,organizacoes,Empresa privada / centro corporativo,Exro SAS,Padrão de empresa privada ou centro de P&D corporativo.,Alta
Brazilian Agr Res Corp Embrapa Agr Digital,mover_para_organizacoes,organizacoes,Empresa privada / centro corporativo,Brazilian Agricultural Research Corp Embrapa Agricultural Digital,Padrão de empresa privada ou centro de P&D corporativo.,Alta
Brazilian Agr Res Corp Embrapa Cerrados,mover_para_organizacoes,organizacoes,Empresa privada / centro corporativo,Brazilian Agricultural Research Corp Embrapa Cerrados,Padrão de empresa privada ou centro de P&D corporativo.,Alta
Brazilian Agr Res Corp Embrapa Meio Ambiente,mover_para_organizacoes,organizacoes,Empresa privada / centro corporativo,Brazilian Agricultural Research Corp Embrapa Meio Ambiente,Padrão de empresa privada ou centro de P&D corporativo.,Alta
TRAIL Inc,mover_para_organizacoes,organizacoes,Empresa privada / centro corporativo,TRAIL Inc,Padrão de empresa privada ou centro de P&D corporativo.,Alta
Hellen Telecommun Org OTE SA,mover_para_organizacoes,organizacoes,Empresa privada / centro corporativo,Hellen Telecommun Org OTE SA,Padrão de empresa privada ou centro de P&D corporativo.,Alta
Dept Hlth & Aged Care,mover_para_organizacoes,organizacoes,Órgão público / agência / organismo internacional,Department Health & Aged Care,"Padrão de ministério, governo, departamento ou agência. Não cadastrar como universidade.",Alta
Strateq Grp Co,mover_para_organizacoes,organizacoes,Empresa privada / centro corporativo,Strateq Grp Co,Padrão de empresa privada ou centro de P&D corporativo.,Alta
Balearic Isl Hlth Res Inst IdISBa,mover_para_organizacoes,organizacoes,Hospital / clínica / centro médico,Balearic Isl Health Research Institute IdISBa,Não cadastrar como instituição de ensino principal.,Alta
Beijing Key Lab Logist Syst & Technol,mover_para_organizacoes,organizacoes,Empresa privada / centro corporativo,Beijing Key Lab Logist Syst & Technology,Padrão de empresa privada ou centro de P&D corporativo.,Alta
Minist Agr Livestock Fisheries & Cooperat,mover_para_organizacoes,organizacoes,Órgão público / agência / organismo internacional,Ministry Agricultural Livestock Fisheries & Cooperat,"Padrão de ministério, governo, departamento ou agência. Não cadastrar como universidade.",Alta
Syst Res Inst,mover_para_organizacoes,organizacoes,Empresa privada / centro corporativo,Syst Research Institute,Padrão de empresa privada ou centro de P&D corporativo.,Alta
Dept Hist Uzbekistan,mover_para_organizacoes,organizacoes,Órgão público / agência / organismo internacional,Department Hist Uzbekistan,"Padrão de ministério, governo, departamento ou agência. Não cadastrar como universidade.",Alta
Harvard Pilgrim Hlth Care Inst,mover_para_organizacoes,organizacoes,Hospital / clínica / centro médico,Harvard Pilgrim Health Care Institute,Não cadastrar como instituição de ensino principal.,Alta
RHM Technol Ltd,mover_para_organizacoes,organizacoes,Empresa privada / centro corporativo,RHM Technology Ltd,Padrão de empresa privada ou centro de P&D corporativo.,Alta
BRALN Ltd,mover_para_organizacoes,organizacoes,Empresa privada / centro corporativo,BRALN Ltd,Padrão de empresa privada ou centro de P&D corporativo.,Alta
Siterwell Elect Co Ltd,mover_para_organizacoes,organizacoes,Empresa privada / centro corporativo,Siterwell Elect Co Ltd,Padrão de empresa privada ou centro de P&D corporativo.,Alta
Soonapse Srl SME,mover_para_organizacoes,organizacoes,Empresa privada / centro corporativo,Soonapse Srl SME,Padrão de empresa privada ou centro de P&D corporativo.,Alta
Natl Hlth Syst Resource Ctr,mover_para_organizacoes,organizacoes,Hospital / clínica / centro médico,National Health Syst Resource Center,Não cadastrar como instituição de ensino principal.,Alta
Romanian Space Agcy,mover_para_organizacoes,organizacoes,Órgão público / agência / organismo internacional,Romanian Space Agency,"Padrão de ministério, governo, departamento ou agência. Não cadastrar como universidade.",Alta
STS Sugar Co Ltd,mover_para_organizacoes,organizacoes,Empresa privada / centro corporativo,STS Sugar Co Ltd,Padrão de empresa privada ou centro de P&D corporativo.,Alta
Sipcam Crop Sci Wuxi Co Ltd,mover_para_organizacoes,organizacoes,Empresa privada / centro corporativo,Sipcam Crop Science Wuxi Co Ltd,Padrão de empresa privada ou centro de P&D corporativo.,Alta
Govt Sadiq Coll Women Univ,mover_para_organizacoes,organizacoes,Órgão público / agência / organismo internacional,Govt Sadiq College Women University,"Padrão de ministério, governo, departamento ou agência. Não cadastrar como universidade.",Alta
BigVison Med Technol Ltd,mover_para_organizacoes,organizacoes,Empresa privada / centro corporativo,BigVison Med Technology Ltd,Padrão de empresa privada ou centro de P&D corporativo.,Alta
Shibei Hosp Jingan Dist Shanghai,mover_para_organizacoes,organizacoes,Hospital / clínica / centro médico,Shibei Hospital Jingan Dist Shanghai,Não cadastrar como instituição de ensino principal.,Alta
Bayer Vital GMBH,mover_para_organizacoes,organizacoes,Empresa privada / centro corporativo,Bayer Vital GMBH,Padrão de empresa privada ou centro de P&D corporativo.,Alta
INDAM GNCS Res Grp,mover_para_organizacoes,organizacoes,Empresa privada / centro corporativo,INDAM GNCS Research Grp,Padrão de empresa privada ou centro de P&D corporativo.,Alta
Ecodevelopment SA,mover_para_organizacoes,organizacoes,Empresa privada / centro corporativo,Ecodevelopment SA,Padrão de empresa privada ou centro de P&D corporativo.,Alta
Fifth Hosp Wuhan,mover_para_organizacoes,organizacoes,Hospital / clínica / centro médico,Fifth Hospital Wuhan,Não cadastrar como instituição de ensino principal.,Alta
Imperial Coll Healthcare NHS Trust,mover_para_organizacoes,organizacoes,Hospital / clínica / centro médico,Imperial College Healthcare NHS Trust,Não cadastrar como instituição de ensino principal.,Alta
Minist Agr & Rural Affairs China,mover_para_organizacoes,organizacoes,Órgão público / ministério,Ministry of Agriculture and Rural Affairs of the People's Republic of China,Variação do ministério chinês.,Alta
Farmlab Pty Ltd,mover_para_organizacoes,organizacoes,Empresa privada / centro corporativo,Farmlab Pty Ltd,Padrão de empresa privada ou centro de P&D corporativo.,Alta
Hosp Santa Creu & Sant Pau,mover_para_organizacoes,organizacoes,Hospital / clínica / centro médico,Hospital Santa Creu & Sant Pau,Não cadastrar como instituição de ensino principal.,Alta
Fdn Hosp Jove,mover_para_organizacoes,organizacoes,Hospital / clínica / centro médico,Fdn Hospital Jove,Não cadastrar como instituição de ensino principal.,Alta
West Virginia Dept Agr,mover_para_organizacoes,organizacoes,Órgão público / agência / organismo internacional,West Virginia Department Agricultural,"Padrão de ministério, governo, departamento ou agência. Não cadastrar como universidade.",Alta
RJB Computat Modeling LLC,mover_para_organizacoes,organizacoes,Empresa privada / centro corporativo,RJB Computat Modeling LLC,Padrão de empresa privada ou centro de P&D corporativo.,Alta
Univ North Texas Syst,mover_para_organizacoes,organizacoes,Empresa privada / centro corporativo,University North Texas Syst,Padrão de empresa privada ou centro de P&D corporativo.,Alta
FarmB Digital Agr SA,mover_para_organizacoes,organizacoes,Empresa privada / centro corporativo,FarmB Digital Agricultural SA,Padrão de empresa privada ou centro de P&D corporativo.,Alta
Minist Environm & Tourism,mover_para_organizacoes,organizacoes,Órgão público / agência / organismo internacional,Ministry Environment & Tourism,"Padrão de ministério, governo, departamento ou agência. Não cadastrar como universidade.",Alta
Muddy Machines Ltd,mover_para_organizacoes,organizacoes,Empresa privada / centro corporativo,Muddy Machines Ltd,Padrão de empresa privada ou centro de P&D corporativo.,Alta
Ensoag LLC,mover_para_organizacoes,organizacoes,Empresa privada / centro corporativo,Ensoag LLC,Padrão de empresa privada ou centro de P&D corporativo.,Alta
Chengdu Res Inst Huawei Technol Co Ltd,mover_para_organizacoes,organizacoes,Empresa privada / centro corporativo,Chengdu Research Institute Huawei Technology Co Ltd,Padrão de empresa privada ou centro de P&D corporativo.,Alta
Breeding & Reprod Minist Educ,mover_para_organizacoes,organizacoes,Órgão público / agência / organismo internacional,Breeding & Reprod Ministry Educ,"Padrão de ministério, governo, departamento ou agência. Não cadastrar como universidade.",Alta
Minist Agr & Nat Resources,mover_para_organizacoes,organizacoes,Órgão público / agência / organismo internacional,Ministry Agricultural & Nat Resources,"Padrão de ministério, governo, departamento ou agência. Não cadastrar como universidade.",Alta
Natl Agcy Sci & Engn Infrastruct,mover_para_organizacoes,organizacoes,Órgão público / agência / organismo internacional,National Agency Science & Engineering Infrastruct,"Padrão de ministério, governo, departamento ou agência. Não cadastrar como universidade.",Alta
Nanjing Hundun Informat Technol CO Ltd,mover_para_organizacoes,organizacoes,Empresa privada / centro corporativo,Nanjing Hundun Informat Technology CO Ltd,Padrão de empresa privada ou centro de P&D corporativo.,Alta
State Grid Hunan Elect Power Co Ltd Res Inst,mover_para_organizacoes,organizacoes,Empresa privada / centro corporativo,State Grid Hunan Elect Power Co Ltd Research Institute,Padrão de empresa privada ou centro de P&D corporativo.,Alta
Syngenta AG,mover_para_organizacoes,organizacoes,Empresa privada / centro corporativo,Syngenta AG,Padrão de empresa privada ou centro de P&D corporativo.,Alta
AgAutomate Pvt Ltd,mover_para_organizacoes,organizacoes,Empresa privada / centro corporativo,AgAutomate Pvt Ltd,Padrão de empresa privada ou centro de P&D corporativo.,Alta
Webster Vienna Private Univ,mover_para_organizacoes,organizacoes,Empresa privada / centro corporativo,Webster Vienna Private University,Padrão de empresa privada ou centro de P&D corporativo.,Alta
Minist Higher Educ & Sci Res,mover_para_organizacoes,organizacoes,Órgão público / agência / organismo internacional,Ministry Higher Educ & Science Research,"Padrão de ministério, governo, departamento ou agência. Não cadastrar como universidade.",Alta
Sinarmas Forestry Corp Res & Dev,mover_para_organizacoes,organizacoes,Empresa privada / centro corporativo,Sinarmas Forestry Corp Research & Dev,Padrão de empresa privada ou centro de P&D corporativo.,Alta
Govt Postgrad Coll,mover_para_organizacoes,organizacoes,Órgão público / agência / organismo internacional,Govt Postgrad College,"Padrão de ministério, governo, departamento ou agência. Não cadastrar como universidade.",Alta
Tencent Cloud Comp Beijing Co Ltd,mover_para_organizacoes,organizacoes,Empresa privada / centro corporativo,Tencent Cloud Comp Beijing Co Ltd,Padrão de empresa privada ou centro de P&D corporativo.,Alta
VTU Engn GmbH,mover_para_organizacoes,organizacoes,Empresa privada / centro corporativo,VTU Engineering GmbH,Padrão de empresa privada ou centro de P&D corporativo.,Alta
Austrian Agcy Hlth & Food Safety AGES,mover_para_organizacoes,organizacoes,Órgão público / agência / organismo internacional,Austrian Agency Health & Food Safety AGES,"Padrão de ministério, governo, departamento ou agência. Não cadastrar como universidade.",Alta
Anim & Plant Hlth Agcy,mover_para_organizacoes,organizacoes,Órgão público / agência / organismo internacional,Anim & Plant Health Agency,"Padrão de ministério, governo, departamento ou agência. Não cadastrar como universidade.",Alta
Minist Agr Environm & Climate Protect State Brande,mover_para_organizacoes,organizacoes,Órgão público / agência / organismo internacional,Ministry Agricultural Environment & Climate Protect State Brande,"Padrão de ministério, governo, departamento ou agência. Não cadastrar como universidade.",Alta
Yokogawa Elect Corp,mover_para_organizacoes,organizacoes,Empresa privada / centro corporativo,Yokogawa Elect Corp,Padrão de empresa privada ou centro de P&D corporativo.,Alta
Beijing Inst Astronaut Syst Engn,mover_para_organizacoes,organizacoes,Empresa privada / centro corporativo,Beijing Institute Astronaut Syst Engineering,Padrão de empresa privada ou centro de P&D corporativo.,Alta
NASA Goddard Inst Space Studies GISS,mover_para_organizacoes,organizacoes,Órgão público / agência / organismo internacional,NASA Goddard Institute Space Studies GISS,"Padrão de ministério, governo, departamento ou agência. Não cadastrar como universidade.",Alta
AIG Hosp,mover_para_organizacoes,organizacoes,Hospital / clínica / centro médico,AIG Hospital,Não cadastrar como instituição de ensino principal.,Alta
Minist Natl Educ,mover_para_organizacoes,organizacoes,Órgão público / agência / organismo internacional,Ministry National Educ,"Padrão de ministério, governo, departamento ou agência. Não cadastrar como universidade.",Alta
Gen Dynam Corp,mover_para_organizacoes,organizacoes,Empresa privada / centro corporativo,Gen Dynam Corp,Padrão de empresa privada ou centro de P&D corporativo.,Alta
Lucana Agcy Dev & Innovat Agr,mover_para_organizacoes,organizacoes,Órgão público / agência / organismo internacional,Lucana Agency Dev & Innovat Agricultural,"Padrão de ministério, governo, departamento ou agência. Não cadastrar como universidade.",Alta
Govt Pakistan,mover_para_organizacoes,organizacoes,Órgão público / agência / organismo internacional,Govt Pakistan,"Padrão de ministério, governo, departamento ou agência. Não cadastrar como universidade.",Alta
Pharmacia Corp,mover_para_organizacoes,organizacoes,Empresa privada / centro corporativo,Pharmacia Corp,Padrão de empresa privada ou centro de P&D corporativo.,Alta
Agris42 GmbH,mover_para_organizacoes,organizacoes,Empresa privada / centro corporativo,Agris42 GmbH,Padrão de empresa privada ou centro de P&D corporativo.,Alta
Nurithm Labs Private Ltd,mover_para_organizacoes,organizacoes,Empresa privada / centro corporativo,Nurithm Labs Private Ltd,Padrão de empresa privada ou centro de P&D corporativo.,Alta
Skin Aid Clin,mover_para_organizacoes,organizacoes,Hospital / clínica / centro médico,Skin Aid Clin,Não cadastrar como instituição de ensino principal.,Alta
Sahrudya Hosp,mover_para_organizacoes,organizacoes,Hospital / clínica / centro médico,Sahrudya Hospital,Não cadastrar como instituição de ensino principal.,Alta
Musical Hlth Technol,mover_para_organizacoes,organizacoes,Hospital / clínica / centro médico,Musical Health Technology,Não cadastrar como instituição de ensino principal.,Alta
SPF SrL,mover_para_organizacoes,organizacoes,Empresa privada / centro corporativo,SPF SrL,Padrão de empresa privada ou centro de P&D corporativo.,Alta
Certis Europe BV,mover_para_organizacoes,organizacoes,Empresa privada / centro corporativo,Certis Europe BV,Padrão de empresa privada ou centro de P&D corporativo.,Alta
ARC Syst Res GmbH,mover_para_organizacoes,organizacoes,Empresa privada / centro corporativo,ARC Syst Research GmbH,Padrão de empresa privada ou centro de P&D corporativo.,Alta
Dept Elect & Instrumentat Engn,mover_para_organizacoes,organizacoes,Órgão público / agência / organismo internacional,Department Elect & Instrumentat Engineering,"Padrão de ministério, governo, departamento ou agência. Não cadastrar como universidade.",Alta
Inst Better Hlth,mover_para_organizacoes,organizacoes,Hospital / clínica / centro médico,Institute Better Health,Não cadastrar como instituição de ensino principal.,Alta
Chengdu New Sun Crop Sci Co Ltd,mover_para_organizacoes,organizacoes,Empresa privada / centro corporativo,Chengdu New Sun Crop Science Co Ltd,Padrão de empresa privada ou centro de P&D corporativo.,Alta
Dept Elect Engn,mover_para_organizacoes,organizacoes,Órgão público / agência / organismo internacional,Department Elect Engineering,"Padrão de ministério, governo, departamento ou agência. Não cadastrar como universidade.",Alta
Dept Biol Syst Engn,mover_para_organizacoes,organizacoes,Órgão público / agência / organismo internacional,Department Biol Syst Engineering,"Padrão de ministério, governo, departamento ou agência. Não cadastrar como universidade.",Alta
Hosp Obrero 2,mover_para_organizacoes,organizacoes,Hospital / clínica / centro médico,Hospital Obrero 2,Não cadastrar como instituição de ensino principal.,Alta
Silicon Orchard Ltd,mover_para_organizacoes,organizacoes,Empresa privada / centro corporativo,Silicon Orchard Ltd,Padrão de empresa privada ou centro de P&D corporativo.,Alta
Heji Hosp,mover_para_organizacoes,organizacoes,Hospital / clínica / centro médico,Heji Hospital,Não cadastrar como instituição de ensino principal.,Alta
Shenzhen Longgang Otorhinolaryngol Hosp,mover_para_organizacoes,organizacoes,Hospital / clínica / centro médico,Shenzhen Longgang Otorhinolaryngol Hospital,Não cadastrar como instituição de ensino principal.,Alta
West China Hosp,mover_para_organizacoes,organizacoes,Hospital / clínica / centro médico,West China Hospital,Não cadastrar como instituição de ensino principal.,Alta
Know Your Bee Inc,mover_para_organizacoes,organizacoes,Empresa privada / centro corporativo,Know Your Bee Inc,Padrão de empresa privada ou centro de P&D corporativo.,Alta
Florida Dept Agr & Consumer Serv,mover_para_organizacoes,organizacoes,Órgão público / agência / organismo internacional,Florida Department Agricultural & Consumer Serv,"Padrão de ministério, governo, departamento ou agência. Não cadastrar como universidade.",Alta
NSW Dept Primary Ind,mover_para_organizacoes,organizacoes,Órgão público / agência / organismo internacional,NSW Department Primary Ind,"Padrão de ministério, governo, departamento ou agência. Não cadastrar como universidade.",Alta
Ctr Rech Grains Inc CEROM,mover_para_organizacoes,organizacoes,Empresa privada / centro corporativo,Center Rech Grains Inc CEROM,Padrão de empresa privada ou centro de P&D corporativo.,Alta
Parasight Syst Inc,mover_para_organizacoes,organizacoes,Empresa privada / centro corporativo,Parasight Syst Inc,Padrão de empresa privada ou centro de P&D corporativo.,Alta
Commiss Sci & Technol,mover_para_organizacoes,organizacoes,Órgão público / agência / organismo internacional,Commission Science & Technology,"Padrão de ministério, governo, departamento ou agência. Não cadastrar como universidade.",Alta
Michigan Ctr Rural Hlth,mover_para_organizacoes,organizacoes,Hospital / clínica / centro médico,Michigan Center Rural Health,Não cadastrar como instituição de ensino principal.,Alta
Guangdong Second Prov Gen Hosp,mover_para_organizacoes,organizacoes,Hospital / clínica / centro médico,Guangdong Second Prov Gen Hospital,Não cadastrar como instituição de ensino principal.,Alta
Volvo Grp India Pvt Ltd,mover_para_organizacoes,organizacoes,Empresa privada / centro corporativo,Volvo Grp India Pvt Ltd,Padrão de empresa privada ou centro de P&D corporativo.,Alta
RC2 Inc,mover_para_organizacoes,organizacoes,Empresa privada / centro corporativo,RC2 Inc,Padrão de empresa privada ou centro de P&D corporativo.,Alta
Res & Entrepreneurship Dev Ltd,mover_para_organizacoes,organizacoes,Empresa privada / centro corporativo,Research & Entrepreneurship Dev Ltd,Padrão de empresa privada ou centro de P&D corporativo.,Alta
ShangHaiDieCheng BM Software Unit,mover_para_organizacoes,organizacoes,Empresa privada / centro corporativo,ShangHaiDieCheng BM Software Unit,Padrão de empresa privada ou centro de P&D corporativo.,Alta
DHC Software Co Ltd,mover_para_organizacoes,organizacoes,Empresa privada / centro corporativo,DHC Software Co Ltd,Padrão de empresa privada ou centro de P&D corporativo.,Alta
Engineers Business SA EfB,mover_para_organizacoes,organizacoes,Empresa privada / centro corporativo,Engineers Business SA EfB,Padrão de empresa privada ou centro de P&D corporativo.,Alta
Grp Invest Ambiental GIA,mover_para_organizacoes,organizacoes,Empresa privada / centro corporativo,Grp Invest Ambiental GIA,Padrão de empresa privada ou centro de P&D corporativo.,Alta
BASF Agr Ctr,mover_para_organizacoes,organizacoes,Empresa privada / centro corporativo,BASF Agricultural Center,Padrão de empresa privada ou centro de P&D corporativo.,Alta
AgriTech Solut,mover_para_organizacoes,organizacoes,Empresa privada / centro corporativo,AgriTech Solut,Padrão de empresa privada ou centro de P&D corporativo.,Alta
Cross Compass Ltd,mover_para_organizacoes,organizacoes,Empresa privada / centro corporativo,Cross Compass Ltd,Padrão de empresa privada ou centro de P&D corporativo.,Alta
Dept Digitalizat & O&N Tools,mover_para_organizacoes,organizacoes,Órgão público / agência / organismo internacional,Department Digitalizat & O&N Tools,"Padrão de ministério, governo, departamento ou agência. Não cadastrar como universidade.",Alta
Ecole Natl Super Informat Anal Syst ENSIAS,mover_para_organizacoes,organizacoes,Empresa privada / centro corporativo,Ecole National Super Informat Anal Syst ENSIAS,Padrão de empresa privada ou centro de P&D corporativo.,Alta
USDA ARS ETSARC,mover_para_organizacoes,organizacoes,Órgão público / agência / organismo internacional,USDA ARS ETSARC,"Padrão de ministério, governo, departamento ou agência. Não cadastrar como universidade.",Alta
Minist Hlth SESAL,mover_para_organizacoes,organizacoes,Órgão público / agência / organismo internacional,Ministry Health SESAL,"Padrão de ministério, governo, departamento ou agência. Não cadastrar como universidade.",Alta
USDA NIFA,mover_para_organizacoes,organizacoes,Agência pública de pesquisa,USDA National Institute of Food and Agriculture,Não é universidade.,Alta
Cummins Inc,mover_para_organizacoes,organizacoes,Empresa privada / centro corporativo,Cummins Inc,Padrão de empresa privada ou centro de P&D corporativo.,Alta
Res Ctr Real Time & Embedded Comp Syst,mover_para_organizacoes,organizacoes,Empresa privada / centro corporativo,Research Center Real Time & Embedded Comp Syst,Padrão de empresa privada ou centro de P&D corporativo.,Alta
Tominaga Hosp,mover_para_organizacoes,organizacoes,Hospital / clínica / centro médico,Tominaga Hospital,Não cadastrar como instituição de ensino principal.,Alta
Ohbayashi Clin,mover_para_organizacoes,organizacoes,Hospital / clínica / centro médico,Ohbayashi Clin,Não cadastrar como instituição de ensino principal.,Alta
Japanese Red Cross Shizuoka Hosp,mover_para_organizacoes,organizacoes,Hospital / clínica / centro médico,Japanese Red Cross Shizuoka Hospital,Não cadastrar como instituição de ensino principal.,Alta
Sendai Headache & Neurol Clin,mover_para_organizacoes,organizacoes,Hospital / clínica / centro médico,Sendai Headache & Neurol Clin,Não cadastrar como instituição de ensino principal.,Alta
Gen Directorate Hlth Affairs,mover_para_organizacoes,organizacoes,Hospital / clínica / centro médico,Gen Directorate Health Affairs,Não cadastrar como instituição de ensino principal.,Alta
LMIS AG,mover_para_organizacoes,organizacoes,Empresa privada / centro corporativo,LMIS AG,Padrão de empresa privada ou centro de P&D corporativo.,Alta
St Lukes Hosp Boleslawiec,mover_para_organizacoes,organizacoes,Hospital / clínica / centro médico,St Lukes Hospital Boleslawiec,Não cadastrar como instituição de ensino principal.,Alta
Lower Silesian Specialist Hosp,mover_para_organizacoes,organizacoes,Hospital / clínica / centro médico,Lower Silesian Specialist Hospital,Não cadastrar como instituição de ensino principal.,Alta
Nonpubl Healthcare Ctr KINESIS,mover_para_organizacoes,organizacoes,Hospital / clínica / centro médico,Nonpubl Healthcare Center KINESIS,Não cadastrar como instituição de ensino principal.,Alta
Google Res,mover_para_organizacoes,organizacoes,Empresa privada / centro corporativo,Google Research,Padrão de empresa privada ou centro de P&D corporativo.,Alta
Australian Meat Res Corp,mover_para_organizacoes,organizacoes,Empresa privada / centro corporativo,Australian Meat Research Corp,Padrão de empresa privada ou centro de P&D corporativo.,Alta
Govt Doon Med Coll,mover_para_organizacoes,organizacoes,Órgão público / agência / organismo internacional,Govt Doon Med College,"Padrão de ministério, governo, departamento ou agência. Não cadastrar como universidade.",Alta
Ayoub Sci LLC,mover_para_organizacoes,organizacoes,Empresa privada / centro corporativo,Ayoub Science LLC,Padrão de empresa privada ou centro de P&D corporativo.,Alta
NetApp Inc,mover_para_organizacoes,organizacoes,Empresa privada / centro corporativo,NetApp Inc,Padrão de empresa privada ou centro de P&D corporativo.,Alta
ENEA Italian Natl Agcy New Technol Energy & Susta,mover_para_organizacoes,organizacoes,Órgão público / agência / organismo internacional,ENEA Italian National Agency New Technology Energy & Susta,"Padrão de ministério, governo, departamento ou agência. Não cadastrar como universidade.",Alta
CARE Ctr Anim Hosp,mover_para_organizacoes,organizacoes,Hospital / clínica / centro médico,CARE Center Anim Hospital,Não cadastrar como instituição de ensino principal.,Alta
SafetySpect Inc,mover_para_organizacoes,organizacoes,Empresa privada / centro corporativo,SafetySpect Inc,Padrão de empresa privada ou centro de P&D corporativo.,Alta
Kalyani Govt Engn Coll,mover_para_organizacoes,organizacoes,Órgão público / agência / organismo internacional,Kalyani Govt Engineering College,"Padrão de ministério, governo, departamento ou agência. Não cadastrar como universidade.",Alta
Wuxi Haihe Equipment Sci & Technol Co Ltd,mover_para_organizacoes,organizacoes,Empresa privada / centro corporativo,Wuxi Haihe Equipment Science & Technology Co Ltd,Padrão de empresa privada ou centro de P&D corporativo.,Alta
Ningbo Hongwei Food Co Ltd,mover_para_organizacoes,organizacoes,Empresa privada / centro corporativo,Ningbo Hongwei Food Co Ltd,Padrão de empresa privada ou centro de P&D corporativo.,Alta
Meihua Catering Management Co Ltd,mover_para_organizacoes,organizacoes,Empresa privada / centro corporativo,Meihua Catering Management Co Ltd,Padrão de empresa privada ou centro de P&D corporativo.,Alta
Air Force Med Ctr,mover_para_organizacoes,organizacoes,Hospital / clínica / centro médico,Air Force Med Center,Não cadastrar como instituição de ensino principal.,Alta
Yale New Haven Hosp,mover_para_organizacoes,organizacoes,Hospital / clínica / centro médico,Yale New Haven Hospital,Não cadastrar como instituição de ensino principal.,Alta
Deloitte & Touche LLP,mover_para_organizacoes,organizacoes,Empresa privada / centro corporativo,Deloitte & Touche LLP,Padrão de empresa privada ou centro de P&D corporativo.,Alta
Chongwe Dist Community Hlth Off,mover_para_organizacoes,organizacoes,Hospital / clínica / centro médico,Chongwe Dist Community Health Off,Não cadastrar como instituição de ensino principal.,Alta
Japan Int Cooperat Agcy SHIMA Project,mover_para_organizacoes,organizacoes,Órgão público / agência / organismo internacional,Japan Int Cooperat Agency SHIMA Project,"Padrão de ministério, governo, departamento ou agência. Não cadastrar como universidade.",Alta
Kinondo Kwetu Hlth Serv Clin,mover_para_organizacoes,organizacoes,Hospital / clínica / centro médico,Kinondo Kwetu Health Serv Clin,Não cadastrar como instituição de ensino principal.,Alta
AgrEvo GmbH,mover_para_organizacoes,organizacoes,Empresa privada / centro corporativo,AgrEvo GmbH,Padrão de empresa privada ou centro de P&D corporativo.,Alta
Guangdong Earthquake Agcy,mover_para_organizacoes,organizacoes,Órgão público / agência / organismo internacional,Guangdong Earthquake Agency,"Padrão de ministério, governo, departamento ou agência. Não cadastrar como universidade.",Alta
Minist Ecol & Environm Peoples Republ China,mover_para_organizacoes,organizacoes,Órgão público / agência / organismo internacional,Ministry Ecol & Environment Peoples Republ China,"Padrão de ministério, governo, departamento ou agência. Não cadastrar como universidade.",Alta
RSK ADAS Ltd,mover_para_organizacoes,organizacoes,Empresa privada / centro corporativo,RSK ADAS Ltd,Padrão de empresa privada ou centro de P&D corporativo.,Alta
Urban Oasis Ltd,mover_para_organizacoes,organizacoes,Empresa privada / centro corporativo,Urban Oasis Ltd,Padrão de empresa privada ou centro de P&D corporativo.,Alta
UBN Corp,mover_para_organizacoes,organizacoes,Empresa privada / centro corporativo,UBN Corp,Padrão de empresa privada ou centro de P&D corporativo.,Alta
upGrad Educ Pvt Ltd,mover_para_organizacoes,organizacoes,Empresa privada / centro corporativo,upGrad Educ Pvt Ltd,Padrão de empresa privada ou centro de P&D corporativo.,Alta
Govt Tripura,mover_para_organizacoes,organizacoes,Órgão público / agência / organismo internacional,Govt Tripura,"Padrão de ministério, governo, departamento ou agência. Não cadastrar como universidade.",Alta
Grp Invest Salud & Tecnol 4 0 Fdn Chilloa,mover_para_organizacoes,organizacoes,Empresa privada / centro corporativo,Grp Invest Salud & Tecnol 4 0 Fdn Chilloa,Padrão de empresa privada ou centro de P&D corporativo.,Alta
Corp Innovat Hub,mover_para_organizacoes,organizacoes,Empresa privada / centro corporativo,Corp Innovat Hub,Padrão de empresa privada ou centro de P&D corporativo.,Alta
Natl Inst Occupat Safety & Hlth,mover_para_organizacoes,organizacoes,Hospital / clínica / centro médico,National Institute Occupat Safety & Health,Não cadastrar como instituição de ensino principal.,Alta
LEBEN Care Technol Pvt Ltd,mover_para_organizacoes,organizacoes,Empresa privada / centro corporativo,LEBEN Care Technology Pvt Ltd,Padrão de empresa privada ou centro de P&D corporativo.,Alta
Minist Hlth & Family Welf,mover_para_organizacoes,organizacoes,Órgão público / agência / organismo internacional,Ministry Health & Family Welf,"Padrão de ministério, governo, departamento ou agência. Não cadastrar como universidade.",Alta
IBM Cloud,mover_para_organizacoes,organizacoes,Empresa privada / centro corporativo,IBM Cloud,Padrão de empresa privada ou centro de P&D corporativo.,Alta
Hlth & Informat,mover_para_organizacoes,organizacoes,Hospital / clínica / centro médico,Health & Informat,Não cadastrar como instituição de ensino principal.,Alta
Wagga Wagga Base Hosp,mover_para_organizacoes,organizacoes,Hospital / clínica / centro médico,Wagga Wagga Base Hospital,Não cadastrar como instituição de ensino principal.,Alta
Royal Prince Alfred Hosp,mover_para_organizacoes,organizacoes,Hospital / clínica / centro médico,Royal Prince Alfred Hospital,Não cadastrar como instituição de ensino principal.,Alta
Box Hill Hosp,mover_para_organizacoes,organizacoes,Hospital / clínica / centro médico,Box Hill Hospital,Não cadastrar como instituição de ensino principal.,Alta
Danube Private Univ,mover_para_organizacoes,organizacoes,Empresa privada / centro corporativo,Danube Private University,Padrão de empresa privada ou centro de P&D corporativo.,Alta
Shandong Zhongke Naneng Energy Technol Co Ltd,mover_para_organizacoes,organizacoes,Empresa privada / centro corporativo,Shandong Zhongke Naneng Energy Technology Co Ltd,Padrão de empresa privada ou centro de P&D corporativo.,Alta
Canadian Food Inspection Agcy,mover_para_organizacoes,organizacoes,Órgão público / agência / organismo internacional,Canadian Food Inspection Agency,"Padrão de ministério, governo, departamento ou agência. Não cadastrar como universidade.",Alta
Serve Ag Res,mover_para_organizacoes,organizacoes,Empresa privada / centro corporativo,Serve Ag Research,Padrão de empresa privada ou centro de P&D corporativo.,Alta
Virginia Tech Appl Res Corp,mover_para_organizacoes,organizacoes,Empresa privada / centro corporativo,Virginia Technology Appl Research Corp,Padrão de empresa privada ou centro de P&D corporativo.,Alta
Inner Mongolia Power Grp Co Ltd,mover_para_organizacoes,organizacoes,Empresa privada / centro corporativo,Inner Mongolia Power Grp Co Ltd,Padrão de empresa privada ou centro de P&D corporativo.,Alta
Shenzhen Nuoan Environm & Safety Inc,mover_para_organizacoes,organizacoes,Empresa privada / centro corporativo,Shenzhen Nuoan Environment & Safety Inc,Padrão de empresa privada ou centro de P&D corporativo.,Alta
IWK Hlth Ctr,mover_para_organizacoes,organizacoes,Hospital / clínica / centro médico,IWK Health Center,Não cadastrar como instituição de ensino principal.,Alta
Marc L Berger LLC,mover_para_organizacoes,organizacoes,Empresa privada / centro corporativo,Marc L Berger LLC,Padrão de empresa privada ou centro de P&D corporativo.,Alta
Viatris Inc,mover_para_organizacoes,organizacoes,Empresa privada / centro corporativo,Viatris Inc,Padrão de empresa privada ou centro de P&D corporativo.,Alta
Ellcie Hlth,mover_para_organizacoes,organizacoes,Hospital / clínica / centro médico,Ellcie Health,Não cadastrar como instituição de ensino principal.,Alta
Bayer CropSci,mover_para_organizacoes,organizacoes,Empresa privada,Bayer Crop Science,Unificar grafia.,Alta
LinQ Technol Corp,mover_para_organizacoes,organizacoes,Empresa privada / centro corporativo,LinQ Technology Corp,Padrão de empresa privada ou centro de P&D corporativo.,Alta
MORIOKA ANIM HLTH CTR,mover_para_organizacoes,organizacoes,Hospital / clínica / centro médico,MORIOKA ANIM Health Center,Não cadastrar como instituição de ensino principal.,Alta
Coll Informat Syst & Technol Management Pamantasa,mover_para_organizacoes,organizacoes,Empresa privada / centro corporativo,College Informat Syst & Technology Management Pamantasa,Padrão de empresa privada ou centro de P&D corporativo.,Alta
Four Bros Grp,mover_para_organizacoes,organizacoes,Empresa privada / centro corporativo,Four Bros Grp,Padrão de empresa privada ou centro de P&D corporativo.,Alta
Dept Elect & Comp Engn,mover_para_organizacoes,organizacoes,Órgão público / agência / organismo internacional,Department Elect & Comp Engineering,"Padrão de ministério, governo, departamento ou agência. Não cadastrar como universidade.",Alta
Environm Syst Res Inst,mover_para_organizacoes,organizacoes,Empresa privada / centro corporativo,Environment Syst Research Institute,Padrão de empresa privada ou centro de P&D corporativo.,Alta
Jiangsu Zhongnong IoT Technol Co LTD,mover_para_organizacoes,organizacoes,Empresa privada / centro corporativo,Jiangsu Zhongnong IoT Technology Co LTD,Padrão de empresa privada ou centro de P&D corporativo.,Alta
ST Elect Infosecur Pte Ltd,mover_para_organizacoes,organizacoes,Empresa privada / centro corporativo,ST Elect Infosecur Pte Ltd,Padrão de empresa privada ou centro de P&D corporativo.,Alta
LandScan LLC,mover_para_organizacoes,organizacoes,Empresa privada / centro corporativo,LandScan LLC,Padrão de empresa privada ou centro de P&D corporativo.,Alta
Dept Primary Ind & Reg Dev DPIRD,mover_para_organizacoes,organizacoes,Órgão público / agência / organismo internacional,Department Primary Ind & Reg Dev DPIRD,"Padrão de ministério, governo, departamento ou agência. Não cadastrar como universidade.",Alta
Principles Intelligent Behav Biol & Social Syst PI,mover_para_organizacoes,organizacoes,Empresa privada / centro corporativo,Principles Intelligent Behav Biol & Social Syst PI,Padrão de empresa privada ou centro de P&D corporativo.,Alta
Minist Sci Res,mover_para_organizacoes,organizacoes,Órgão público / agência / organismo internacional,Ministry Science Research,"Padrão de ministério, governo, departamento ou agência. Não cadastrar como universidade.",Alta
Prot Pvt Ltd Kuantan,mover_para_organizacoes,organizacoes,Empresa privada / centro corporativo,Prot Pvt Ltd Kuantan,Padrão de empresa privada ou centro de P&D corporativo.,Alta
Clin Occupat Dis & Environm Hlth,mover_para_organizacoes,organizacoes,Hospital / clínica / centro médico,Clin Occupat Dis & Environment Health,Não cadastrar como instituição de ensino principal.,Alta
SPECS Surface Nano Anal GmbH,mover_para_organizacoes,organizacoes,Empresa privada / centro corporativo,SPECS Surface Nano Anal GmbH,Padrão de empresa privada ou centro de P&D corporativo.,Alta
Roketsan Inc,mover_para_organizacoes,organizacoes,Empresa privada / centro corporativo,Roketsan Inc,Padrão de empresa privada ou centro de P&D corporativo.,Alta
Hamilton Hlth Sci,mover_para_organizacoes,organizacoes,Hospital / clínica / centro médico,Hamilton Health Science,Não cadastrar como instituição de ensino principal.,Alta
QuintessenceLabs Pty Ltd,mover_para_organizacoes,organizacoes,Empresa privada / centro corporativo,QuintessenceLabs Pty Ltd,Padrão de empresa privada ou centro de P&D corporativo.,Alta
Tata Consultancy Serv Ltd Australia & New Zealand,mover_para_organizacoes,organizacoes,Empresa privada / centro corporativo,Tata Consultancy Serv Ltd Australia & New Zealand,Padrão de empresa privada ou centro de P&D corporativo.,Alta
China Tobacco Sichuan Ind Co Ltd,mover_para_organizacoes,organizacoes,Empresa privada / centro corporativo,China Tobacco Sichuan Ind Co Ltd,Padrão de empresa privada ou centro de P&D corporativo.,Alta
Beijing Qichuang Era Technol Co LTD,mover_para_organizacoes,organizacoes,Empresa privada / centro corporativo,Beijing Qichuang Era Technology Co LTD,Padrão de empresa privada ou centro de P&D corporativo.,Alta
Food & Agr Org United Nations UN FAO Sydney,mover_para_organizacoes,organizacoes,Órgão público / agência / organismo internacional,Food & Agricultural Org United Nations UN FAO Sydney,"Padrão de ministério, governo, departamento ou agência. Não cadastrar como universidade.",Alta
Ctr Trop Livestock Genet & Hlth CTLGH ILRI,mover_para_organizacoes,organizacoes,Hospital / clínica / centro médico,Center Trop Livestock Genet & Health CTLGH ILRI,Não cadastrar como instituição de ensino principal.,Alta
Geol Survey Denmark & Greenland,mover_para_organizacoes,organizacoes,Órgão público / agência / organismo internacional,Geol Survey Denmark & Greenland,"Padrão de ministério, governo, departamento ou agência. Não cadastrar como universidade.",Alta
DonkeyPower Srl,mover_para_organizacoes,organizacoes,Empresa privada / centro corporativo,DonkeyPower Srl,Padrão de empresa privada ou centro de P&D corporativo.,Alta
Deloitte Consulting SRL SB,mover_para_organizacoes,organizacoes,Empresa privada / centro corporativo,Deloitte Consulting SRL SB,Padrão de empresa privada ou centro de P&D corporativo.,Alta
Deloitte NextHub SRL SB,mover_para_organizacoes,organizacoes,Empresa privada / centro corporativo,Deloitte NextHub SRL SB,Padrão de empresa privada ou centro de P&D corporativo.,Alta
VISTA Remote Sensing Geosci GmbH,mover_para_organizacoes,organizacoes,Empresa privada / centro corporativo,VISTA Remote Sensing Geosci GmbH,Padrão de empresa privada ou centro de P&D corporativo.,Alta
Point Rd Solut LLC,mover_para_organizacoes,organizacoes,Empresa privada / centro corporativo,Point Rd Solut LLC,Padrão de empresa privada ou centro de P&D corporativo.,Alta
China Merchants Fintech Co Ltd,mover_para_organizacoes,organizacoes,Empresa privada / centro corporativo,China Merchants Fintech Co Ltd,Padrão de empresa privada ou centro de P&D corporativo.,Alta
China Natl Fisheries Corp,mover_para_organizacoes,organizacoes,Empresa privada / centro corporativo,China National Fisheries Corp,Padrão de empresa privada ou centro de P&D corporativo.,Alta
Renewable Energy & Expert Syst,mover_para_organizacoes,organizacoes,Empresa privada / centro corporativo,Renewable Energy & Expert Syst,Padrão de empresa privada ou centro de P&D corporativo.,Alta
Tencent Med AI Lab,mover_para_organizacoes,organizacoes,Empresa privada / centro corporativo,Tencent Med AI Lab,Padrão de empresa privada ou centro de P&D corporativo.,Alta
Rwanda Mil Hosp,mover_para_organizacoes,organizacoes,Hospital / clínica / centro médico,Rwanda Mil Hospital,Não cadastrar como instituição de ensino principal.,Alta
Minist Hlth Rwanda,mover_para_organizacoes,organizacoes,Órgão público / agência / organismo internacional,Ministry Health Rwanda,"Padrão de ministério, governo, departamento ou agência. Não cadastrar como universidade.",Alta
Sudzucker AG,mover_para_organizacoes,organizacoes,Empresa privada / centro corporativo,Sudzucker AG,Padrão de empresa privada ou centro de P&D corporativo.,Alta
Lab Ingn Syst Versailles LISV,mover_para_organizacoes,organizacoes,Empresa privada / centro corporativo,Lab Ingn Syst Versailles LISV,Padrão de empresa privada ou centro de P&D corporativo.,Alta
Vexus Solut,mover_para_organizacoes,organizacoes,Empresa privada / centro corporativo,Vexus Solut,Padrão de empresa privada ou centro de P&D corporativo.,Alta
MedStar Washington Hosp Ctr,mover_para_organizacoes,organizacoes,Hospital / clínica / centro médico,MedStar Washington Hospital Center,Não cadastrar como instituição de ensino principal.,Alta
Govt NCT Delhi,mover_para_organizacoes,organizacoes,Órgão público / agência / organismo internacional,Govt NCT Delhi,"Padrão de ministério, governo, departamento ou agência. Não cadastrar como universidade.",Alta
Sandwell Hosp NHS Trust,mover_para_organizacoes,organizacoes,Hospital / clínica / centro médico,Sandwell Hospital NHS Trust,Não cadastrar como instituição de ensino principal.,Alta
W Birmingham Hosp NHS Trust,mover_para_organizacoes,organizacoes,Hospital / clínica / centro médico,W Birmingham Hospital NHS Trust,Não cadastrar como instituição de ensino principal.,Alta
AnaPath Serv GmbH,mover_para_organizacoes,organizacoes,Empresa privada / centro corporativo,AnaPath Serv GmbH,Padrão de empresa privada ou centro de P&D corporativo.,Alta
Dept Quantitat Methods & Econ Informat,mover_para_organizacoes,organizacoes,Órgão público / agência / organismo internacional,Department Quantitat Methods & Econ Informat,"Padrão de ministério, governo, departamento ou agência. Não cadastrar como universidade.",Alta
Govt Coll Women Univ,mover_para_organizacoes,organizacoes,Órgão público / agência / organismo internacional,Govt College Women University,"Padrão de ministério, governo, departamento ou agência. Não cadastrar como universidade.",Alta
Dept Forestry & Wood Sci,mover_para_organizacoes,organizacoes,Órgão público / agência / organismo internacional,Department Forestry & Wood Science,"Padrão de ministério, governo, departamento ou agência. Não cadastrar como universidade.",Alta
Harvard Sch Publ Hlth,mover_para_organizacoes,organizacoes,Hospital / clínica / centro médico,Harvard Sch Publ Health,Não cadastrar como instituição de ensino principal.,Alta
Womens Coll Hosp,mover_para_organizacoes,organizacoes,Hospital / clínica / centro médico,Womens College Hospital,Não cadastrar como instituição de ensino principal.,Alta
Dept Anim Sci & Prod,mover_para_organizacoes,organizacoes,Órgão público / agência / organismo internacional,Department Anim Science & Prod,"Padrão de ministério, governo, departamento ou agência. Não cadastrar como universidade.",Alta
Cube Highways Technol Pvt Ltd,mover_para_organizacoes,organizacoes,Empresa privada / centro corporativo,Cube Highways Technology Pvt Ltd,Padrão de empresa privada ou centro de P&D corporativo.,Alta
Beaumont Hosp,mover_para_organizacoes,organizacoes,Hospital / clínica / centro médico,Beaumont Hospital,Não cadastrar como instituição de ensino principal.,Alta
Aries Connect World Inc,mover_para_organizacoes,organizacoes,Empresa privada / centro corporativo,Aries Connect World Inc,Padrão de empresa privada ou centro de P&D corporativo.,Alta
Ctr Hosp,mover_para_organizacoes,organizacoes,Hospital / clínica / centro médico,Center Hospital,Não cadastrar como instituição de ensino principal.,Alta
HAL51 Inc,mover_para_organizacoes,organizacoes,Empresa privada / centro corporativo,HAL51 Inc,Padrão de empresa privada ou centro de P&D corporativo.,Alta
Focused Loong Technol Co Ltd,mover_para_organizacoes,organizacoes,Empresa privada / centro corporativo,Focused Loong Technology Co Ltd,Padrão de empresa privada ou centro de P&D corporativo.,Alta
CNOOC Res Inst Co Ltd,mover_para_organizacoes,organizacoes,Empresa privada / centro corporativo,CNOOC Research Institute Co Ltd,Padrão de empresa privada ou centro de P&D corporativo.,Alta
Minist Reg Municipal & Water Resources,mover_para_organizacoes,organizacoes,Órgão público / agência / organismo internacional,Ministry Reg Municipal & Water Resources,"Padrão de ministério, governo, departamento ou agência. Não cadastrar como universidade.",Alta
Google LLC,mover_para_organizacoes,organizacoes,Empresa privada / centro corporativo,Google LLC,Padrão de empresa privada ou centro de P&D corporativo.,Alta
Rajavithi Hosp,mover_para_organizacoes,organizacoes,Hospital / clínica / centro médico,Rajavithi Hospital,Não cadastrar como instituição de ensino principal.,Alta
Dept Sheep Husb,mover_para_organizacoes,organizacoes,Órgão público / agência / organismo internacional,Department Sheep Husb,"Padrão de ministério, governo, departamento ou agência. Não cadastrar como universidade.",Alta
Dept Comp Engn,mover_para_organizacoes,organizacoes,Órgão público / agência / organismo internacional,Department Comp Engineering,"Padrão de ministério, governo, departamento ou agência. Não cadastrar como universidade.",Alta
Metro North Hlth,mover_para_organizacoes,organizacoes,Hospital / clínica / centro médico,Metro North Health,Não cadastrar como instituição de ensino principal.,Alta
Beam Innovat SRL,mover_para_organizacoes,organizacoes,Empresa privada / centro corporativo,Beam Innovat SRL,Padrão de empresa privada ou centro de P&D corporativo.,Alta
Zetafence Inc,mover_para_organizacoes,organizacoes,Empresa privada / centro corporativo,Zetafence Inc,Padrão de empresa privada ou centro de P&D corporativo.,Alta
InnovITech Ltd,mover_para_organizacoes,organizacoes,Empresa privada / centro corporativo,InnovITech Ltd,Padrão de empresa privada ou centro de P&D corporativo.,Alta
Haikou Municipal Peoples Hosp,mover_para_organizacoes,organizacoes,Hospital / clínica / centro médico,Haikou Municipal Peoples Hospital,Não cadastrar como instituição de ensino principal.,Alta
Vanderbilt Wilson Cty Hosp,mover_para_organizacoes,organizacoes,Hospital / clínica / centro médico,Vanderbilt Wilson Cty Hospital,Não cadastrar como instituição de ensino principal.,Alta
Vanderbilt Bedford Cty Hosp,mover_para_organizacoes,organizacoes,Hospital / clínica / centro médico,Vanderbilt Bedford Cty Hospital,Não cadastrar como instituição de ensino principal.,Alta
Vanderbilt Tullahoma Harton Hosp,mover_para_organizacoes,organizacoes,Hospital / clínica / centro médico,Vanderbilt Tullahoma Harton Hospital,Não cadastrar como instituição de ensino principal.,Alta
Acad Appl Presch Teaching & Hlth Studies Krusevac,mover_para_organizacoes,organizacoes,Hospital / clínica / centro médico,Acad Appl Presch Teaching & Health Studies Krusevac,Não cadastrar como instituição de ensino principal.,Alta
Energy Commiss,mover_para_organizacoes,organizacoes,Órgão público / agência / organismo internacional,Energy Commission,"Padrão de ministério, governo, departamento ou agência. Não cadastrar como universidade.",Alta
Ghana Grid Co Ltd,mover_para_organizacoes,organizacoes,Empresa privada / centro corporativo,Ghana Grid Co Ltd,Padrão de empresa privada ou centro de P&D corporativo.,Alta
ESIC Med Coll & Hosp,mover_para_organizacoes,organizacoes,Hospital / clínica / centro médico,ESIC Med College & Hospital,Não cadastrar como instituição de ensino principal.,Alta
Multinatl Geospatial Support Grp,mover_para_organizacoes,organizacoes,Empresa privada / centro corporativo,Multinatl Geospatial Support Grp,Padrão de empresa privada ou centro de P&D corporativo.,Alta
Zhong Neng Power Tech Devdopment Co Ltd,mover_para_organizacoes,organizacoes,Empresa privada / centro corporativo,Zhong Neng Power Technology Devdopment Co Ltd,Padrão de empresa privada ou centro de P&D corporativo.,Alta
Beijing Intspace Tech Co Ltd,mover_para_organizacoes,organizacoes,Empresa privada / centro corporativo,Beijing Intspace Technology Co Ltd,Padrão de empresa privada ou centro de P&D corporativo.,Alta
Dept Agron,mover_para_organizacoes,organizacoes,Órgão público / agência / organismo internacional,Department Agron,"Padrão de ministério, governo, departamento ou agência. Não cadastrar como universidade.",Alta
Better Life Commercial Chain Share Co Ltd,mover_para_organizacoes,organizacoes,Empresa privada / centro corporativo,Better Life Commercial Chain Share Co Ltd,Padrão de empresa privada ou centro de P&D corporativo.,Alta
Natl Inst Hlth Sci,mover_para_organizacoes,organizacoes,Hospital / clínica / centro médico,National Institute Health Science,Não cadastrar como instituição de ensino principal.,Alta
Horizon Hlth Network,mover_para_organizacoes,organizacoes,Hospital / clínica / centro médico,Horizon Health Network,Não cadastrar como instituição de ensino principal.,Alta
Corp Politecn Costa Atlant,mover_para_organizacoes,organizacoes,Empresa privada / centro corporativo,Corp Politécnica Costa Atlant,Padrão de empresa privada ou centro de P&D corporativo.,Alta
Indigo Ag,mover_para_organizacoes,organizacoes,Empresa privada / centro corporativo,Indigo Ag,Padrão de empresa privada ou centro de P&D corporativo.,Alta
Buckley Valley Dist Hosp,mover_para_organizacoes,organizacoes,Hospital / clínica / centro médico,Buckley Valley Dist Hospital,Não cadastrar como instituição de ensino principal.,Alta
Univalsoft Joint Stock Co Ltd,mover_para_organizacoes,organizacoes,Empresa privada / centro corporativo,Univalsoft Joint Stock Co Ltd,Padrão de empresa privada ou centro de P&D corporativo.,Alta
Hlth Agr Inst Yangtze River Delta Zhejiang Co Ltd,mover_para_organizacoes,organizacoes,Hospital / clínica / centro médico,Health Agricultural Institute Yangtze River Delta Zhejiang Co Ltd,Não cadastrar como instituição de ensino principal.,Alta
Jio Pvt Ltd,mover_para_organizacoes,organizacoes,Empresa privada / centro corporativo,Jio Pvt Ltd,Padrão de empresa privada ou centro de P&D corporativo.,Alta
Natl Key Lab Multiperch Vehicle Prop Syst,mover_para_organizacoes,organizacoes,Empresa privada / centro corporativo,National Key Lab Multiperch Vehicle Prop Syst,Padrão de empresa privada ou centro de P&D corporativo.,Alta
Soc Espanola Farm Hosp,mover_para_organizacoes,organizacoes,Hospital / clínica / centro médico,Soc Espanola Farm Hospital,Não cadastrar como instituição de ensino principal.,Alta
Favero Engn Srl,mover_para_organizacoes,organizacoes,Empresa privada / centro corporativo,Favero Engineering Srl,Padrão de empresa privada ou centro de P&D corporativo.,Alta
CosterGroup Srl,mover_para_organizacoes,organizacoes,Empresa privada / centro corporativo,CosterGroup Srl,Padrão de empresa privada ou centro de P&D corporativo.,Alta
ARHS Dev Italia SRL,mover_para_organizacoes,organizacoes,Empresa privada / centro corporativo,ARHS Dev Italia SRL,Padrão de empresa privada ou centro de P&D corporativo.,Alta
Boston Childrens Hosp,mover_para_organizacoes,organizacoes,Hospital / clínica / centro médico,Boston Childrens Hospital,Não cadastrar como instituição de ensino principal.,Alta
Kathmandu Inst Child Hlth,mover_para_organizacoes,organizacoes,Hospital / clínica / centro médico,Kathmandu Institute Child Health,Não cadastrar como instituição de ensino principal.,Alta
Partners Hlth Abwenzi Umoyo,mover_para_organizacoes,organizacoes,Hospital / clínica / centro médico,Partners Health Abwenzi Umoyo,Não cadastrar como instituição de ensino principal.,Alta
Texas Childrens Hosp,mover_para_organizacoes,organizacoes,Hospital / clínica / centro médico,Texas Childrens Hospital,Não cadastrar como instituição de ensino principal.,Alta
Oliver Agro SRL,mover_para_organizacoes,organizacoes,Empresa privada / centro corporativo,Oliver Agro SRL,Padrão de empresa privada ou centro de P&D corporativo.,Alta
Applicon Srl,mover_para_organizacoes,organizacoes,Empresa privada / centro corporativo,Applicon Srl,Padrão de empresa privada ou centro de P&D corporativo.,Alta
WeSmart Srl,mover_para_organizacoes,organizacoes,Empresa privada / centro corporativo,WeSmart Srl,Padrão de empresa privada ou centro de P&D corporativo.,Alta
Technopon Pvt Ltd,mover_para_organizacoes,organizacoes,Empresa privada / centro corporativo,Technopon Pvt Ltd,Padrão de empresa privada ou centro de P&D corporativo.,Alta
Govt West Bengal,mover_para_organizacoes,organizacoes,Órgão público / agência / organismo internacional,Govt West Bengal,"Padrão de ministério, governo, departamento ou agência. Não cadastrar como universidade.",Alta
Intel,mover_para_organizacoes,organizacoes,Empresa privada / centro corporativo,Intel,Padrão de empresa privada ou centro de P&D corporativo.,Alta
Hunan Canc Hosp,mover_para_organizacoes,organizacoes,Hospital / clínica / centro médico,Hunan Canc Hospital,Não cadastrar como instituição de ensino principal.,Alta
Turpan City Peoples Hosp,mover_para_organizacoes,organizacoes,Hospital / clínica / centro médico,Turpan City Peoples Hospital,Não cadastrar como instituição de ensino principal.,Alta
Ningbo Solartron Technol Co Ltd,mover_para_organizacoes,organizacoes,Empresa privada / centro corporativo,Ningbo Solartron Technology Co Ltd,Padrão de empresa privada ou centro de P&D corporativo.,Alta
UnionPay Int Co Ltd,mover_para_organizacoes,organizacoes,Empresa privada / centro corporativo,UnionPay Int Co Ltd,Padrão de empresa privada ou centro de P&D corporativo.,Alta
Alice Springs Hosp,mover_para_organizacoes,organizacoes,Hospital / clínica / centro médico,Alice Springs Hospital,Não cadastrar como instituição de ensino principal.,Alta
Ochre Med Ctr,mover_para_organizacoes,organizacoes,Hospital / clínica / centro médico,Ochre Med Center,Não cadastrar como instituição de ensino principal.,Alta
Walgett Aboriginal Med Serv Ltd,mover_para_organizacoes,organizacoes,Empresa privada / centro corporativo,Walgett Aboriginal Med Serv Ltd,Padrão de empresa privada ou centro de P&D corporativo.,Alta
Merredin Dist Hosp,mover_para_organizacoes,organizacoes,Hospital / clínica / centro médico,Merredin Dist Hospital,Não cadastrar como instituição de ensino principal.,Alta
NASA Ctr Climate Simulat,mover_para_organizacoes,organizacoes,Órgão público / agência / organismo internacional,NASA Center Climate Simulat,"Padrão de ministério, governo, departamento ou agência. Não cadastrar como universidade.",Alta
Nyanza Reprod Hlth Soc,mover_para_organizacoes,organizacoes,Hospital / clínica / centro médico,Nyanza Reprod Health Soc,Não cadastrar como instituição de ensino principal.,Alta
Yantai Spring Sea AquaSeed Co Ltd,mover_para_organizacoes,organizacoes,Empresa privada / centro corporativo,Yantai Spring Sea AquaSeed Co Ltd,Padrão de empresa privada ou centro de P&D corporativo.,Alta
BioTecnol BT Srl,mover_para_organizacoes,organizacoes,Empresa privada / centro corporativo,BioTecnol BT Srl,Padrão de empresa privada ou centro de P&D corporativo.,Alta
AKVA Grp ASA,mover_para_organizacoes,organizacoes,Empresa privada / centro corporativo,AKVA Grp ASA,Padrão de empresa privada ou centro de P&D corporativo.,Alta
Tongxiang First Peoples Hosp,mover_para_organizacoes,organizacoes,Hospital / clínica / centro médico,Tongxiang First Peoples Hospital,Não cadastrar como instituição de ensino principal.,Alta
Pucheng Cty Hosp Tradit Chinese Med,mover_para_organizacoes,organizacoes,Hospital / clínica / centro médico,Pucheng Cty Hospital Tradit Chinese Med,Não cadastrar como instituição de ensino principal.,Alta
Jiying XiaMen Technol Co Ltd,mover_para_organizacoes,organizacoes,Empresa privada / centro corporativo,Jiying XiaMen Technology Co Ltd,Padrão de empresa privada ou centro de P&D corporativo.,Alta
Xiamen Cingene Sci & Technol Co LTD,mover_para_organizacoes,organizacoes,Empresa privada / centro corporativo,Xiamen Cingene Science & Technology Co LTD,Padrão de empresa privada ou centro de P&D corporativo.,Alta
First Hosp Nanping,mover_para_organizacoes,organizacoes,Hospital / clínica / centro médico,First Hospital Nanping,Não cadastrar como instituição de ensino principal.,Alta
Henan Key Lab Earth Syst Observat & Modeling,mover_para_organizacoes,organizacoes,Empresa privada / centro corporativo,Henan Key Lab Earth Syst Observat & Modeling,Padrão de empresa privada ou centro de P&D corporativo.,Alta
Tencent AI Lab,mover_para_organizacoes,organizacoes,Empresa privada / centro corporativo,Tencent AI Lab,Padrão de empresa privada ou centro de P&D corporativo.,Alta
Hebei Software Inst,mover_para_organizacoes,organizacoes,Empresa privada / centro corporativo,Hebei Software Institute,Padrão de empresa privada ou centro de P&D corporativo.,Alta
Kobayashi Pharmaceut Co Ltd,mover_para_organizacoes,organizacoes,Empresa privada / centro corporativo,Kobayashi Pharmaceut Co Ltd,Padrão de empresa privada ou centro de P&D corporativo.,Alta
Meiji Holdings Co Ltd,mover_para_organizacoes,organizacoes,Empresa privada / centro corporativo,Meiji Holdings Co Ltd,Padrão de empresa privada ou centro de P&D corporativo.,Alta
Megmilk Snow Brand Co Ltd,mover_para_organizacoes,organizacoes,Empresa privada / centro corporativo,Megmilk Snow Brand Co Ltd,Padrão de empresa privada ou centro de P&D corporativo.,Alta
Kao Corp,mover_para_organizacoes,organizacoes,Empresa privada / centro corporativo,Kao Corp,Padrão de empresa privada ou centro de P&D corporativo.,Alta
Fuji Oil Holdings Inc,mover_para_organizacoes,organizacoes,Empresa privada / centro corporativo,Fuji Oil Holdings Inc,Padrão de empresa privada ou centro de P&D corporativo.,Alta
Morinaga & Co Ltd,mover_para_organizacoes,organizacoes,Empresa privada / centro corporativo,Morinaga & Co Ltd,Padrão de empresa privada ou centro de P&D corporativo.,Alta
Morinaga Milk Ind Co Ltd,mover_para_organizacoes,organizacoes,Empresa privada / centro corporativo,Morinaga Milk Ind Co Ltd,Padrão de empresa privada ou centro de P&D corporativo.,Alta
Trop Sistemas & Telecomunicac Amazon Ltda,mover_para_organizacoes,organizacoes,Empresa privada / centro corporativo,Trop Sistemas & Telecomunicac Amazon Ltda,Padrão de empresa privada ou centro de P&D corporativo.,Alta
Upper Peninsula Hlth Care Network,mover_para_organizacoes,organizacoes,Hospital / clínica / centro médico,Upper Peninsula Health Care Network,Não cadastrar como instituição de ensino principal.,Alta
Munson Healthcare Inc,mover_para_organizacoes,organizacoes,Hospital / clínica / centro médico,Munson Healthcare Inc,Não cadastrar como instituição de ensino principal.,Alta
Deloitte Touche LLP,mover_para_organizacoes,organizacoes,Empresa privada / centro corporativo,Deloitte Touche LLP,Padrão de empresa privada ou centro de P&D corporativo.,Alta
Dongguan Yixiang Liquid Fertilizer Co Ltd,mover_para_organizacoes,organizacoes,Empresa privada / centro corporativo,Dongguan Yixiang Liquid Fertilizer Co Ltd,Padrão de empresa privada ou centro de P&D corporativo.,Alta
State Grid Corp China,mover_para_organizacoes,organizacoes,Empresa privada / centro corporativo,State Grid Corp China,Padrão de empresa privada ou centro de P&D corporativo.,Alta
HEF World Agr Syst Ctr,mover_para_organizacoes,organizacoes,Empresa privada / centro corporativo,HEF World Agricultural Syst Center,Padrão de empresa privada ou centro de P&D corporativo.,Alta
Keio Hosp,mover_para_organizacoes,organizacoes,Hospital / clínica / centro médico,Keio Hospital,Não cadastrar como instituição de ensino principal.,Alta
BIOCEANOR SAS,mover_para_organizacoes,organizacoes,Empresa privada / centro corporativo,BIOCEANOR SAS,Padrão de empresa privada ou centro de P&D corporativo.,Alta
Google Deepmind,mover_para_organizacoes,organizacoes,Empresa / centro de pesquisa corporativo,Google DeepMind,Unificar grafia.,Alta
Dept Atmospher Phys,mover_para_organizacoes,organizacoes,Órgão público / agência / organismo internacional,Department Atmospher Phys,"Padrão de ministério, governo, departamento ou agência. Não cadastrar como universidade.",Alta
Swedish Environm Protect Agcy,mover_para_organizacoes,organizacoes,Órgão público / agência / organismo internacional,Swedish Environment Protect Agency,"Padrão de ministério, governo, departamento ou agência. Não cadastrar como universidade.",Alta
Sierra Leone Meteorol Agcy,mover_para_organizacoes,organizacoes,Órgão público / agência / organismo internacional,Sierra Leone Meteorol Agency,"Padrão de ministério, governo, departamento ou agência. Não cadastrar como universidade.",Alta
German Fed Environm Agcy,mover_para_organizacoes,organizacoes,Órgão público / agência / organismo internacional,German Federal Environment Agency,"Padrão de ministério, governo, departamento ou agência. Não cadastrar como universidade.",Alta
ENVEO Environm Earth Observat It GmbH,mover_para_organizacoes,organizacoes,Empresa privada / centro corporativo,ENVEO Environment Earth Observat It GmbH,Padrão de empresa privada ou centro de P&D corporativo.,Alta
Grp Earth Observat GEO,mover_para_organizacoes,organizacoes,Empresa privada / centro corporativo,Grp Earth Observat GEO,Padrão de empresa privada ou centro de P&D corporativo.,Alta
Retina Clin,mover_para_organizacoes,organizacoes,Hospital / clínica / centro médico,Retina Clin,Não cadastrar como instituição de ensino principal.,Alta
Chongqing Sinopig High tech Grp Co Ltd,mover_para_organizacoes,organizacoes,Empresa privada / centro corporativo,Chongqing Sinopig High Technology Grp Co Ltd,Padrão de empresa privada ou centro de P&D corporativo.,Alta
United States Dept Agr,mover_para_organizacoes,organizacoes,Órgão público / agência / organismo internacional,United States Department Agricultural,"Padrão de ministério, governo, departamento ou agência. Não cadastrar como universidade.",Alta
Minist Agr Food & Rural Affairs,mover_para_organizacoes,organizacoes,Órgão público / agência / organismo internacional,Ministry Agricultural Food & Rural Affairs,"Padrão de ministério, governo, departamento ou agência. Não cadastrar como universidade.",Alta
SUNGSAM Co Ltd,mover_para_organizacoes,organizacoes,Empresa privada / centro corporativo,SUNGSAM Co Ltd,Padrão de empresa privada ou centro de P&D corporativo.,Alta
Lab Data Discovery Hlth Ltd D24H,mover_para_organizacoes,organizacoes,Hospital / clínica / centro médico,Lab Data Discovery Health Ltd D24H,Não cadastrar como instituição de ensino principal.,Alta
Hong Kong Jockey Club Global Hlth Inst,mover_para_organizacoes,organizacoes,Hospital / clínica / centro médico,Hong Kong Jockey Club Global Health Institute,Não cadastrar como instituição de ensino principal.,Alta
China Yangtze Power Co Ltd,mover_para_organizacoes,organizacoes,Empresa privada / centro corporativo,China Yangtze Power Co Ltd,Padrão de empresa privada ou centro de P&D corporativo.,Alta
Njos Fruit & Berry Ctr Ltd,mover_para_organizacoes,organizacoes,Empresa privada / centro corporativo,Njos Fruit & Berry Center Ltd,Padrão de empresa privada ou centro de P&D corporativo.,Alta
Fieldwork Robot Ltd,mover_para_organizacoes,organizacoes,Empresa privada / centro corporativo,Fieldwork Robot Ltd,Padrão de empresa privada ou centro de P&D corporativo.,Alta
Hubei Shendi Agr Sci & Trade Co Ltd,mover_para_organizacoes,organizacoes,Empresa privada / centro corporativo,Hubei Shendi Agricultural Science & Trade Co Ltd,Padrão de empresa privada ou centro de P&D corporativo.,Alta
Guj Info Petro Ltd GIPL,mover_para_organizacoes,organizacoes,Empresa privada / centro corporativo,Guj Info Petro Ltd GIPL,Padrão de empresa privada ou centro de P&D corporativo.,Alta
Govt Coll Women Univ Faisalabad,mover_para_organizacoes,organizacoes,Órgão público / agência / organismo internacional,Govt College Women University Faisalabad,"Padrão de ministério, governo, departamento ou agência. Não cadastrar como universidade.",Alta
London Hlth Sci Ctr,mover_para_organizacoes,organizacoes,Hospital / clínica / centro médico,London Health Science Center,Não cadastrar como instituição de ensino principal.,Alta
St Josephs Hlth Care,mover_para_organizacoes,organizacoes,Hospital / clínica / centro médico,St Josephs Health Care,Não cadastrar como instituição de ensino principal.,Alta
Dept Quim Agricola & Edafol,mover_para_organizacoes,organizacoes,Órgão público / agência / organismo internacional,Department Quim Agricola & Edafol,"Padrão de ministério, governo, departamento ou agência. Não cadastrar como universidade.",Alta
Hebei Software Engn Dept,mover_para_organizacoes,organizacoes,Órgão público / agência / organismo internacional,Hebei Software Engineering Department,"Padrão de ministério, governo, departamento ou agência. Não cadastrar como universidade.",Alta
Corp Univ Comfacauca Unicomfacauca,mover_para_organizacoes,organizacoes,Empresa privada / centro corporativo,Corp University Comfacauca Unicomfacauca,Padrão de empresa privada ou centro de P&D corporativo.,Alta
iGALAXY Informat Co Ltd,mover_para_organizacoes,organizacoes,Empresa privada / centro corporativo,iGALAXY Informat Co Ltd,Padrão de empresa privada ou centro de P&D corporativo.,Alta
Neworld Technol Co Ltd,mover_para_organizacoes,organizacoes,Empresa privada / centro corporativo,Neworld Technology Co Ltd,Padrão de empresa privada ou centro de P&D corporativo.,Alta
Sahel Consulting Agr & Nutr Ltd,mover_para_organizacoes,organizacoes,Empresa privada / centro corporativo,Sahel Consulting Agricultural & Nutr Ltd,Padrão de empresa privada ou centro de P&D corporativo.,Alta
Mediclin Hosp,mover_para_organizacoes,organizacoes,Hospital / clínica / centro médico,Mediclin Hospital,Não cadastrar como instituição de ensino principal.,Alta
Shaoxing Lanhong Intelligent Tech Co Ltd,mover_para_organizacoes,organizacoes,Empresa privada / centro corporativo,Shaoxing Lanhong Intelligent Technology Co Ltd,Padrão de empresa privada ou centro de P&D corporativo.,Alta
Guangzhou Ya Heng Informat Tech Co Ltd,mover_para_organizacoes,organizacoes,Empresa privada / centro corporativo,Guangzhou Ya Heng Informat Technology Co Ltd,Padrão de empresa privada ou centro de P&D corporativo.,Alta
DDG R Geol Survey India,mover_para_organizacoes,organizacoes,Órgão público / agência / organismo internacional,DDG R Geol Survey India,"Padrão de ministério, governo, departamento ou agência. Não cadastrar como universidade.",Alta
Partners Hlth Liberia,mover_para_organizacoes,organizacoes,Hospital / clínica / centro médico,Partners Health Liberia,Não cadastrar como instituição de ensino principal.,Alta
Republ Liberia Minist Hlth,mover_para_organizacoes,organizacoes,Órgão público / agência / organismo internacional,Republ Liberia Ministry Health,"Padrão de ministério, governo, departamento ou agência. Não cadastrar como universidade.",Alta
Bayer SpA,mover_para_organizacoes,organizacoes,Empresa privada / centro corporativo,Bayer SpA,Padrão de empresa privada ou centro de P&D corporativo.,Alta
AKROS BioSci Srl,mover_para_organizacoes,organizacoes,Empresa privada / centro corporativo,AKROS BioSci Srl,Padrão de empresa privada ou centro de P&D corporativo.,Alta
WellSpan Chambersburg Hosp,mover_para_organizacoes,organizacoes,Hospital / clínica / centro médico,WellSpan Chambersburg Hospital,Não cadastrar como instituição de ensino principal.,Alta
Ruiniu Stock Co Ltd,mover_para_organizacoes,organizacoes,Empresa privada / centro corporativo,Ruiniu Stock Co Ltd,Padrão de empresa privada ou centro de P&D corporativo.,Alta
WinJi AG,mover_para_organizacoes,organizacoes,Empresa privada / centro corporativo,WinJi AG,Padrão de empresa privada ou centro de P&D corporativo.,Alta
DiaMonTech AG,mover_para_organizacoes,organizacoes,Empresa privada / centro corporativo,DiaMonTech AG,Padrão de empresa privada ou centro de P&D corporativo.,Alta
First Matern Hosp,mover_para_organizacoes,organizacoes,Hospital / clínica / centro médico,First Matern Hospital,Não cadastrar como instituição de ensino principal.,Alta
Ecorobotix SA,mover_para_organizacoes,organizacoes,Empresa privada / centro corporativo,Ecorobotix SA,Padrão de empresa privada ou centro de P&D corporativo.,Alta
Hosp Clin,mover_para_organizacoes,organizacoes,Hospital / clínica / centro médico,Hospital Clin,Não cadastrar como instituição de ensino principal.,Alta
Sense Software,mover_para_organizacoes,organizacoes,Empresa privada / centro corporativo,Sense Software,Padrão de empresa privada ou centro de P&D corporativo.,Alta
NOAA Northwest Fisheries Sci Ctr,mover_para_organizacoes,organizacoes,Órgão público / agência / organismo internacional,NOAA Northwest Fisheries Science Center,"Padrão de ministério, governo, departamento ou agência. Não cadastrar como universidade.",Alta
Harvest Select Catfish Inc,mover_para_organizacoes,organizacoes,Empresa privada / centro corporativo,Harvest Select Catfish Inc,Padrão de empresa privada ou centro de P&D corporativo.,Alta
NOAA Fisheries,mover_para_organizacoes,organizacoes,Órgão público / agência / organismo internacional,NOAA Fisheries,"Padrão de ministério, governo, departamento ou agência. Não cadastrar como universidade.",Alta
Armaments & Def Technol Agcy,mover_para_organizacoes,organizacoes,Órgão público / agência / organismo internacional,Armaments & Def Technology Agency,"Padrão de ministério, governo, departamento ou agência. Não cadastrar como universidade.",Alta
AITHYRA GmbH,mover_para_organizacoes,organizacoes,Empresa privada / centro corporativo,AITHYRA GmbH,Padrão de empresa privada ou centro de P&D corporativo.,Alta
DNAPHONE Srl,mover_para_organizacoes,organizacoes,Empresa privada / centro corporativo,DNAPHONE Srl,Padrão de empresa privada ou centro de P&D corporativo.,Alta
EnginLife Engn Solut EnginLife,mover_para_organizacoes,organizacoes,Empresa privada / centro corporativo,EnginLife Engineering Solut EnginLife,Padrão de empresa privada ou centro de P&D corporativo.,Alta
Saeio Global Ltd,mover_para_organizacoes,organizacoes,Empresa privada / centro corporativo,Saeio Global Ltd,Padrão de empresa privada ou centro de P&D corporativo.,Alta
EKROME Srl,mover_para_organizacoes,organizacoes,Empresa privada / centro corporativo,EKROME Srl,Padrão de empresa privada ou centro de P&D corporativo.,Alta
Kangaroo Isl Vet Clin,mover_para_organizacoes,organizacoes,Hospital / clínica / centro médico,Kangaroo Isl Vet Clin,Não cadastrar como instituição de ensino principal.,Alta
Nilon Farm Hlth,mover_para_organizacoes,organizacoes,Hospital / clínica / centro médico,Nilon Farm Health,Não cadastrar como instituição de ensino principal.,Alta
Govt Engn Coll,mover_para_organizacoes,organizacoes,Órgão público / agência / organismo internacional,Govt Engineering College,"Padrão de ministério, governo, departamento ou agência. Não cadastrar como universidade.",Alta
Adventist Hlth Glendale Med Ctr,mover_para_organizacoes,organizacoes,Hospital / clínica / centro médico,Adventist Health Glendale Med Center,Não cadastrar como instituição de ensino principal.,Alta
Hebei Transportat Investment Grp Corp,mover_para_organizacoes,organizacoes,Empresa privada / centro corporativo,Hebei Transportat Investment Grp Corp,Padrão de empresa privada ou centro de P&D corporativo.,Alta
Accenture,mover_para_organizacoes,organizacoes,Empresa privada / centro corporativo,Accenture,Padrão de empresa privada ou centro de P&D corporativo.,Alta
K Digitale Srl,mover_para_organizacoes,organizacoes,Empresa privada / centro corporativo,K Digitale Srl,Padrão de empresa privada ou centro de P&D corporativo.,Alta
Pfizer Ltd,mover_para_organizacoes,organizacoes,Empresa privada / centro corporativo,Pfizer Ltd,Padrão de empresa privada ou centro de P&D corporativo.,Alta
Fed Minist Agr & Rural Dev,mover_para_organizacoes,organizacoes,Órgão público / agência / organismo internacional,Federal Ministry Agricultural & Rural Dev,"Padrão de ministério, governo, departamento ou agência. Não cadastrar como universidade.",Alta
Khalifa Univ Ctr Autonomous Robot Syst KUCARS,mover_para_organizacoes,organizacoes,Empresa privada / centro corporativo,Khalifa University Center Autonomous Robot Syst KUCARS,Padrão de empresa privada ou centro de P&D corporativo.,Alta
Hosp Reg Docente Madre Nino El Carmen,mover_para_organizacoes,organizacoes,Hospital / clínica / centro médico,Hospital Reg Docente Madre Nino El Carmen,Não cadastrar como instituição de ensino principal.,Alta
Hosp San Juan del Rio,mover_para_organizacoes,organizacoes,Hospital / clínica / centro médico,Hospital San Juan del Rio,Não cadastrar como instituição de ensino principal.,Alta
Hosp Reg Cusco,mover_para_organizacoes,organizacoes,Hospital / clínica / centro médico,Hospital Reg Cusco,Não cadastrar como instituição de ensino principal.,Alta
Hosp II Pasco,mover_para_organizacoes,organizacoes,Hospital / clínica / centro médico,Hospital II Pasco,Não cadastrar como instituição de ensino principal.,Alta
Hosp Mujer,mover_para_organizacoes,organizacoes,Hospital / clínica / centro médico,Hospital Mujer,Não cadastrar como instituição de ensino principal.,Alta
Hosp Reg Honorio Delgado Espinoza,mover_para_organizacoes,organizacoes,Hospital / clínica / centro médico,Hospital Reg Honorio Delgado Espinoza,Não cadastrar como instituição de ensino principal.,Alta
Wipro Ltd,mover_para_organizacoes,organizacoes,Empresa privada / centro corporativo,Wipro Ltd,Padrão de empresa privada ou centro de P&D corporativo.,Alta
Bot Resources Australia Pty Ltd,mover_para_organizacoes,organizacoes,Empresa privada / centro corporativo,Bot Resources Australia Pty Ltd,Padrão de empresa privada ou centro de P&D corporativo.,Alta
Asymchem Life Sci Tianjin Co Ltd,mover_para_organizacoes,organizacoes,Empresa privada / centro corporativo,Asymchem Life Science Tianjin Co Ltd,Padrão de empresa privada ou centro de P&D corporativo.,Alta
ABB Corp Res,mover_para_organizacoes,organizacoes,Empresa privada / centro corporativo,ABB Corp Research,Padrão de empresa privada ou centro de P&D corporativo.,Alta
John Deere Co Ltd,mover_para_organizacoes,organizacoes,Empresa privada / centro corporativo,John Deere Co Ltd,Padrão de empresa privada ou centro de P&D corporativo.,Alta
Renmin Hosp Qingxian,mover_para_organizacoes,organizacoes,Hospital / clínica / centro médico,Renmin Hospital Qingxian,Não cadastrar como instituição de ensino principal.,Alta
Gen Hosp Cent Theater Command Peoples Liberat Army,mover_para_organizacoes,organizacoes,Hospital / clínica / centro médico,Gen Hospital Cent Theater Command Peoples Liberat Army,Não cadastrar como instituição de ensino principal.,Alta
Hosp 902 Joint Logist Support Force Peoples Libera,mover_para_organizacoes,organizacoes,Hospital / clínica / centro médico,Hospital 902 Joint Logist Support Force Peoples Libera,Não cadastrar como instituição de ensino principal.,Alta
Govt Russian Federat,mover_para_organizacoes,organizacoes,Órgão público / agência / organismo internacional,Govt Russian Federat,"Padrão de ministério, governo, departamento ou agência. Não cadastrar como universidade.",Alta
Exponent Inc,mover_para_organizacoes,organizacoes,Empresa privada / centro corporativo,Exponent Inc,Padrão de empresa privada ou centro de P&D corporativo.,Alta
Minist Agrarian Dev Brazil MDA,mover_para_organizacoes,organizacoes,Órgão público / agência / organismo internacional,Ministry Agrarian Dev Brazil MDA,"Padrão de ministério, governo, departamento ou agência. Não cadastrar como universidade.",Alta
Vioryl SA,mover_para_organizacoes,organizacoes,Empresa privada / centro corporativo,Vioryl SA,Padrão de empresa privada ou centro de P&D corporativo.,Alta
Nigerian Meteorol Agcy,mover_para_organizacoes,organizacoes,Órgão público / agência / organismo internacional,Nigerian Meteorol Agency,"Padrão de ministério, governo, departamento ou agência. Não cadastrar como universidade.",Alta
Minist Rural Dev & Food,mover_para_organizacoes,organizacoes,Órgão público / agência / organismo internacional,Ministry Rural Dev & Food,"Padrão de ministério, governo, departamento ou agência. Não cadastrar como universidade.",Alta
Aizoon USA Inc,mover_para_organizacoes,organizacoes,Empresa privada / centro corporativo,Aizoon USA Inc,Padrão de empresa privada ou centro de P&D corporativo.,Alta
CLOUD FLOW LLC,mover_para_organizacoes,organizacoes,Empresa privada / centro corporativo,CLOUD FLOW LLC,Padrão de empresa privada ou centro de P&D corporativo.,Alta
Henan Urban Planning & Design Inst Co Ltd,mover_para_organizacoes,organizacoes,Empresa privada / centro corporativo,Henan Urban Planning & Design Institute Co Ltd,Padrão de empresa privada ou centro de P&D corporativo.,Alta
USDA ARS Vegetable Crops Res,mover_para_organizacoes,organizacoes,Órgão público / agência / organismo internacional,USDA ARS Vegetable Crops Research,"Padrão de ministério, governo, departamento ou agência. Não cadastrar como universidade.",Alta
Natl IT Ind Promot Agcy,mover_para_organizacoes,organizacoes,Órgão público / agência / organismo internacional,National IT Ind Promot Agency,"Padrão de ministério, governo, departamento ou agência. Não cadastrar como universidade.",Alta
NATL PUBL HLTH INST,mover_para_organizacoes,organizacoes,Hospital / clínica / centro médico,National PUBL Health Institute,Não cadastrar como instituição de ensino principal.,Alta
LOIMAA REG HOSP,mover_para_organizacoes,organizacoes,Hospital / clínica / centro médico,LOIMAA REG Hospital,Não cadastrar como instituição de ensino principal.,Alta
Prajukti Res Pvt Ltd,mover_para_organizacoes,organizacoes,Empresa privada / centro corporativo,Prajukti Research Pvt Ltd,Padrão de empresa privada ou centro de P&D corporativo.,Alta
Chang Gung Mem Hosp,mover_para_organizacoes,organizacoes,Hospital / clínica / centro médico,Chang Gung Mem Hospital,Não cadastrar como instituição de ensino principal.,Alta
Dept Antiqu Jordan,mover_para_organizacoes,organizacoes,Órgão público / agência / organismo internacional,Department Antiqu Jordan,"Padrão de ministério, governo, departamento ou agência. Não cadastrar como universidade.",Alta
Minist Tourism & Antiqu Jordan,mover_para_organizacoes,organizacoes,Órgão público / agência / organismo internacional,Ministry Tourism & Antiqu Jordan,"Padrão de ministério, governo, departamento ou agência. Não cadastrar como universidade.",Alta
Earthtree Data Serv Pvt Ltd,mover_para_organizacoes,organizacoes,Empresa privada / centro corporativo,Earthtree Data Serv Pvt Ltd,Padrão de empresa privada ou centro de P&D corporativo.,Alta
Rizhao Jiacheng Anim Hlth Prod Co Ltd,mover_para_organizacoes,organizacoes,Hospital / clínica / centro médico,Rizhao Jiacheng Anim Health Prod Co Ltd,Não cadastrar como instituição de ensino principal.,Alta
Virtusa Corp,mover_para_organizacoes,organizacoes,Empresa privada / centro corporativo,Virtusa Corp,Padrão de empresa privada ou centro de P&D corporativo.,Alta
Digital Hlth & Gender,mover_para_organizacoes,organizacoes,Hospital / clínica / centro médico,Digital Health & Gender,Não cadastrar como instituição de ensino principal.,Alta
State Grid Liaoning Elect Power Supply Co Ltd,mover_para_organizacoes,organizacoes,Empresa privada / centro corporativo,State Grid Liaoning Elect Power Supply Co Ltd,Padrão de empresa privada ou centro de P&D corporativo.,Alta
Renvico Srl,mover_para_organizacoes,organizacoes,Empresa privada / centro corporativo,Renvico Srl,Padrão de empresa privada ou centro de P&D corporativo.,Alta
Inst Hlth Res Epidemiol Surveillance & Training I,mover_para_organizacoes,organizacoes,Hospital / clínica / centro médico,Institute Health Research Epidemiol Surveillance & Training I,Não cadastrar como instituição de ensino principal.,Alta
Kenya Govt Med Res Ctr,mover_para_organizacoes,organizacoes,Órgão público / agência / organismo internacional,Kenya Govt Med Research Center,"Padrão de ministério, governo, departamento ou agência. Não cadastrar como universidade.",Alta
Hosp Israelita Albert Einstein,mover_para_organizacoes,organizacoes,Hospital / clínica / centro médico,Hospital Israelita Albert Einstein,Não cadastrar como instituição de ensino principal.,Alta
Kilimanjaro Christian Med Ctr,mover_para_organizacoes,organizacoes,Hospital / clínica / centro médico,Kilimanjaro Christian Med Center,Não cadastrar como instituição de ensino principal.,Alta
Bayer AG Laacher Hof,mover_para_organizacoes,organizacoes,Empresa privada / centro corporativo,Bayer AG Laacher Hof,Padrão de empresa privada ou centro de P&D corporativo.,Alta
Agresearch Ltd Lincoln,mover_para_organizacoes,organizacoes,Empresa privada / centro corporativo,Agresearch Ltd Lincoln,Padrão de empresa privada ou centro de P&D corporativo.,Alta
Grasslanz Technol Ltd,mover_para_organizacoes,organizacoes,Empresa privada / centro corporativo,Grasslanz Technology Ltd,Padrão de empresa privada ou centro de P&D corporativo.,Alta
Haitian Int Holdings Ltd,mover_para_organizacoes,organizacoes,Empresa privada / centro corporativo,Haitian Int Holdings Ltd,Padrão de empresa privada ou centro de P&D corporativo.,Alta
Govt Bikram Coll Commerce,mover_para_organizacoes,organizacoes,Órgão público / agência / organismo internacional,Govt Bikram College Commerce,"Padrão de ministério, governo, departamento ou agência. Não cadastrar como universidade.",Alta
Coviu Global Pty Ltd,mover_para_organizacoes,organizacoes,Empresa privada / centro corporativo,Coviu Global Pty Ltd,Padrão de empresa privada ou centro de P&D corporativo.,Alta
Sydney Local Hlth Dist,mover_para_organizacoes,organizacoes,Hospital / clínica / centro médico,Sydney Local Health Dist,Não cadastrar como instituição de ensino principal.,Alta
Beijing Chasing Future Biotechnol Co Ltd,mover_para_organizacoes,organizacoes,Empresa privada / centro corporativo,Beijing Chasing Future Biotechnol Co Ltd,Padrão de empresa privada ou centro de P&D corporativo.,Alta
Guodian Nanjing Automat Co Ltd,mover_para_organizacoes,organizacoes,Empresa privada / centro corporativo,Guodian Nanjing Automat Co Ltd,Padrão de empresa privada ou centro de P&D corporativo.,Alta
Geno SA,mover_para_organizacoes,organizacoes,Empresa privada / centro corporativo,Geno SA,Padrão de empresa privada ou centro de P&D corporativo.,Alta
SA Hlth,mover_para_organizacoes,organizacoes,Hospital / clínica / centro médico,SA Health,Não cadastrar como instituição de ensino principal.,Alta
China Resources Sanjiu Med & Pharmaceut Co Ltd,mover_para_organizacoes,organizacoes,Empresa privada / centro corporativo,China Resources Sanjiu Med & Pharmaceut Co Ltd,Padrão de empresa privada ou centro de P&D corporativo.,Alta
IMAZON Amazon Inst People & Environm,mover_para_organizacoes,organizacoes,Empresa privada / centro corporativo,IMAZON Amazon Institute People & Environment,Padrão de empresa privada ou centro de P&D corporativo.,Alta
Ingeniarius Ltd,mover_para_organizacoes,organizacoes,Empresa privada / centro corporativo,Ingeniarius Ltd,Padrão de empresa privada ou centro de P&D corporativo.,Alta
Climate Risk Grp,mover_para_organizacoes,organizacoes,Empresa privada / centro corporativo,Climate Risk Grp,Padrão de empresa privada ou centro de P&D corporativo.,Alta
Haitong Food Grp Co,mover_para_organizacoes,organizacoes,Empresa privada / centro corporativo,Haitong Food Grp Co,Padrão de empresa privada ou centro de P&D corporativo.,Alta
SkyzHotech Solut Pvt Ltd,mover_para_organizacoes,organizacoes,Empresa privada / centro corporativo,SkyzHotech Solut Pvt Ltd,Padrão de empresa privada ou centro de P&D corporativo.,Alta
Telenostic Ltd,mover_para_organizacoes,organizacoes,Empresa privada / centro corporativo,Telenostic Ltd,Padrão de empresa privada ou centro de P&D corporativo.,Alta
GE HealthCare,mover_para_organizacoes,organizacoes,Hospital / clínica / centro médico,GE HealthCare,Não cadastrar como instituição de ensino principal.,Alta
ClonBio Grp LTD,mover_para_organizacoes,organizacoes,Empresa privada / centro corporativo,ClonBio Grp LTD,Padrão de empresa privada ou centro de P&D corporativo.,Alta
VetVise GmbH,mover_para_organizacoes,organizacoes,Empresa privada / centro corporativo,VetVise GmbH,Padrão de empresa privada ou centro de P&D corporativo.,Alta
Beijing Knorth Co Ltd,mover_para_organizacoes,organizacoes,Empresa privada / centro corporativo,Beijing Knorth Co Ltd,Padrão de empresa privada ou centro de P&D corporativo.,Alta
Local Hlth Unit Roma 2,mover_para_organizacoes,organizacoes,Hospital / clínica / centro médico,Local Health Unit Roma 2,Não cadastrar como instituição de ensino principal.,Alta
PyeongChang Hlth Ctr & Cty Hosp,mover_para_organizacoes,organizacoes,Hospital / clínica / centro médico,PyeongChang Health Center & Cty Hospital,Não cadastrar como instituição de ensino principal.,Alta
Auckland Dist Hlth Board,mover_para_organizacoes,organizacoes,Hospital / clínica / centro médico,Auckland Dist Health Board,Não cadastrar como instituição de ensino principal.,Alta
Invas Species Corp,mover_para_organizacoes,organizacoes,Empresa privada / centro corporativo,Invas Species Corp,Padrão de empresa privada ou centro de P&D corporativo.,Alta
Farm4Trade Srl,mover_para_organizacoes,organizacoes,Empresa privada / centro corporativo,Farm4Trade Srl,Padrão de empresa privada ou centro de P&D corporativo.,Alta
Zhenping Peoples Hosp,mover_para_organizacoes,organizacoes,Hospital / clínica / centro médico,Zhenping Peoples Hospital,Não cadastrar como instituição de ensino principal.,Alta
Nanyang Cent Hosp,mover_para_organizacoes,organizacoes,Hospital / clínica / centro médico,Nanyang Cent Hospital,Não cadastrar como instituição de ensino principal.,Alta
Malaysian Inst Microelect Syst MIMOS Berhad,mover_para_organizacoes,organizacoes,Empresa privada / centro corporativo,Malaysian Institute Microelect Syst MIMOS Berhad,Padrão de empresa privada ou centro de P&D corporativo.,Alta
Dept Small Mol Analyt Res & Dev Merck,mover_para_organizacoes,organizacoes,Órgão público / agência / organismo internacional,Department Small Mol Analyt Research & Dev Merck,"Padrão de ministério, governo, departamento ou agência. Não cadastrar como universidade.",Alta
Aflu Med Healthcare,mover_para_organizacoes,organizacoes,Hospital / clínica / centro médico,Aflu Med Healthcare,Não cadastrar como instituição de ensino principal.,Alta
MINIST AGR & FISHERIES,mover_para_organizacoes,organizacoes,Órgão público / agência / organismo internacional,Ministry Agricultural & FISHERIES,"Padrão de ministério, governo, departamento ou agência. Não cadastrar como universidade.",Alta
Parkland Refining BC Ltd,mover_para_organizacoes,organizacoes,Empresa privada / centro corporativo,Parkland Refining BC Ltd,Padrão de empresa privada ou centro de P&D corporativo.,Alta
State Grid Jibei Elect Power Co Ltd,mover_para_organizacoes,organizacoes,Empresa privada / centro corporativo,State Grid Jibei Elect Power Co Ltd,Padrão de empresa privada ou centro de P&D corporativo.,Alta
Waytous Inc,mover_para_organizacoes,organizacoes,Empresa privada / centro corporativo,Waytous Inc,Padrão de empresa privada ou centro de P&D corporativo.,Alta
Si Ware Syst,mover_para_organizacoes,organizacoes,Empresa privada / centro corporativo,Si Ware Syst,Padrão de empresa privada ou centro de P&D corporativo.,Alta
Zauberzeug GmbH,mover_para_organizacoes,organizacoes,Empresa privada / centro corporativo,Zauberzeug GmbH,Padrão de empresa privada ou centro de P&D corporativo.,Alta
Menzies Sch Hlth Res,mover_para_organizacoes,organizacoes,Hospital / clínica / centro médico,Menzies Sch Health Research,Não cadastrar como instituição de ensino principal.,Alta
Mulago Natl Referral Hosp,mover_para_organizacoes,organizacoes,Hospital / clínica / centro médico,Mulago National Referral Hospital,Não cadastrar como instituição de ensino principal.,Alta
Hamman Ag Res Inc,mover_para_organizacoes,organizacoes,Empresa privada / centro corporativo,Hamman Ag Research Inc,Padrão de empresa privada ou centro de P&D corporativo.,Alta
CUVENPETROL SA,mover_para_organizacoes,organizacoes,Empresa privada / centro corporativo,CUVENPETROL SA,Padrão de empresa privada ou centro de P&D corporativo.,Alta
SBA Res Complex & Resilience Res Grp,mover_para_organizacoes,organizacoes,Empresa privada / centro corporativo,SBA Research Complex & Resilience Research Grp,Padrão de empresa privada ou centro de P&D corporativo.,Alta
United Nations African Reg Ctr Space Sci & Technol,mover_para_organizacoes,organizacoes,Órgão público / agência / organismo internacional,United Nations African Reg Center Space Science & Technology,"Padrão de ministério, governo, departamento ou agência. Não cadastrar como universidade.",Alta
Syngenta Ltd,mover_para_organizacoes,organizacoes,Empresa privada / centro corporativo,Syngenta Ltd,Padrão de empresa privada ou centro de P&D corporativo.,Alta
Minist Justice,mover_para_organizacoes,organizacoes,Órgão público / agência / organismo internacional,Ministry Justice,"Padrão de ministério, governo, departamento ou agência. Não cadastrar como universidade.",Alta
Minist Agr Food Sovereignty & Forests,mover_para_organizacoes,organizacoes,Órgão público / agência / organismo internacional,Ministry Agricultural Food Sovereignty & Forests,"Padrão de ministério, governo, departamento ou agência. Não cadastrar como universidade.",Alta
Royal Darwin Hosp,mover_para_organizacoes,organizacoes,Hospital / clínica / centro médico,Royal Darwin Hospital,Não cadastrar como instituição de ensino principal.,Alta
Childrens Hosp Westmead,mover_para_organizacoes,organizacoes,Hospital / clínica / centro médico,Childrens Hospital Westmead,Não cadastrar como instituição de ensino principal.,Alta
Navarra Inst Hlth Res IdisNA,mover_para_organizacoes,organizacoes,Hospital / clínica / centro médico,Navarra Institute Health Research IdisNA,Não cadastrar como instituição de ensino principal.,Alta
Minist Higher & Tertiary Educ Innovat Sci & Techno,mover_para_organizacoes,organizacoes,Órgão público / agência / organismo internacional,Ministry Higher & Tertiary Educ Innovat Science & Techno,"Padrão de ministério, governo, departamento ou agência. Não cadastrar como universidade.",Alta
Biodonostia Hlth Res Inst,mover_para_organizacoes,organizacoes,Hospital / clínica / centro médico,Biodonostia Health Research Institute,Não cadastrar como instituição de ensino principal.,Alta
Alaska Native Tribal Hlth Consortium,mover_para_organizacoes,organizacoes,Hospital / clínica / centro médico,Alaska Native Tribal Health Consortium,Não cadastrar como instituição de ensino principal.,Alta
Minist Antiquities,mover_para_organizacoes,organizacoes,Órgão público / agência / organismo internacional,Ministry Antiquities,"Padrão de ministério, governo, departamento ou agência. Não cadastrar como universidade.",Alta
Consolidated Safety Serv Inc,mover_para_organizacoes,organizacoes,Empresa privada / centro corporativo,Consolidated Safety Serv Inc,Padrão de empresa privada ou centro de P&D corporativo.,Alta
Nanjing Huazhu Ind Intelligent Equipment Co Ltd,mover_para_organizacoes,organizacoes,Empresa privada / centro corporativo,Nanjing Huazhu Ind Intelligent Equipment Co Ltd,Padrão de empresa privada ou centro de P&D corporativo.,Alta
Dept Informat & Commun Technol Adani Univ,mover_para_organizacoes,organizacoes,Órgão público / agência / organismo internacional,Department Informat & Commun Technology Adani University,"Padrão de ministério, governo, departamento ou agência. Não cadastrar como universidade.",Alta
Res Ctr Happy River & Lake Hlth Fujian Prov,mover_para_organizacoes,organizacoes,Hospital / clínica / centro médico,Research Center Happy River & Lake Health Fujian Prov,Não cadastrar como instituição de ensino principal.,Alta
Grp Co Progress Agro,mover_para_organizacoes,organizacoes,Empresa privada / centro corporativo,Grp Co Progress Agro,Padrão de empresa privada ou centro de P&D corporativo.,Alta
German Res Ctr Artificial Intelligence DFKI GmbH,mover_para_organizacoes,organizacoes,Empresa privada / centro corporativo,German Research Center Artificial Intelligence DFKI GmbH,Padrão de empresa privada ou centro de P&D corporativo.,Alta
Talus Renewables Inc,mover_para_organizacoes,organizacoes,Empresa privada / centro corporativo,Talus Renewables Inc,Padrão de empresa privada ou centro de P&D corporativo.,Alta
Minist Housing & Urban Affairs,mover_para_organizacoes,organizacoes,Órgão público / agência / organismo internacional,Ministry Housing & Urban Affairs,"Padrão de ministério, governo, departamento ou agência. Não cadastrar como universidade.",Alta
RHONE POULENC RORER SA,mover_para_organizacoes,organizacoes,Empresa privada / centro corporativo,RHONE POULENC RORER SA,Padrão de empresa privada ou centro de P&D corporativo.,Alta
Dow AgroSci LLC,mover_para_organizacoes,organizacoes,Empresa privada / centro corporativo,Dow AgroSci LLC,Padrão de empresa privada ou centro de P&D corporativo.,Alta
Montefiore New Rochelle Hosp,mover_para_organizacoes,organizacoes,Hospital / clínica / centro médico,Montefiore New Rochelle Hospital,Não cadastrar como instituição de ensino principal.,Alta
Northwell Hlth,mover_para_organizacoes,organizacoes,Hospital / clínica / centro médico,Northwell Health,Não cadastrar como instituição de ensino principal.,Alta
China Acad Agr Mechanizat Sci Grp Co Ltd,mover_para_organizacoes,organizacoes,Empresa privada / centro corporativo,China Acad Agricultural Mechanizat Science Grp Co Ltd,Padrão de empresa privada ou centro de P&D corporativo.,Alta
Syngenta Crop Protect LLC,mover_para_organizacoes,organizacoes,Empresa privada / centro corporativo,Syngenta Crop Protect LLC,Padrão de empresa privada ou centro de P&D corporativo.,Alta
Johns Hopkins Ctr Hlth Secur,mover_para_organizacoes,organizacoes,Hospital / clínica / centro médico,Johns Hopkins Center Health Secur,Não cadastrar como instituição de ensino principal.,Alta
Zoetis Anim Hlth,mover_para_organizacoes,organizacoes,Hospital / clínica / centro médico,Zoetis Anim Health,Não cadastrar como instituição de ensino principal.,Alta
AAMA Angel Investment Management Beijing Co Ltd,mover_para_organizacoes,organizacoes,Empresa privada / centro corporativo,AAMA Angel Investment Management Beijing Co Ltd,Padrão de empresa privada ou centro de P&D corporativo.,Alta
MINIST AGR & LAND RECLAMAT,mover_para_organizacoes,organizacoes,Órgão público / agência / organismo internacional,Ministry Agricultural & LAND RECLAMAT,"Padrão de ministério, governo, departamento ou agência. Não cadastrar como universidade.",Alta
Tanagro SA Montenegro,mover_para_organizacoes,organizacoes,Empresa privada / centro corporativo,Tanagro SA Montenegro,Padrão de empresa privada ou centro de P&D corporativo.,Alta
Nebraska Dept Econ Dev,mover_para_organizacoes,organizacoes,Órgão público / agência / organismo internacional,Nebraska Department Econ Dev,"Padrão de ministério, governo, departamento ou agência. Não cadastrar como universidade.",Alta
Beijing Engn Res Ctr Anim Hlth Environm,mover_para_organizacoes,organizacoes,Hospital / clínica / centro médico,Beijing Engineering Research Center Anim Health Environment,Não cadastrar como instituição de ensino principal.,Alta
Zhucheng Zhongyu Elect & Mech Equipment Co Ltd,mover_para_organizacoes,organizacoes,Empresa privada / centro corporativo,Zhucheng Zhongyu Elect & Mech Equipment Co Ltd,Padrão de empresa privada ou centro de P&D corporativo.,Alta
Hunan Musen Educ Technol Co Ltd,mover_para_organizacoes,organizacoes,Empresa privada / centro corporativo,Hunan Musen Educ Technology Co Ltd,Padrão de empresa privada ou centro de P&D corporativo.,Alta
Vinhos SA,mover_para_organizacoes,organizacoes,Empresa privada / centro corporativo,Vinhos SA,Padrão de empresa privada ou centro de P&D corporativo.,Alta
Complex Engn Syst Inst ISCI,mover_para_organizacoes,organizacoes,Empresa privada / centro corporativo,Complex Engineering Syst Institute ISCI,Padrão de empresa privada ou centro de P&D corporativo.,Alta
Sage Insurance Holdings LLC,mover_para_organizacoes,organizacoes,Empresa privada / centro corporativo,Sage Insurance Holdings LLC,Padrão de empresa privada ou centro de P&D corporativo.,Alta
Columbus Hosp,mover_para_organizacoes,organizacoes,Hospital / clínica / centro médico,Columbus Hospital,Não cadastrar como instituição de ensino principal.,Alta
Spandana Hosp,mover_para_organizacoes,organizacoes,Hospital / clínica / centro médico,Spandana Hospital,Não cadastrar como instituição de ensino principal.,Alta
Quantellia LLC,mover_para_organizacoes,organizacoes,Empresa privada / centro corporativo,Quantellia LLC,Padrão de empresa privada ou centro de P&D corporativo.,Alta
Handan City Eye Hosp,mover_para_organizacoes,organizacoes,Hospital / clínica / centro médico,Handan City Eye Hospital,Não cadastrar como instituição de ensino principal.,Alta
Fraunhofer Inst Expt Software Engn IESE,mover_para_organizacoes,organizacoes,Empresa privada / centro corporativo,Fraunhofer Institute Expt Software Engineering IESE,Padrão de empresa privada ou centro de P&D corporativo.,Alta
Natl Hlth Serv Western Isles,mover_para_organizacoes,organizacoes,Hospital / clínica / centro médico,National Health Serv Western Isles,Não cadastrar como instituição de ensino principal.,Alta
Lab Integrat & Translat Res Populat Hlth ITR,mover_para_organizacoes,organizacoes,Hospital / clínica / centro médico,Lab Integrat & Translat Research Populat Health ITR,Não cadastrar como instituição de ensino principal.,Alta
John Deere,mover_para_organizacoes,organizacoes,Empresa privada / centro corporativo,John Deere,Padrão de empresa privada ou centro de P&D corporativo.,Alta
John Deere Technol Innovat Ctr,mover_para_organizacoes,organizacoes,Empresa privada / centro corporativo,John Deere Technology Innovat Center,Padrão de empresa privada ou centro de P&D corporativo.,Alta
Hlth Syst Transformat Platform,mover_para_organizacoes,organizacoes,Hospital / clínica / centro médico,Health Syst Transformat Platform,Não cadastrar como instituição de ensino principal.,Alta
Northwest China Grid Co Ltd,mover_para_organizacoes,organizacoes,Empresa privada / centro corporativo,Northwest China Grid Co Ltd,Padrão de empresa privada ou centro de P&D corporativo.,Alta
NThing Corp,mover_para_organizacoes,organizacoes,Empresa privada / centro corporativo,NThing Corp,Padrão de empresa privada ou centro de P&D corporativo.,Alta
Koko Siga Fiji Ltd,mover_para_organizacoes,organizacoes,Empresa privada / centro corporativo,Koko Siga Fiji Ltd,Padrão de empresa privada ou centro de P&D corporativo.,Alta
Yunnan Power Grid Co Ltd,mover_para_organizacoes,organizacoes,Empresa privada / centro corporativo,Yunnan Power Grid Co Ltd,Padrão de empresa privada ou centro de P&D corporativo.,Alta
ZELOSplant Indoor Solut GmbH,mover_para_organizacoes,organizacoes,Empresa privada / centro corporativo,ZELOSplant Indoor Solut GmbH,Padrão de empresa privada ou centro de P&D corporativo.,Alta
TTTech Ind Automat AG,mover_para_organizacoes,organizacoes,Empresa privada / centro corporativo,TTTech Ind Automat AG,Padrão de empresa privada ou centro de P&D corporativo.,Alta
YCM Hosp,mover_para_organizacoes,organizacoes,Hospital / clínica / centro médico,YCM Hospital,Não cadastrar como instituição de ensino principal.,Alta
Sahyadri Hosp,mover_para_organizacoes,organizacoes,Hospital / clínica / centro médico,Sahyadri Hospital,Não cadastrar como instituição de ensino principal.,Alta
Cure Latam Hlth Technol,mover_para_organizacoes,organizacoes,Hospital / clínica / centro médico,Cure Latam Health Technology,Não cadastrar como instituição de ensino principal.,Alta
Clin Iberoamer,mover_para_organizacoes,organizacoes,Hospital / clínica / centro médico,Clin Iberoamer,Não cadastrar como instituição de ensino principal.,Alta
Clin Carmen,mover_para_organizacoes,organizacoes,Hospital / clínica / centro médico,Clin Carmen,Não cadastrar como instituição de ensino principal.,Alta
Org Clin Bonnadona Prevenir,mover_para_organizacoes,organizacoes,Hospital / clínica / centro médico,Org Clin Bonnadona Prevenir,Não cadastrar como instituição de ensino principal.,Alta
NATL INST HLTH & NUTR,mover_para_organizacoes,organizacoes,Hospital / clínica / centro médico,National Institute Health & NUTR,Não cadastrar como instituição de ensino principal.,Alta
IBM Corp,mover_para_organizacoes,organizacoes,Empresa privada,IBM Corporation,Não é universidade.,Alta
Alibaba,mover_para_organizacoes,organizacoes,Empresa privada / centro corporativo,Alibaba,Padrão de empresa privada ou centro de P&D corporativo.,Alta
Japan Fisheries Res & Educ Agcy,mover_para_organizacoes,organizacoes,Órgão público / agência / organismo internacional,Japan Fisheries Research & Educ Agency,"Padrão de ministério, governo, departamento ou agência. Não cadastrar como universidade.",Alta
Environm Agcy,mover_para_organizacoes,organizacoes,Órgão público / agência / organismo internacional,Environment Agency,"Padrão de ministério, governo, departamento ou agência. Não cadastrar como universidade.",Alta
Global Alliance Hlth & Pollut,mover_para_organizacoes,organizacoes,Hospital / clínica / centro médico,Global Alliance Health & Pollut,Não cadastrar como instituição de ensino principal.,Alta
Syngenta Crop Protect,mover_para_organizacoes,organizacoes,Empresa privada / centro corporativo,Syngenta Crop Protect,Padrão de empresa privada ou centro de P&D corporativo.,Alta
Minist Agr & Cooperat,mover_para_organizacoes,organizacoes,Órgão público / agência / organismo internacional,Ministry Agricultural & Cooperat,"Padrão de ministério, governo, departamento ou agência. Não cadastrar como universidade.",Alta
Software Competence Ctr Hagenberg GmbH,mover_para_organizacoes,organizacoes,Empresa privada / centro corporativo,Software Competence Center Hagenberg GmbH,Padrão de empresa privada ou centro de P&D corporativo.,Alta
Efal Agri Ltd,mover_para_organizacoes,organizacoes,Empresa privada / centro corporativo,Efal Agri Ltd,Padrão de empresa privada ou centro de P&D corporativo.,Alta
Chongqing Gen Hosp,mover_para_organizacoes,organizacoes,Hospital / clínica / centro médico,Chongqing Gen Hospital,Não cadastrar como instituição de ensino principal.,Alta
Recruit Co Ltd,mover_para_organizacoes,organizacoes,Empresa privada / centro corporativo,Recruit Co Ltd,Padrão de empresa privada ou centro de P&D corporativo.,Alta
Yashoda Super Special Hosp,mover_para_organizacoes,organizacoes,Hospital / clínica / centro médico,Yashoda Super Special Hospital,Não cadastrar como instituição de ensino principal.,Alta
Inst Hlth Econ & Technol,mover_para_organizacoes,organizacoes,Hospital / clínica / centro médico,Institute Health Econ & Technology,Não cadastrar como instituição de ensino principal.,Alta
Jilin Haicheng Technol Co Ltd,mover_para_organizacoes,organizacoes,Empresa privada / centro corporativo,Jilin Haicheng Technology Co Ltd,Padrão de empresa privada ou centro de P&D corporativo.,Alta
Norwegian Inst Publ Hlth,mover_para_organizacoes,organizacoes,Hospital / clínica / centro médico,Norwegian Institute Publ Health,Não cadastrar como instituição de ensino principal.,Alta
City Hope Natl Med Ctr,mover_para_organizacoes,organizacoes,Hospital / clínica / centro médico,City Hope National Med Center,Não cadastrar como instituição de ensino principal.,Alta
Govt Gujarat,mover_para_organizacoes,organizacoes,Órgão público / agência / organismo internacional,Govt Gujarat,"Padrão de ministério, governo, departamento ou agência. Não cadastrar como universidade.",Alta
Govt Nepal,mover_para_organizacoes,organizacoes,Órgão público / agência / organismo internacional,Govt Nepal,"Padrão de ministério, governo, departamento ou agência. Não cadastrar como universidade.",Alta
IBM Co,mover_para_organizacoes,organizacoes,Empresa privada / centro corporativo,IBM Co,Padrão de empresa privada ou centro de P&D corporativo.,Alta
Tech Partner Cumulus Solut,mover_para_organizacoes,organizacoes,Empresa privada / centro corporativo,Technology Partner Cumulus Solut,Padrão de empresa privada ou centro de P&D corporativo.,Alta
Wageningen Plant Sci Grp,mover_para_organizacoes,organizacoes,Empresa privada / centro corporativo,Wageningen Plant Science Grp,Padrão de empresa privada ou centro de P&D corporativo.,Alta
It Oobjects GmbH,mover_para_organizacoes,organizacoes,Empresa privada / centro corporativo,It Oobjects GmbH,Padrão de empresa privada ou centro de P&D corporativo.,Alta
Clin Hosp Merkur,mover_para_organizacoes,organizacoes,Hospital / clínica / centro médico,Clin Hospital Merkur,Não cadastrar como instituição de ensino principal.,Alta
Local Hlth Unit Author,mover_para_organizacoes,organizacoes,Hospital / clínica / centro médico,Local Health Unit Author,Não cadastrar como instituição de ensino principal.,Alta
Hunan Ulitech Automat Syst Co Ltd,mover_para_organizacoes,organizacoes,Empresa privada / centro corporativo,Hunan Ulitech Automat Syst Co Ltd,Padrão de empresa privada ou centro de P&D corporativo.,Alta
Dept Hlth & Family Welf,mover_para_organizacoes,organizacoes,Órgão público / agência / organismo internacional,Department Health & Family Welf,"Padrão de ministério, governo, departamento ou agência. Não cadastrar como universidade.",Alta
D N Govt Coll,mover_para_organizacoes,organizacoes,Órgão público / agência / organismo internacional,D N Govt College,"Padrão de ministério, governo, departamento ou agência. Não cadastrar como universidade.",Alta
Calif Dept Fish & Wildlife,mover_para_organizacoes,organizacoes,Órgão público / agência / organismo internacional,Calif Department Fish & Wildlife,"Padrão de ministério, governo, departamento ou agência. Não cadastrar como universidade.",Alta
Beijing Engn Res Ctr Intelligent Syst & Technol,mover_para_organizacoes,organizacoes,Empresa privada / centro corporativo,Beijing Engineering Research Center Intelligent Syst & Technology,Padrão de empresa privada ou centro de P&D corporativo.,Alta
USDA APHIS PPQ CPHST,mover_para_organizacoes,organizacoes,Órgão público / agência / organismo internacional,USDA APHIS PPQ CPHST,"Padrão de ministério, governo, departamento ou agência. Não cadastrar como universidade.",Alta
fFarmB Digital Agr SA,mover_para_organizacoes,organizacoes,Empresa privada / centro corporativo,fFarmB Digital Agricultural SA,Padrão de empresa privada ou centro de P&D corporativo.,Alta
Interuniv Dept Reg & Urban Studies & Planning,mover_para_organizacoes,organizacoes,Órgão público / agência / organismo internacional,Interuniv Department Reg & Urban Studies & Planning,"Padrão de ministério, governo, departamento ou agência. Não cadastrar como universidade.",Alta
Univ Perpetual Help Syst DALTA,mover_para_organizacoes,organizacoes,Empresa privada / centro corporativo,University Perpetual Help Syst DALTA,Padrão de empresa privada ou centro de P&D corporativo.,Alta
Tecnet Equ Technol Beteilungs Invest GmbH,mover_para_organizacoes,organizacoes,Empresa privada / centro corporativo,Tecnet Equ Technology Beteilungs Invest GmbH,Padrão de empresa privada ou centro de P&D corporativo.,Alta
IBM Res Europe,mover_para_organizacoes,organizacoes,Empresa privada / centro corporativo,IBM Research Europe,Padrão de empresa privada ou centro de P&D corporativo.,Alta
Makita Gen Hosp,mover_para_organizacoes,organizacoes,Hospital / clínica / centro médico,Makita Gen Hospital,Não cadastrar como instituição de ensino principal.,Alta
Widhoc Smart Solut,mover_para_organizacoes,organizacoes,Empresa privada / centro corporativo,Widhoc Smart Solut,Padrão de empresa privada ou centro de P&D corporativo.,Alta
H&N Int GmbH,mover_para_organizacoes,organizacoes,Empresa privada / centro corporativo,H&N Int GmbH,Padrão de empresa privada ou centro de P&D corporativo.,Alta
Maryland Dept Nat Resources,mover_para_organizacoes,organizacoes,Órgão público / agência / organismo internacional,Maryland Department Nat Resources,"Padrão de ministério, governo, departamento ou agência. Não cadastrar como universidade.",Alta
Microsoft Srl,mover_para_organizacoes,organizacoes,Empresa privada / centro corporativo,Microsoft Srl,Padrão de empresa privada ou centro de P&D corporativo.,Alta
CEQU Labs Private Ltd,mover_para_organizacoes,organizacoes,Empresa privada / centro corporativo,CEQU Labs Private Ltd,Padrão de empresa privada ou centro de P&D corporativo.,Alta
Govt Uttar Pradesh,mover_para_organizacoes,organizacoes,Órgão público / agência / organismo internacional,Govt Uttar Pradesh,"Padrão de ministério, governo, departamento ou agência. Não cadastrar como universidade.",Alta
Ramsay Hlth Care,mover_para_organizacoes,organizacoes,Hospital / clínica / centro médico,Ramsay Health Care,Não cadastrar como instituição de ensino principal.,Alta
Anim Hlth ETT Ra,mover_para_organizacoes,organizacoes,Hospital / clínica / centro médico,Anim Health ETT Ra,Não cadastrar como instituição de ensino principal.,Alta
AniEye Technol Co Ltd,mover_para_organizacoes,organizacoes,Empresa privada / centro corporativo,AniEye Technology Co Ltd,Padrão de empresa privada ou centro de P&D corporativo.,Alta
STMicroelectronics Srl,mover_para_organizacoes,organizacoes,Empresa privada / centro corporativo,STMicroelectronics Srl,Padrão de empresa privada ou centro de P&D corporativo.,Alta
Yttrium Technol Corp,mover_para_organizacoes,organizacoes,Empresa privada / centro corporativo,Yttrium Technology Corp,Padrão de empresa privada ou centro de P&D corporativo.,Alta
FR Analyt BV,mover_para_organizacoes,organizacoes,Empresa privada / centro corporativo,FR Analyt BV,Padrão de empresa privada ou centro de P&D corporativo.,Alta
Business Syst SRM Inst Sci & Technol,mover_para_organizacoes,organizacoes,Empresa privada / centro corporativo,Business Syst SRM Institute Science & Technology,Padrão de empresa privada ou centro de P&D corporativo.,Alta
Yamaha Motor Co Ltd,mover_para_organizacoes,organizacoes,Empresa privada / centro corporativo,Yamaha Motor Co Ltd,Padrão de empresa privada ou centro de P&D corporativo.,Alta
CRESCENT Advising LLC,mover_para_organizacoes,organizacoes,Empresa privada / centro corporativo,CRESCENT Advising LLC,Padrão de empresa privada ou centro de P&D corporativo.,Alta
SRIT India Pvt Ltd,mover_para_organizacoes,organizacoes,Empresa privada / centro corporativo,SRIT India Pvt Ltd,Padrão de empresa privada ou centro de P&D corporativo.,Alta
NRS Med Coll & Hosp,mover_para_organizacoes,organizacoes,Hospital / clínica / centro médico,NRS Med College & Hospital,Não cadastrar como instituição de ensino principal.,Alta
NSW Hlth,mover_para_organizacoes,organizacoes,Hospital / clínica / centro médico,NSW Health,Não cadastrar como instituição de ensino principal.,Alta
CHN Energy Hebei Dingzhou Power Generat Co LTD,mover_para_organizacoes,organizacoes,Empresa privada / centro corporativo,CHN Energy Hebei Dingzhou Power Generat Co LTD,Padrão de empresa privada ou centro de P&D corporativo.,Alta
Saudi Goody Prod Mkt Co Ltd,mover_para_organizacoes,organizacoes,Empresa privada / centro corporativo,Saudi Goody Prod Mkt Co Ltd,Padrão de empresa privada ou centro de P&D corporativo.,Alta
Chemitec Srl,mover_para_organizacoes,organizacoes,Empresa privada / centro corporativo,Chemitec Srl,Padrão de empresa privada ou centro de P&D corporativo.,Alta
Dept Otolaryngol,mover_para_organizacoes,organizacoes,Órgão público / agência / organismo internacional,Department Otolaryngol,"Padrão de ministério, governo, departamento ou agência. Não cadastrar como universidade.",Alta
Queensland Dept Primary Ind,mover_para_organizacoes,organizacoes,Órgão público / agência / organismo internacional,Queensland Department Primary Ind,"Padrão de ministério, governo, departamento ou agência. Não cadastrar como universidade.",Alta
Natl Hlth Res Inst,mover_para_organizacoes,organizacoes,Hospital / clínica / centro médico,National Health Research Institute,Não cadastrar como instituição de ensino principal.,Alta
Highlands Rewilding Ltd,mover_para_organizacoes,organizacoes,Empresa privada / centro corporativo,Highlands Rewilding Ltd,Padrão de empresa privada ou centro de P&D corporativo.,Alta
InnerEye Ltd,mover_para_organizacoes,organizacoes,Empresa privada / centro corporativo,InnerEye Ltd,Padrão de empresa privada ou centro de P&D corporativo.,Alta
RL Innovat Inc,mover_para_organizacoes,organizacoes,Empresa privada / centro corporativo,RL Innovat Inc,Padrão de empresa privada ou centro de P&D corporativo.,Alta
Hunan Huanbaoqiao Ecol & Environm Engn Co Ltd,mover_para_organizacoes,organizacoes,Empresa privada / centro corporativo,Hunan Huanbaoqiao Ecol & Environment Engineering Co Ltd,Padrão de empresa privada ou centro de P&D corporativo.,Alta
Minist Ecol & Environm China,mover_para_organizacoes,organizacoes,Órgão público / agência / organismo internacional,Ministry Ecol & Environment China,"Padrão de ministério, governo, departamento ou agência. Não cadastrar como universidade.",Alta
Huangshan Ruixing Automot Elect Co Ltd,mover_para_organizacoes,organizacoes,Empresa privada / centro corporativo,Huangshan Ruixing Automot Elect Co Ltd,Padrão de empresa privada ou centro de P&D corporativo.,Alta
Global Hlth Focus Asia,mover_para_organizacoes,organizacoes,Hospital / clínica / centro médico,Global Health Focus Asia,Não cadastrar como instituição de ensino principal.,Alta
Hlth Maintenance Org Africa,mover_para_organizacoes,organizacoes,Hospital / clínica / centro médico,Health Maintenance Org Africa,Não cadastrar como instituição de ensino principal.,Alta
White Mt Sci Inc,mover_para_organizacoes,organizacoes,Empresa privada / centro corporativo,White Mt Science Inc,Padrão de empresa privada ou centro de P&D corporativo.,Alta
Saveetha Dent Coll & Hosp,mover_para_organizacoes,organizacoes,Hospital / clínica / centro médico,Saveetha Dent College & Hospital,Não cadastrar como instituição de ensino principal.,Alta
Cape Herbert Pty Ltd,mover_para_organizacoes,organizacoes,Empresa privada / centro corporativo,Cape Herbert Pty Ltd,Padrão de empresa privada ou centro de P&D corporativo.,Alta
Vivent SA,mover_para_organizacoes,organizacoes,Empresa privada / centro corporativo,Vivent SA,Padrão de empresa privada ou centro de P&D corporativo.,Alta
Beak Consultants GmbH,mover_para_organizacoes,organizacoes,Empresa privada / centro corporativo,Beak Consultants GmbH,Padrão de empresa privada ou centro de P&D corporativo.,Alta
Med Specialist Grp,mover_para_organizacoes,organizacoes,Empresa privada / centro corporativo,Med Specialist Grp,Padrão de empresa privada ou centro de P&D corporativo.,Alta
PST Transgor Rybnik SA,mover_para_organizacoes,organizacoes,Empresa privada / centro corporativo,PST Transgor Rybnik SA,Padrão de empresa privada ou centro de P&D corporativo.,Alta
Thunder Bay Reg Hlth Res Inst,mover_para_organizacoes,organizacoes,Hospital / clínica / centro médico,Thunder Bay Reg Health Research Institute,Não cadastrar como instituição de ensino principal.,Alta
Natl Fertilizer Regulatory Agcy,mover_para_organizacoes,organizacoes,Órgão público / agência / organismo internacional,National Fertilizer Regulatory Agency,"Padrão de ministério, governo, departamento ou agência. Não cadastrar como universidade.",Alta
Div Hlth Care Policy & Res,mover_para_organizacoes,organizacoes,Hospital / clínica / centro médico,Div Health Care Policy & Research,Não cadastrar como instituição de ensino principal.,Alta
Geol Survey Pakistan,mover_para_organizacoes,organizacoes,Órgão público / agência / organismo internacional,Geol Survey Pakistan,"Padrão de ministério, governo, departamento ou agência. Não cadastrar como universidade.",Alta
Person Centr Solut,mover_para_organizacoes,organizacoes,Empresa privada / centro corporativo,Person Centr Solut,Padrão de empresa privada ou centro de P&D corporativo.,Alta
Lark Hlth,mover_para_organizacoes,organizacoes,Hospital / clínica / centro médico,Lark Health,Não cadastrar como instituição de ensino principal.,Alta
Findings Grp,mover_para_organizacoes,organizacoes,Empresa privada / centro corporativo,Findings Grp,Padrão de empresa privada ou centro de P&D corporativo.,Alta
Amber Sparks Educ LLC,mover_para_organizacoes,organizacoes,Empresa privada / centro corporativo,Amber Sparks Educ LLC,Padrão de empresa privada ou centro de P&D corporativo.,Alta
China Natl Tobacco Corp,mover_para_organizacoes,organizacoes,Empresa privada / centro corporativo,China National Tobacco Corp,Padrão de empresa privada ou centro de P&D corporativo.,Alta
ECT Oekotoxikol GmbH,mover_para_organizacoes,organizacoes,Empresa privada / centro corporativo,ECT Oekotoxikol GmbH,Padrão de empresa privada ou centro de P&D corporativo.,Alta
Ctr Family Hlth Initiat,mover_para_organizacoes,organizacoes,Hospital / clínica / centro médico,Center Family Health Initiat,Não cadastrar como instituição de ensino principal.,Alta
EPAM Syst Inc,mover_para_organizacoes,organizacoes,Empresa privada / centro corporativo,EPAM Syst Inc,Padrão de empresa privada ou centro de P&D corporativo.,Alta
Red Hat Inc,mover_para_organizacoes,organizacoes,Empresa privada / centro corporativo,Red Hat Inc,Padrão de empresa privada ou centro de P&D corporativo.,Alta
TELUS Corp,mover_para_organizacoes,organizacoes,Empresa privada / centro corporativo,TELUS Corp,Padrão de empresa privada ou centro de P&D corporativo.,Alta
OneCup Product Ltd,mover_para_organizacoes,organizacoes,Empresa privada / centro corporativo,OneCup Product Ltd,Padrão de empresa privada ou centro de P&D corporativo.,Alta
Hosp La Paz,mover_para_organizacoes,organizacoes,Hospital / clínica / centro médico,Hospital La Paz,Não cadastrar como instituição de ensino principal.,Alta
Hosp Virgen Camino,mover_para_organizacoes,organizacoes,Hospital / clínica / centro médico,Hospital Virgen Camino,Não cadastrar como instituição de ensino principal.,Alta
Guangdong Tongde Agr Technol Co Ltd,mover_para_organizacoes,organizacoes,Empresa privada / centro corporativo,Guangdong Tongde Agricultural Technology Co Ltd,Padrão de empresa privada ou centro de P&D corporativo.,Alta
Autonomous Intelligent Syst Res Ctr,mover_para_organizacoes,organizacoes,Empresa privada / centro corporativo,Autonomous Intelligent Syst Research Center,Padrão de empresa privada ou centro de P&D corporativo.,Alta
CattleEye Ltd,mover_para_organizacoes,organizacoes,Empresa privada / centro corporativo,CattleEye Ltd,Padrão de empresa privada ou centro de P&D corporativo.,Alta
Rural Senses Ltd,mover_para_organizacoes,organizacoes,Empresa privada / centro corporativo,Rural Senses Ltd,Padrão de empresa privada ou centro de P&D corporativo.,Alta
CRNS SMRTS Lab Signals Syst aRtificial Intelligen,mover_para_organizacoes,organizacoes,Empresa privada / centro corporativo,CRNS SMRTS Lab Signals Syst aRtificial Intelligen,Padrão de empresa privada ou centro de P&D corporativo.,Alta
Minist Medio Ambiente,mover_para_organizacoes,organizacoes,Órgão público / agência / organismo internacional,Ministry Medio Ambiente,"Padrão de ministério, governo, departamento ou agência. Não cadastrar como universidade.",Alta
LSU Hlth Sci Ctr,mover_para_organizacoes,organizacoes,Hospital / clínica / centro médico,LSU Health Science Center,Não cadastrar como instituição de ensino principal.,Alta
Microsoft Res Lab,mover_para_organizacoes,organizacoes,Empresa privada / centro corporativo,Microsoft Research Lab,Padrão de empresa privada ou centro de P&D corporativo.,Alta
Microsoft Res Lab Africa,mover_para_organizacoes,organizacoes,Empresa privada / centro corporativo,Microsoft Research Lab Africa,Padrão de empresa privada ou centro de P&D corporativo.,Alta
TCB Avgidis Automat SA,mover_para_organizacoes,organizacoes,Empresa privada / centro corporativo,TCB Avgidis Automat SA,Padrão de empresa privada ou centro de P&D corporativo.,Alta
Minist Energy,mover_para_organizacoes,organizacoes,Órgão público / agência / organismo internacional,Ministry Energy,"Padrão de ministério, governo, departamento ou agência. Não cadastrar como universidade.",Alta
Graphy Inc,mover_para_organizacoes,organizacoes,Empresa privada / centro corporativo,Graphy Inc,Padrão de empresa privada ou centro de P&D corporativo.,Alta
Unitech3DP Inc,mover_para_organizacoes,organizacoes,Empresa privada / centro corporativo,Unitech3DP Inc,Padrão de empresa privada ou centro de P&D corporativo.,Alta
Japan Meteorol Agcy,mover_para_organizacoes,organizacoes,Órgão público / agência / organismo internacional,Japan Meteorol Agency,"Padrão de ministério, governo, departamento ou agência. Não cadastrar como universidade.",Alta
Dept Hidraul & Saneamento EESC USP,mover_para_organizacoes,organizacoes,Órgão público / agência / organismo internacional,Department Hidraul & Saneamento EESC USP,"Padrão de ministério, governo, departamento ou agência. Não cadastrar como universidade.",Alta
Hangzhou Hope Agr Technol Co Ltd,mover_para_organizacoes,organizacoes,Empresa privada / centro corporativo,Hangzhou Hope Agricultural Technology Co Ltd,Padrão de empresa privada ou centro de P&D corporativo.,Alta
River Basin Agcy Bouregreg & Chaouia,mover_para_organizacoes,organizacoes,Órgão público / agência / organismo internacional,River Basin Agency Bouregreg & Chaouia,"Padrão de ministério, governo, departamento ou agência. Não cadastrar como universidade.",Alta
Bayer,mover_para_organizacoes,organizacoes,Empresa privada / centro corporativo,Bayer,Padrão de empresa privada ou centro de P&D corporativo.,Alta
US UK Fulbright Commiss,mover_para_organizacoes,organizacoes,Órgão público / agência / organismo internacional,US UK Fulbright Commission,"Padrão de ministério, governo, departamento ou agência. Não cadastrar como universidade.",Alta
Qualcomm Inc,mover_para_organizacoes,organizacoes,Empresa privada / centro corporativo,Qualcomm Inc,Padrão de empresa privada ou centro de P&D corporativo.,Alta
Amer Tower Corp,mover_para_organizacoes,organizacoes,Empresa privada / centro corporativo,Amer Tower Corp,Padrão de empresa privada ou centro de P&D corporativo.,Alta
Calnex Solut,mover_para_organizacoes,organizacoes,Empresa privada / centro corporativo,Calnex Solut,Padrão de empresa privada ou centro de P&D corporativo.,Alta
Shanghai Power Equipment Res Inst Co Ltd,mover_para_organizacoes,organizacoes,Empresa privada / centro corporativo,Shanghai Power Equipment Research Institute Co Ltd,Padrão de empresa privada ou centro de P&D corporativo.,Alta
Jingzhou Yingtuo Technol Co Ltd,mover_para_organizacoes,organizacoes,Empresa privada / centro corporativo,Jingzhou Yingtuo Technology Co Ltd,Padrão de empresa privada ou centro de P&D corporativo.,Alta
Denver Hlth,mover_para_organizacoes,organizacoes,Hospital / clínica / centro médico,Denver Health,Não cadastrar como instituição de ensino principal.,Alta
Omnia Grp Ltd,mover_para_organizacoes,organizacoes,Empresa privada / centro corporativo,Omnia Grp Ltd,Padrão de empresa privada ou centro de P&D corporativo.,Alta
Korea Rural Community Corp,mover_para_organizacoes,organizacoes,Empresa privada / centro corporativo,Korea Rural Community Corp,Padrão de empresa privada ou centro de P&D corporativo.,Alta
Topcon Healthcare Inc,mover_para_organizacoes,organizacoes,Hospital / clínica / centro médico,Topcon Healthcare Inc,Não cadastrar como instituição de ensino principal.,Alta
Live Green Grp Inc,mover_para_organizacoes,organizacoes,Empresa privada / centro corporativo,Live Green Grp Inc,Padrão de empresa privada ou centro de P&D corporativo.,Alta
Asepa Energy SRL,mover_para_organizacoes,organizacoes,Empresa privada / centro corporativo,Asepa Energy SRL,Padrão de empresa privada ou centro de P&D corporativo.,Alta
RHEA Grp,mover_para_organizacoes,organizacoes,Empresa privada / centro corporativo,RHEA Grp,Padrão de empresa privada ou centro de P&D corporativo.,Alta
Dept Informat Technol,mover_para_organizacoes,organizacoes,Órgão público / agência / organismo internacional,Department Informat Technology,"Padrão de ministério, governo, departamento ou agência. Não cadastrar como universidade.",Alta
FarmInnoTech Pvt Ltd,mover_para_organizacoes,organizacoes,Empresa privada / centro corporativo,FarmInnoTech Pvt Ltd,Padrão de empresa privada ou centro de P&D corporativo.,Alta
Mongolia Elect Power Co Ltd,mover_para_organizacoes,organizacoes,Empresa privada / centro corporativo,Mongolia Elect Power Co Ltd,Padrão de empresa privada ou centro de P&D corporativo.,Alta
BHZP GmbH,mover_para_organizacoes,organizacoes,Empresa privada / centro corporativo,BHZP GmbH,Padrão de empresa privada ou centro de P&D corporativo.,Alta
EVH Select GmbH,mover_para_organizacoes,organizacoes,Empresa privada / centro corporativo,EVH Select GmbH,Padrão de empresa privada ou centro de P&D corporativo.,Alta
Tianshui Huatian Technol Co Ltd,mover_para_organizacoes,organizacoes,Empresa privada / centro corporativo,Tianshui Huatian Technology Co Ltd,Padrão de empresa privada ou centro de P&D corporativo.,Alta
PowerChina Hubei Elect Engn Co Ltd,mover_para_organizacoes,organizacoes,Empresa privada / centro corporativo,PowerChina Hubei Elect Engineering Co Ltd,Padrão de empresa privada ou centro de P&D corporativo.,Alta
Vardhman Mahavir Med Coll & Safdarjung Hosp,mover_para_organizacoes,organizacoes,Hospital / clínica / centro médico,Vardhman Mahavir Med College & Safdarjung Hospital,Não cadastrar como instituição de ensino principal.,Alta
Ctr Technol & Syst UNINOVA CTS & LASI,mover_para_organizacoes,organizacoes,Empresa privada / centro corporativo,Center Technology & Syst UNINOVA CTS & LASI,Padrão de empresa privada ou centro de P&D corporativo.,Alta
Natl Sci & Technol Dev Agcy NSTDA,mover_para_organizacoes,organizacoes,Órgão público / agência / organismo internacional,National Science & Technology Dev Agency NSTDA,"Padrão de ministério, governo, departamento ou agência. Não cadastrar como universidade.",Alta
Dept Anim & Dairy Sci,mover_para_organizacoes,organizacoes,Órgão público / agência / organismo internacional,Department Anim & Dairy Science,"Padrão de ministério, governo, departamento ou agência. Não cadastrar como universidade.",Alta
Hlth Inst Turkey,mover_para_organizacoes,organizacoes,Hospital / clínica / centro médico,Health Institute Turkey,Não cadastrar como instituição de ensino principal.,Alta
UT Sch Publ Hlth,mover_para_organizacoes,organizacoes,Hospital / clínica / centro médico,UT Sch Publ Health,Não cadastrar como instituição de ensino principal.,Alta
Grp Interdisciplinario Invest Sechium edule Mexico,mover_para_organizacoes,organizacoes,Empresa privada / centro corporativo,Grp Interdisciplinario Invest Sechium edule Mexico,Padrão de empresa privada ou centro de P&D corporativo.,Alta
Minist Econ Dev Kabardino Balkarian Republ,mover_para_organizacoes,organizacoes,Órgão público / agência / organismo internacional,Ministry Econ Dev Kabardino Balkarian Republ,"Padrão de ministério, governo, departamento ou agência. Não cadastrar como universidade.",Alta
Chinese Acad Sci & Minist Water Resources,mover_para_organizacoes,organizacoes,Órgão público / agência / organismo internacional,Chinese Acad Science & Ministry Water Resources,"Padrão de ministério, governo, departamento ou agência. Não cadastrar como universidade.",Alta
Shanghai Lingang Fengxian Econ Dev Co Ltd,mover_para_organizacoes,organizacoes,Empresa privada / centro corporativo,Shanghai Lingang Fengxian Econ Dev Co Ltd,Padrão de empresa privada ou centro de P&D corporativo.,Alta
Joint FAO IAEA Div Nucl Techn Food & Agr,mover_para_organizacoes,organizacoes,Órgão público / agência / organismo internacional,Joint FAO IAEA Div Nucl Techn Food & Agricultural,"Padrão de ministério, governo, departamento ou agência. Não cadastrar como universidade.",Alta
Baptist Christian Hosp,mover_para_organizacoes,organizacoes,Hospital / clínica / centro médico,Baptist Christian Hospital,Não cadastrar como instituição de ensino principal.,Alta
Qure Ai Technol Pvt Ltd Raheja Platinum,mover_para_organizacoes,organizacoes,Empresa privada / centro corporativo,Qure Ai Technology Pvt Ltd Raheja Platinum,Padrão de empresa privada ou centro de P&D corporativo.,Alta
Qure ai Technol Inc,mover_para_organizacoes,organizacoes,Empresa privada / centro corporativo,Qure ai Technology Inc,Padrão de empresa privada ou centro de P&D corporativo.,Alta
InnovaSpace Ltd,mover_para_organizacoes,organizacoes,Empresa privada / centro corporativo,InnovaSpace Ltd,Padrão de empresa privada ou centro de P&D corporativo.,Alta
Hosp Mar Med Res Inst IMIM,mover_para_organizacoes,organizacoes,Hospital / clínica / centro médico,Hospital Mar Med Research Institute IMIM,Não cadastrar como instituição de ensino principal.,Alta
Natl Inst Hlth & Care Res Collaborat West NIHR ARC,mover_para_organizacoes,organizacoes,Hospital / clínica / centro médico,National Institute Health & Care Research Collaborat West NIHR ARC,Não cadastrar como instituição de ensino principal.,Alta
Leonard Davis Inst Hlth Econ,mover_para_organizacoes,organizacoes,Hospital / clínica / centro médico,Leonard Davis Institute Health Econ,Não cadastrar como instituição de ensino principal.,Alta
Cochrane Renal Grp,mover_para_organizacoes,organizacoes,Empresa privada / centro corporativo,Cochrane Renal Grp,Padrão de empresa privada ou centro de P&D corporativo.,Alta
Water Works Dept,mover_para_organizacoes,organizacoes,Órgão público / agência / organismo internacional,Water Works Department,"Padrão de ministério, governo, departamento ou agência. Não cadastrar como universidade.",Alta
Hangzhou Juxianyuan Agr Technol Co Ltd,mover_para_organizacoes,organizacoes,Empresa privada / centro corporativo,Hangzhou Juxianyuan Agricultural Technology Co Ltd,Padrão de empresa privada ou centro de P&D corporativo.,Alta
Hangzhou Fenghui Technol Co Ltd,mover_para_organizacoes,organizacoes,Empresa privada / centro corporativo,Hangzhou Fenghui Technology Co Ltd,Padrão de empresa privada ou centro de P&D corporativo.,Alta
CEC Huada Elect Design Co Ltd,mover_para_organizacoes,organizacoes,Empresa privada / centro corporativo,CEC Huada Elect Design Co Ltd,Padrão de empresa privada ou centro de P&D corporativo.,Alta
Guangzhou Joinken Network Technol Dev Co Ltd,mover_para_organizacoes,organizacoes,Empresa privada / centro corporativo,Guangzhou Joinken Network Technology Dev Co Ltd,Padrão de empresa privada ou centro de P&D corporativo.,Alta
Guangzhou Liding Ecol Agr Dev Co Ltd,mover_para_organizacoes,organizacoes,Empresa privada / centro corporativo,Guangzhou Liding Ecol Agricultural Dev Co Ltd,Padrão de empresa privada ou centro de P&D corporativo.,Alta
Ramathibodi Hosp,mover_para_organizacoes,organizacoes,Hospital / clínica / centro médico,Ramathibodi Hospital,Não cadastrar como instituição de ensino principal.,Alta
Onion Dev Technol Pvt Ltd,mover_para_organizacoes,organizacoes,Empresa privada / centro corporativo,Onion Dev Technology Pvt Ltd,Padrão de empresa privada ou centro de P&D corporativo.,Alta
Mackenzie Hlth,mover_para_organizacoes,organizacoes,Hospital / clínica / centro médico,Mackenzie Health,Não cadastrar como instituição de ensino principal.,Alta
Timmins & Dist Hosp,mover_para_organizacoes,organizacoes,Hospital / clínica / centro médico,Timmins & Dist Hospital,Não cadastrar como instituição de ensino principal.,Alta
Sejong Rain Co Ltd,mover_para_organizacoes,organizacoes,Empresa privada / centro corporativo,Sejong Rain Co Ltd,Padrão de empresa privada ou centro de P&D corporativo.,Alta
Cone Hlth Heart & Vasc Ctr,mover_para_organizacoes,organizacoes,Hospital / clínica / centro médico,Cone Health Heart & Vasc Center,Não cadastrar como instituição de ensino principal.,Alta
Novant Hlth New Hanover Reg Med Ctr,mover_para_organizacoes,organizacoes,Hospital / clínica / centro médico,Novant Health New Hanover Reg Med Center,Não cadastrar como instituição de ensino principal.,Alta
Rochester Gen Hosp,mover_para_organizacoes,organizacoes,Hospital / clínica / centro médico,Rochester Gen Hospital,Não cadastrar como instituição de ensino principal.,Alta
Jackson Heart Clin,mover_para_organizacoes,organizacoes,Hospital / clínica / centro médico,Jackson Heart Clin,Não cadastrar como instituição de ensino principal.,Alta
Oklahoma Heart Hosp,mover_para_organizacoes,organizacoes,Hospital / clínica / centro médico,Oklahoma Heart Hospital,Não cadastrar como instituição de ensino principal.,Alta
Cardiol Associates North Mississippi,mover_para_organizacoes,organizacoes,Hospital / clínica / centro médico,Cardiol Associates North Mississippi,Não cadastrar como instituição de ensino principal.,Alta
Lexington Med Ctr Heart & Vasc,mover_para_organizacoes,organizacoes,Hospital / clínica / centro médico,Lexington Med Center Heart & Vasc,Não cadastrar como instituição de ensino principal.,Alta
CorVista Hlth Inc,mover_para_organizacoes,organizacoes,Hospital / clínica / centro médico,CorVista Health Inc,Não cadastrar como instituição de ensino principal.,Alta
Analyt Life Inc,mover_para_organizacoes,organizacoes,Empresa privada / centro corporativo,Analyt Life Inc,Padrão de empresa privada ou centro de P&D corporativo.,Alta
Intero Integr Serv Res & Dev Grp,mover_para_organizacoes,organizacoes,Empresa privada / centro corporativo,Intero Integr Serv Research & Dev Grp,Padrão de empresa privada ou centro de P&D corporativo.,Alta
ASMPT ALSI BV,mover_para_organizacoes,organizacoes,Empresa privada / centro corporativo,ASMPT ALSI BV,Padrão de empresa privada ou centro de P&D corporativo.,Alta
Storex BV,mover_para_organizacoes,organizacoes,Empresa privada / centro corporativo,Storex BV,Padrão de empresa privada ou centro de P&D corporativo.,Alta
Fraunhofer Inst Optron Syst Technol & Image Explo,mover_para_organizacoes,organizacoes,Empresa privada / centro corporativo,Fraunhofer Institute Optron Syst Technology & Image Explo,Padrão de empresa privada ou centro de P&D corporativo.,Alta
Amazon Web Serv,mover_para_organizacoes,organizacoes,Empresa privada / centro corporativo,Amazon Web Serv,Padrão de empresa privada ou centro de P&D corporativo.,Alta
Statl India Pvt Ltd,mover_para_organizacoes,organizacoes,Empresa privada / centro corporativo,Statl India Pvt Ltd,Padrão de empresa privada ou centro de P&D corporativo.,Alta
Orthopaed First Peoples Hosp Nanning,mover_para_organizacoes,organizacoes,Hospital / clínica / centro médico,Orthopaed First Peoples Hospital Nanning,Não cadastrar como instituição de ensino principal.,Alta
Orthopaed Peoples Hosp Baise,mover_para_organizacoes,organizacoes,Hospital / clínica / centro médico,Orthopaed Peoples Hospital Baise,Não cadastrar como instituição de ensino principal.,Alta
Orthopaed Wuzhou Red Cross Hosp,mover_para_organizacoes,organizacoes,Hospital / clínica / centro médico,Orthopaed Wuzhou Red Cross Hospital,Não cadastrar como instituição de ensino principal.,Alta
Manipal Hosp,mover_para_organizacoes,organizacoes,Hospital / clínica / centro médico,Manipal Hospital,Não cadastrar como instituição de ensino principal.,Alta
Addict & Related Res Grp,mover_para_organizacoes,organizacoes,Empresa privada / centro corporativo,Addict & Related Research Grp,Padrão de empresa privada ou centro de P&D corporativo.,Alta
Precis Bird Private Ltd,mover_para_organizacoes,organizacoes,Empresa privada / centro corporativo,Precis Bird Private Ltd,Padrão de empresa privada ou centro de P&D corporativo.,Alta
Geol Survey Norway,mover_para_organizacoes,organizacoes,Órgão público / agência / organismo internacional,Geol Survey Norway,"Padrão de ministério, governo, departamento ou agência. Não cadastrar como universidade.",Alta
Novamechanics Ltd,mover_para_organizacoes,organizacoes,Empresa privada / centro corporativo,Novamechanics Ltd,Padrão de empresa privada ou centro de P&D corporativo.,Alta
Smartagri Integrat Serv Co Ltd,mover_para_organizacoes,organizacoes,Empresa privada / centro corporativo,Smartagri Integrat Serv Co Ltd,Padrão de empresa privada ou centro de P&D corporativo.,Alta
Dyrecta Lab Srl,mover_para_organizacoes,organizacoes,Empresa privada / centro corporativo,Dyrecta Lab Srl,Padrão de empresa privada ou centro de P&D corporativo.,Alta
Qingdao KingAgroot Cpds Co Ltd,mover_para_organizacoes,organizacoes,Empresa privada / centro corporativo,Qingdao KingAgroot Cpds Co Ltd,Padrão de empresa privada ou centro de P&D corporativo.,Alta
Baidu Inc,mover_para_organizacoes,organizacoes,Empresa privada / centro corporativo,Baidu Inc,Padrão de empresa privada ou centro de P&D corporativo.,Alta
Semanticly Ltd,mover_para_organizacoes,organizacoes,Empresa privada / centro corporativo,Semanticly Ltd,Padrão de empresa privada ou centro de P&D corporativo.,Alta
Food & Agr Org United,mover_para_organizacoes,organizacoes,Órgão público / agência / organismo internacional,Food & Agricultural Org United,"Padrão de ministério, governo, departamento ou agência. Não cadastrar como universidade.",Alta
JJM SYST INC,mover_para_organizacoes,organizacoes,Empresa privada / centro corporativo,JJM SYST INC,Padrão de empresa privada ou centro de P&D corporativo.,Alta
Dept Agron Engn,mover_para_organizacoes,organizacoes,Órgão público / agência / organismo internacional,Department Agron Engineering,"Padrão de ministério, governo, departamento ou agência. Não cadastrar como universidade.",Alta
Dept Agr Sci,mover_para_organizacoes,organizacoes,Órgão público / agência / organismo internacional,Department Agricultural Science,"Padrão de ministério, governo, departamento ou agência. Não cadastrar como universidade.",Alta
Minist Agr Fisheries Blue & Green Econ Dominica,mover_para_organizacoes,organizacoes,Órgão público / agência / organismo internacional,Ministry Agricultural Fisheries Blue & Green Econ Dominica,"Padrão de ministério, governo, departamento ou agência. Não cadastrar como universidade.",Alta
Indeloop Ltd,mover_para_organizacoes,organizacoes,Empresa privada / centro corporativo,Indeloop Ltd,Padrão de empresa privada ou centro de P&D corporativo.,Alta
Shandong Prov Qianfoshan Hosp,mover_para_organizacoes,organizacoes,Hospital / clínica / centro médico,Shandong Prov Qianfoshan Hospital,Não cadastrar como instituição de ensino principal.,Alta
Jiangsu Wiscom Technol Co Ltd,mover_para_organizacoes,organizacoes,Empresa privada / centro corporativo,Jiangsu Wiscom Technology Co Ltd,Padrão de empresa privada ou centro de P&D corporativo.,Alta
FMC Med Ctr,mover_para_organizacoes,organizacoes,Hospital / clínica / centro médico,FMC Med Center,Não cadastrar como instituição de ensino principal.,Alta
Toronto Gen Hosp,mover_para_organizacoes,organizacoes,Hospital / clínica / centro médico,Toronto Gen Hospital,Não cadastrar como instituição de ensino principal.,Alta
Renji Hosp,mover_para_organizacoes,organizacoes,Hospital / clínica / centro médico,Renji Hospital,Não cadastrar como instituição de ensino principal.,Alta
Minist Agr & Forestry,mover_para_organizacoes,organizacoes,Órgão público / agência / organismo internacional,Ministry Agricultural & Forestry,"Padrão de ministério, governo, departamento ou agência. Não cadastrar como universidade.",Alta
Leroy Seafood Grp ASA,mover_para_organizacoes,organizacoes,Empresa privada / centro corporativo,Leroy Seafood Grp ASA,Padrão de empresa privada ou centro de P&D corporativo.,Alta
Agrematch Ltd,mover_para_organizacoes,organizacoes,Empresa privada / centro corporativo,Agrematch Ltd,Padrão de empresa privada ou centro de P&D corporativo.,Alta
Amy Insists Biopharmaceut Co LTD,mover_para_organizacoes,organizacoes,Empresa privada / centro corporativo,Amy Insists Biopharmaceut Co LTD,Padrão de empresa privada ou centro de P&D corporativo.,Alta
Ethiopia Minist Hlth,mover_para_organizacoes,organizacoes,Órgão público / agência / organismo internacional,Ethiopia Ministry Health,"Padrão de ministério, governo, departamento ou agência. Não cadastrar como universidade.",Alta
Ethiopian Publ Hlth Inst,mover_para_organizacoes,organizacoes,Hospital / clínica / centro médico,Ethiopian Publ Health Institute,Não cadastrar como instituição de ensino principal.,Alta
GAB BIOTECHNOL IFU UMWELTANALYT GMBH,mover_para_organizacoes,organizacoes,Empresa privada / centro corporativo,GAB BIOTECHNOL IFU UMWELTANALYT GMBH,Padrão de empresa privada ou centro de P&D corporativo.,Alta
HOECHST SCHERING AGREVO GMBH,mover_para_organizacoes,organizacoes,Empresa privada / centro corporativo,HOECHST SCHERING AGREVO GMBH,Padrão de empresa privada ou centro de P&D corporativo.,Alta
BASF AG,mover_para_organizacoes,organizacoes,Empresa privada / centro corporativo,BASF AG,Padrão de empresa privada ou centro de P&D corporativo.,Alta
Natl Pilot Sch Software,mover_para_organizacoes,organizacoes,Empresa privada / centro corporativo,National Pilot Sch Software,Padrão de empresa privada ou centro de P&D corporativo.,Alta
Nongxin Technol Beijing Co Ltd,mover_para_organizacoes,organizacoes,Empresa privada / centro corporativo,Nongxin Technology Beijing Co Ltd,Padrão de empresa privada ou centro de P&D corporativo.,Alta
Govt Coll Univ Faisalabad,mover_para_organizacoes,organizacoes,Órgão público / agência / organismo internacional,Govt College University Faisalabad,"Padrão de ministério, governo, departamento ou agência. Não cadastrar como universidade.",Alta
AntData Ltd,mover_para_organizacoes,organizacoes,Empresa privada / centro corporativo,AntData Ltd,Padrão de empresa privada ou centro de P&D corporativo.,Alta
5micron GmbH,mover_para_organizacoes,organizacoes,Empresa privada / centro corporativo,5micron GmbH,Padrão de empresa privada ou centro de P&D corporativo.,Alta
OSTAKON GmbH,mover_para_organizacoes,organizacoes,Empresa privada / centro corporativo,OSTAKON GmbH,Padrão de empresa privada ou centro de P&D corporativo.,Alta
Deutsch Eisenbahn Serv AG,mover_para_organizacoes,organizacoes,Empresa privada / centro corporativo,Deutsch Eisenbahn Serv AG,Padrão de empresa privada ou centro de P&D corporativo.,Alta
Karlsruhe Inst Optron Syst Technol & Image Exploi,mover_para_organizacoes,organizacoes,Empresa privada / centro corporativo,Karlsruhe Institute Optron Syst Technology & Image Exploi,Padrão de empresa privada ou centro de P&D corporativo.,Alta
Soo Energy Co Ltd,mover_para_organizacoes,organizacoes,Empresa privada / centro corporativo,Soo Energy Co Ltd,Padrão de empresa privada ou centro de P&D corporativo.,Alta
Grp Florence Nightingale Hosp,mover_para_organizacoes,organizacoes,Hospital / clínica / centro médico,Grp Florence Nightingale Hospital,Não cadastrar como instituição de ensino principal.,Alta
Shaanxi Key Lab Complex Syst Control & Intelligent,mover_para_organizacoes,organizacoes,Empresa privada / centro corporativo,Shaanxi Key Lab Complex Syst Control & Intelligent,Padrão de empresa privada ou centro de P&D corporativo.,Alta
South Texas Vet Hlth Care Syst,mover_para_organizacoes,organizacoes,Hospital / clínica / centro médico,South Texas Vet Health Care Syst,Não cadastrar como instituição de ensino principal.,Alta
Real T Technol Srl,mover_para_organizacoes,organizacoes,Empresa privada / centro corporativo,Real T Technology Srl,Padrão de empresa privada ou centro de P&D corporativo.,Alta
Real T Srl,mover_para_organizacoes,organizacoes,Empresa privada / centro corporativo,Real T Srl,Padrão de empresa privada ou centro de P&D corporativo.,Alta
Dist Med Coll Hosp,mover_para_organizacoes,organizacoes,Hospital / clínica / centro médico,Dist Med College Hospital,Não cadastrar como instituição de ensino principal.,Alta
InnoTech Alberta Inc,mover_para_organizacoes,organizacoes,Empresa privada / centro corporativo,InnoTech Alberta Inc,Padrão de empresa privada ou centro de P&D corporativo.,Alta
Canadian Grain Commiss,mover_para_organizacoes,organizacoes,Órgão público / agência / organismo internacional,Canadian Grain Commission,"Padrão de ministério, governo, departamento ou agência. Não cadastrar como universidade.",Alta
Jilin Changfa Modern Agr Technol Grp Co Ltd,mover_para_organizacoes,organizacoes,Empresa privada / centro corporativo,Jilin Changfa Modern Agricultural Technology Grp Co Ltd,Padrão de empresa privada ou centro de P&D corporativo.,Alta
Bur Publ Hlth,mover_para_organizacoes,organizacoes,Hospital / clínica / centro médico,Bur Publ Health,Não cadastrar como instituição de ensino principal.,Alta
Taitung Mackey Mem Hosp,mover_para_organizacoes,organizacoes,Hospital / clínica / centro médico,Taitung Mackey Mem Hospital,Não cadastrar como instituição de ensino principal.,Alta
Lienchiang Cty Hosp,mover_para_organizacoes,organizacoes,Hospital / clínica / centro médico,Lienchiang Cty Hospital,Não cadastrar como instituição de ensino principal.,Alta
E Da Hosp,mover_para_organizacoes,organizacoes,Hospital / clínica / centro médico,E Da Hospital,Não cadastrar como instituição de ensino principal.,Alta
Hosp Psiquiatr Nuestra Senora Pilar,mover_para_organizacoes,organizacoes,Hospital / clínica / centro médico,Hospital Psiquiatr Nuestra Senora Pilar,Não cadastrar como instituição de ensino principal.,Alta
China Nucl Power Engn Co LTD,mover_para_organizacoes,organizacoes,Empresa privada / centro corporativo,China Nucl Power Engineering Co LTD,Padrão de empresa privada ou centro de P&D corporativo.,Alta
Canadian Forest Serv,mover_para_organizacoes,organizacoes,Órgão público / agência / organismo internacional,Canadian Forest Serv,"Padrão de ministério, governo, departamento ou agência. Não cadastrar como universidade.",Alta
Ctr Plant Syst Biol & Biotechnol,mover_para_organizacoes,organizacoes,Empresa privada / centro corporativo,Center Plant Syst Biol & Biotechnol,Padrão de empresa privada ou centro de P&D corporativo.,Alta
ISEA Srl,mover_para_organizacoes,organizacoes,Empresa privada / centro corporativo,ISEA Srl,Padrão de empresa privada ou centro de P&D corporativo.,Alta
EURICE European Res & Project Off GmbH,mover_para_organizacoes,organizacoes,Empresa privada / centro corporativo,EURICE European Research & Project Off GmbH,Padrão de empresa privada ou centro de P&D corporativo.,Alta
Isla Hlth,mover_para_organizacoes,organizacoes,Hospital / clínica / centro médico,Isla Health,Não cadastrar como instituição de ensino principal.,Alta
Ctr Healthcare Equipment & Technol Adopt,mover_para_organizacoes,organizacoes,Hospital / clínica / centro médico,Center Healthcare Equipment & Technology Adopt,Não cadastrar como instituição de ensino principal.,Alta
Hlth Innovat East Midlands,mover_para_organizacoes,organizacoes,Hospital / clínica / centro médico,Health Innovat East Midlands,Não cadastrar como instituição de ensino principal.,Alta
Liverpool Heart & Chest Hosp NHS Fdn Trust,mover_para_organizacoes,organizacoes,Hospital / clínica / centro médico,Liverpool Heart & Chest Hospital NHS Fdn Trust,Não cadastrar como instituição de ensino principal.,Alta
AMR LABS Inc,mover_para_organizacoes,organizacoes,Empresa privada / centro corporativo,AMR LABS Inc,Padrão de empresa privada ou centro de P&D corporativo.,Alta
Focalise Ltd,mover_para_organizacoes,organizacoes,Empresa privada / centro corporativo,Focalise Ltd,Padrão de empresa privada ou centro de P&D corporativo.,Alta
Govt Coll Engn Kannur,mover_para_organizacoes,organizacoes,Órgão público / agência / organismo internacional,Govt College Engineering Kannur,"Padrão de ministério, governo, departamento ou agência. Não cadastrar como universidade.",Alta
CHUBU ELECT POWER CO INC,mover_para_organizacoes,organizacoes,Empresa privada / centro corporativo,CHUBU ELECT POWER CO INC,Padrão de empresa privada ou centro de P&D corporativo.,Alta
Joint Stock Co Cent Clin Hosp,mover_para_organizacoes,organizacoes,Hospital / clínica / centro médico,Joint Stock Co Cent Clin Hospital,Não cadastrar como instituição de ensino principal.,Alta
Third Hosp Nanchang,mover_para_organizacoes,organizacoes,Hospital / clínica / centro médico,Third Hospital Nanchang,Não cadastrar como instituição de ensino principal.,Alta
First Peoples Hosp Xuzhou,mover_para_organizacoes,organizacoes,Hospital / clínica / centro médico,First Peoples Hospital Xuzhou,Não cadastrar como instituição de ensino principal.,Alta
Zhongda Hosp,mover_para_organizacoes,organizacoes,Hospital / clínica / centro médico,Zhongda Hospital,Não cadastrar como instituição de ensino principal.,Alta
Global Hlth & Populat,mover_para_organizacoes,organizacoes,Hospital / clínica / centro médico,Global Health & Populat,Não cadastrar como instituição de ensino principal.,Alta
Guangxi Power Grid Co Ltd,mover_para_organizacoes,organizacoes,Empresa privada / centro corporativo,Guangxi Power Grid Co Ltd,Padrão de empresa privada ou centro de P&D corporativo.,Alta
Retina R&D Software & Engn Serv Ltd,mover_para_organizacoes,organizacoes,Empresa privada / centro corporativo,Retina R&D Software & Engineering Serv Ltd,Padrão de empresa privada ou centro de P&D corporativo.,Alta
Microsoft Res,mover_para_organizacoes,organizacoes,Centro de pesquisa corporativo,Microsoft Research,Não é universidade.,Alta
Cruz Roja Hosp,mover_para_organizacoes,organizacoes,Hospital / clínica / centro médico,Cruz Roja Hospital,Não cadastrar como instituição de ensino principal.,Alta
LIME Lab Low Profit LLC,mover_para_organizacoes,organizacoes,Empresa privada / centro corporativo,LIME Lab Low Profit LLC,Padrão de empresa privada ou centro de P&D corporativo.,Alta
Myst Valley Dairy LLC,mover_para_organizacoes,organizacoes,Empresa privada / centro corporativo,Myst Valley Dairy LLC,Padrão de empresa privada ou centro de P&D corporativo.,Alta
Dairy Records Management Syst,mover_para_organizacoes,organizacoes,Empresa privada / centro corporativo,Dairy Records Management Syst,Padrão de empresa privada ou centro de P&D corporativo.,Alta
Vita Plus Corp,mover_para_organizacoes,organizacoes,Empresa privada / centro corporativo,Vita Plus Corp,Padrão de empresa privada ou centro de P&D corporativo.,Alta
Lechler Inc,mover_para_organizacoes,organizacoes,Empresa privada / centro corporativo,Lechler Inc,Padrão de empresa privada ou centro de P&D corporativo.,Alta
PI Ind Ltd,mover_para_organizacoes,organizacoes,Empresa privada / centro corporativo,PI Ind Ltd,Padrão de empresa privada ou centro de P&D corporativo.,Alta
Greenkare Agro OPC Pvt Ltd,mover_para_organizacoes,organizacoes,Empresa privada / centro corporativo,Greenkare Agro OPC Pvt Ltd,Padrão de empresa privada ou centro de P&D corporativo.,Alta
Inner Mongolia Grassland Survey & Design Co Ltd,mover_para_organizacoes,organizacoes,Empresa privada / centro corporativo,Inner Mongolia Grassland Survey & Design Co Ltd,Padrão de empresa privada ou centro de P&D corporativo.,Alta
Janna Hlth Fdn,mover_para_organizacoes,organizacoes,Hospital / clínica / centro médico,Janna Health Fdn,Não cadastrar como instituição de ensino principal.,Alta
Remidio Innovat Solut Inc,mover_para_organizacoes,organizacoes,Empresa privada / centro corporativo,Remidio Innovat Solut Inc,Padrão de empresa privada ou centro de P&D corporativo.,Alta
Remidio Innovat Solut Pvt Ltd,mover_para_organizacoes,organizacoes,Empresa privada / centro corporativo,Remidio Innovat Solut Pvt Ltd,Padrão de empresa privada ou centro de P&D corporativo.,Alta
Associate Clin,mover_para_organizacoes,organizacoes,Hospital / clínica / centro médico,Associate Clin,Não cadastrar como instituição de ensino principal.,Alta
High Inst Nursing Profess & Hlth Tech Annex Taza,mover_para_organizacoes,organizacoes,Hospital / clínica / centro médico,High Institute Nursing Profess & Health Technology Annex Taza,Não cadastrar como instituição de ensino principal.,Alta
Ctr Multidisciplinario Hlth Steps,mover_para_organizacoes,organizacoes,Hospital / clínica / centro médico,Center Multidisciplinario Health Steps,Não cadastrar como instituição de ensino principal.,Alta
GangNeung Asan Hosp,mover_para_organizacoes,organizacoes,Hospital / clínica / centro médico,GangNeung Asan Hospital,Não cadastrar como instituição de ensino principal.,Alta
Deakin Rural Hlth,mover_para_organizacoes,organizacoes,Hospital / clínica / centro médico,Deakin Rural Health,Não cadastrar como instituição de ensino principal.,Alta
Grampians Hlth,mover_para_organizacoes,organizacoes,Hospital / clínica / centro médico,Grampians Health,Não cadastrar como instituição de ensino principal.,Alta
Colac Area Hlth,mover_para_organizacoes,organizacoes,Hospital / clínica / centro médico,Colac Area Health,Não cadastrar como instituição de ensino principal.,Alta
Barwon Hlth,mover_para_organizacoes,organizacoes,Hospital / clínica / centro médico,Barwon Health,Não cadastrar como instituição de ensino principal.,Alta
MED Ingn Srl,mover_para_organizacoes,organizacoes,Empresa privada / centro corporativo,MED Ingn Srl,Padrão de empresa privada ou centro de P&D corporativo.,Alta
Hanumayamma Innovat & Technol Pvt Ltd,mover_para_organizacoes,organizacoes,Empresa privada / centro corporativo,Hanumayamma Innovat & Technology Pvt Ltd,Padrão de empresa privada ou centro de P&D corporativo.,Alta
Govt Coll Engn Govt,mover_para_organizacoes,organizacoes,Órgão público / agência / organismo internacional,Govt College Engineering Govt,"Padrão de ministério, governo, departamento ou agência. Não cadastrar como universidade.",Alta
Indira Gandhi Inst Technol Govt,mover_para_organizacoes,organizacoes,Órgão público / agência / organismo internacional,Indira Gandhi Institute Technology Govt,"Padrão de ministério, governo, departamento ou agência. Não cadastrar como universidade.",Alta
Geoinformat & Space Technol Dev Agcy,mover_para_organizacoes,organizacoes,Órgão público / agência / organismo internacional,Geoinformat & Space Technology Dev Agency,"Padrão de ministério, governo, departamento ou agência. Não cadastrar como universidade.",Alta
SETIT Lab Smart Syst Engn & E Hlth Sfax,mover_para_organizacoes,organizacoes,Hospital / clínica / centro médico,SETIT Lab Smart Syst Engineering & E Health Sfax,Não cadastrar como instituição de ensino principal.,Alta
Sentiantal Pvt Ltd,mover_para_organizacoes,organizacoes,Empresa privada / centro corporativo,Sentiantal Pvt Ltd,Padrão de empresa privada ou centro de P&D corporativo.,Alta
Canadian Food Inspect Agcy,mover_para_organizacoes,organizacoes,Órgão público / agência / organismo internacional,Canadian Food Inspect Agency,"Padrão de ministério, governo, departamento ou agência. Não cadastrar como universidade.",Alta
Vectech Inc,mover_para_organizacoes,organizacoes,Empresa privada / centro corporativo,Vectech Inc,Padrão de empresa privada ou centro de P&D corporativo.,Alta
Maryland Dept Agr,mover_para_organizacoes,organizacoes,Órgão público / agência / organismo internacional,Maryland Department Agricultural,"Padrão de ministério, governo, departamento ou agência. Não cadastrar como universidade.",Alta
PrecisionLife Ltd,mover_para_organizacoes,organizacoes,Empresa privada / centro corporativo,PrecisionLife Ltd,Padrão de empresa privada ou centro de P&D corporativo.,Alta
Govt Bihar,mover_para_organizacoes,organizacoes,Órgão público / agência / organismo internacional,Govt Bihar,"Padrão de ministério, governo, departamento ou agência. Não cadastrar como universidade.",Alta
Minist Agr Forestry & Fisheries,mover_para_organizacoes,organizacoes,Órgão público / agência / organismo internacional,Ministry Agricultural Forestry & Fisheries,"Padrão de ministério, governo, departamento ou agência. Não cadastrar como universidade.",Alta
Huicai Environm Technol Co Ltd,mover_para_organizacoes,organizacoes,Empresa privada / centro corporativo,Huicai Environment Technology Co Ltd,Padrão de empresa privada ou centro de P&D corporativo.,Alta
Wuqu Kawoq Maya Hlth Alliance,mover_para_organizacoes,organizacoes,Hospital / clínica / centro médico,Wuqu Kawoq Maya Health Alliance,Não cadastrar como instituição de ensino principal.,Alta
Limpopo Watercourse Commiss LIMCOM,mover_para_organizacoes,organizacoes,Órgão público / agência / organismo internacional,Limpopo Watercourse Commission LIMCOM,"Padrão de ministério, governo, departamento ou agência. Não cadastrar como universidade.",Alta
OAQ Co Ltd,mover_para_organizacoes,organizacoes,Empresa privada / centro corporativo,OAQ Co Ltd,Padrão de empresa privada ou centro de P&D corporativo.,Alta
QRAD Inc,mover_para_organizacoes,organizacoes,Empresa privada / centro corporativo,QRAD Inc,Padrão de empresa privada ou centro de P&D corporativo.,Alta
Minist Elect,mover_para_organizacoes,organizacoes,Órgão público / agência / organismo internacional,Ministry Elect,"Padrão de ministério, governo, departamento ou agência. Não cadastrar como universidade.",Alta
Ponwar Vet Hosp,mover_para_organizacoes,organizacoes,Hospital / clínica / centro médico,Ponwar Vet Hospital,Não cadastrar como instituição de ensino principal.,Alta
Sunyard Syst Engn Co Ltd,mover_para_organizacoes,organizacoes,Empresa privada / centro corporativo,Sunyard Syst Engineering Co Ltd,Padrão de empresa privada ou centro de P&D corporativo.,Alta
Nationwide Childrens Hosp,mover_para_organizacoes,organizacoes,Hospital / clínica / centro médico,Nationwide Childrens Hospital,Não cadastrar como instituição de ensino principal.,Alta
BASF SE,mover_para_organizacoes,organizacoes,Empresa privada / centro corporativo,BASF SE,Padrão de empresa privada ou centro de P&D corporativo.,Alta
Minist Interior Disaster & Emergency Management Pr,mover_para_organizacoes,organizacoes,Órgão público / agência / organismo internacional,Ministry Interior Disaster & Emergency Management Pr,"Padrão de ministério, governo, departamento ou agência. Não cadastrar como universidade.",Alta
Quantitat Sci Solut,mover_para_organizacoes,organizacoes,Empresa privada / centro corporativo,Quantitat Science Solut,Padrão de empresa privada ou centro de P&D corporativo.,Alta
BASF Agro Res,mover_para_organizacoes,organizacoes,Empresa privada / centro corporativo,BASF Agro Research,Padrão de empresa privada ou centro de P&D corporativo.,Alta
Univ Reg Amazon Ikiam,mover_para_organizacoes,organizacoes,Empresa privada / centro corporativo,University Reg Amazon Ikiam,Padrão de empresa privada ou centro de P&D corporativo.,Alta
Smarter FY Solut,mover_para_organizacoes,organizacoes,Empresa privada / centro corporativo,Smarter FY Solut,Padrão de empresa privada ou centro de P&D corporativo.,Alta
Hosp Hermanos Ameijeiras,mover_para_organizacoes,organizacoes,Hospital / clínica / centro médico,Hospital Hermanos Ameijeiras,Não cadastrar como instituição de ensino principal.,Alta
BioCollect LLC,mover_para_organizacoes,organizacoes,Empresa privada / centro corporativo,BioCollect LLC,Padrão de empresa privada ou centro de P&D corporativo.,Alta
Chauvell LLC,mover_para_organizacoes,organizacoes,Empresa privada / centro corporativo,Chauvell LLC,Padrão de empresa privada ou centro de P&D corporativo.,Alta
Microsoft Good Res Lab,mover_para_organizacoes,organizacoes,Empresa privada / centro corporativo,Microsoft Good Research Lab,Padrão de empresa privada ou centro de P&D corporativo.,Alta
USDA ERS,mover_para_organizacoes,organizacoes,Agência pública de pesquisa,USDA Economic Research Service,Não é universidade.,Alta
Dept Agr Sarawak,mover_para_organizacoes,organizacoes,Órgão público / agência / organismo internacional,Department Agricultural Sarawak,"Padrão de ministério, governo, departamento ou agência. Não cadastrar como universidade.",Alta
Gansu Tobacco Ind Co Ltd,mover_para_organizacoes,organizacoes,Empresa privada / centro corporativo,Gansu Tobacco Ind Co Ltd,Padrão de empresa privada ou centro de P&D corporativo.,Alta
Algerian Space Agcy,mover_para_organizacoes,organizacoes,Órgão público / agência / organismo internacional,Algerian Space Agency,"Padrão de ministério, governo, departamento ou agência. Não cadastrar como universidade.",Alta
Harbin Dongshui Intelligent Agr Technol Co,mover_para_organizacoes,organizacoes,Empresa privada / centro corporativo,Harbin Dongshui Intelligent Agricultural Technology Co,Padrão de empresa privada ou centro de P&D corporativo.,Alta
Nantong Xikerui Intelligent Technol Co Ltd,mover_para_organizacoes,organizacoes,Empresa privada / centro corporativo,Nantong Xikerui Intelligent Technology Co Ltd,Padrão de empresa privada ou centro de P&D corporativo.,Alta
QUEEN ELIZABETH II MED CTR,mover_para_organizacoes,organizacoes,Hospital / clínica / centro médico,QUEEN ELIZABETH II MED Center,Não cadastrar como instituição de ensino principal.,Alta
Dept Med Cardiol,mover_para_organizacoes,organizacoes,Órgão público / agência / organismo internacional,Department Med Cardiol,"Padrão de ministério, governo, departamento ou agência. Não cadastrar como universidade.",Alta
Dept Populat Hlth Sci & Policy,mover_para_organizacoes,organizacoes,Órgão público / agência / organismo internacional,Department Populat Health Science & Policy,"Padrão de ministério, governo, departamento ou agência. Não cadastrar como universidade.",Alta
Minist Sci Technol Innovat & Commun,mover_para_organizacoes,organizacoes,Órgão público / agência / organismo internacional,Ministry Science Technology Innovat & Commun,"Padrão de ministério, governo, departamento ou agência. Não cadastrar como universidade.",Alta
Mikrogen GmbH,mover_para_organizacoes,organizacoes,Empresa privada / centro corporativo,Mikrogen GmbH,Padrão de empresa privada ou centro de P&D corporativo.,Alta
Oceanloop Kiel GmbH & Co KG,mover_para_organizacoes,organizacoes,Empresa privada / centro corporativo,Oceanloop Kiel GmbH & Co KG,Padrão de empresa privada ou centro de P&D corporativo.,Alta
Translat Hlth Res Inst,mover_para_organizacoes,organizacoes,Hospital / clínica / centro médico,Translat Health Research Institute,Não cadastrar como instituição de ensino principal.,Alta
Kinondo Kwetu Hosp,mover_para_organizacoes,organizacoes,Hospital / clínica / centro médico,Kinondo Kwetu Hospital,Não cadastrar como instituição de ensino principal.,Alta
Henan LongPing Lantron AgriSci & Technol Co LTD,mover_para_organizacoes,organizacoes,Empresa privada / centro corporativo,Henan LongPing Lantron AgriSci & Technology Co LTD,Padrão de empresa privada ou centro de P&D corporativo.,Alta
Minist Agr & Farmers Welf,mover_para_organizacoes,organizacoes,Órgão público / agência / organismo internacional,Ministry Agricultural & Farmers Welf,"Padrão de ministério, governo, departamento ou agência. Não cadastrar como universidade.",Alta
Jones Hlth Serv Consulting,mover_para_organizacoes,organizacoes,Hospital / clínica / centro médico,Jones Health Serv Consulting,Não cadastrar como instituição de ensino principal.,Alta
Ocuvera LLC,mover_para_organizacoes,organizacoes,Empresa privada / centro corporativo,Ocuvera LLC,Padrão de empresa privada ou centro de P&D corporativo.,Alta
Aora Hlth,mover_para_organizacoes,organizacoes,Hospital / clínica / centro médico,Aora Health,Não cadastrar como instituição de ensino principal.,Alta
Dschang Reg Annex Hosp,mover_para_organizacoes,organizacoes,Hospital / clínica / centro médico,Dschang Reg Annex Hospital,Não cadastrar como instituição de ensino principal.,Alta
Quanta Comp Co Ltd,mover_para_organizacoes,organizacoes,Empresa privada / centro corporativo,Quanta Comp Co Ltd,Padrão de empresa privada ou centro de P&D corporativo.,Alta
Palmetto Gen Hosp,mover_para_organizacoes,organizacoes,Hospital / clínica / centro médico,Palmetto Gen Hospital,Não cadastrar como instituição de ensino principal.,Alta
Minist Water Resources Peoples Republ China,mover_para_organizacoes,organizacoes,Órgão público / agência / organismo internacional,Ministry Water Resources Peoples Republ China,"Padrão de ministério, governo, departamento ou agência. Não cadastrar como universidade.",Alta
Omiya Med Ctr,mover_para_organizacoes,organizacoes,Hospital / clínica / centro médico,Omiya Med Center,Não cadastrar como instituição de ensino principal.,Alta
Tibet Lvzhiyuan Modern Agr Technol Co Ltd,mover_para_organizacoes,organizacoes,Empresa privada / centro corporativo,Tibet Lvzhiyuan Modern Agricultural Technology Co Ltd,Padrão de empresa privada ou centro de P&D corporativo.,Alta
Corp Univ Empresarial Alexander Humboldt,mover_para_organizacoes,organizacoes,Empresa privada / centro corporativo,Corp University Empresarial Alexander Humboldt,Padrão de empresa privada ou centro de P&D corporativo.,Alta
Raibal Grp,mover_para_organizacoes,organizacoes,Empresa privada / centro corporativo,Raibal Grp,Padrão de empresa privada ou centro de P&D corporativo.,Alta
Tech Consultant FruitFly Africa Pty Ltd,mover_para_organizacoes,organizacoes,Empresa privada / centro corporativo,Technology Consultant FruitFly Africa Pty Ltd,Padrão de empresa privada ou centro de P&D corporativo.,Alta
Citrus Res Int Pty Ltd,mover_para_organizacoes,organizacoes,Empresa privada / centro corporativo,Citrus Research Int Pty Ltd,Padrão de empresa privada ou centro de P&D corporativo.,Alta
XSIT Pty Ltd,mover_para_organizacoes,organizacoes,Empresa privada / centro corporativo,XSIT Pty Ltd,Padrão de empresa privada ou centro de P&D corporativo.,Alta
Entomon Technol Pty Ltd,mover_para_organizacoes,organizacoes,Empresa privada / centro corporativo,Entomon Technology Pty Ltd,Padrão de empresa privada ou centro de P&D corporativo.,Alta
Turfscout LLC,mover_para_organizacoes,organizacoes,Empresa privada / centro corporativo,Turfscout LLC,Padrão de empresa privada ou centro de P&D corporativo.,Alta
Cotton Inc,mover_para_organizacoes,organizacoes,Empresa privada / centro corporativo,Cotton Inc,Padrão de empresa privada ou centro de P&D corporativo.,Alta
Powerchina Huadong Engn Corp Ltd,mover_para_organizacoes,organizacoes,Empresa privada / centro corporativo,Powerchina Huadong Engineering Corp Ltd,Padrão de empresa privada ou centro de P&D corporativo.,Alta
Powerchina Chongqing Engn Corp Ltd,mover_para_organizacoes,organizacoes,Empresa privada / centro corporativo,Powerchina Chongqing Engineering Corp Ltd,Padrão de empresa privada ou centro de P&D corporativo.,Alta
Res Inst Trustworthy Autonomous Syst RITAS,mover_para_organizacoes,organizacoes,Empresa privada / centro corporativo,Research Institute Trustworthy Autonomous Syst RITAS,Padrão de empresa privada ou centro de P&D corporativo.,Alta
Zhaoyuan Municipal Real Name Syst Management Serv,mover_para_organizacoes,organizacoes,Empresa privada / centro corporativo,Zhaoyuan Municipal Real Name Syst Management Serv,Padrão de empresa privada ou centro de P&D corporativo.,Alta
Cangzhou Cent Hosp,mover_para_organizacoes,organizacoes,Hospital / clínica / centro médico,Cangzhou Cent Hospital,Não cadastrar como instituição de ensino principal.,Alta
Publ Dent Hlth Serv,mover_para_organizacoes,organizacoes,Hospital / clínica / centro médico,Publ Dent Health Serv,Não cadastrar como instituição de ensino principal.,Alta
Sri Shankara Canc Hosp & Res Ctr,mover_para_organizacoes,organizacoes,Hospital / clínica / centro médico,Sri Shankara Canc Hospital & Research Center,Não cadastrar como instituição de ensino principal.,Alta
Vivekanand Canc Hosp & Optimus Oncol Adv Radiother,mover_para_organizacoes,organizacoes,Hospital / clínica / centro médico,Vivekanand Canc Hospital & Optimus Oncol Adv Radiother,Não cadastrar como instituição de ensino principal.,Alta
Jupiter Hosp,mover_para_organizacoes,organizacoes,Hospital / clínica / centro médico,Jupiter Hospital,Não cadastrar como instituição de ensino principal.,Alta
St Tukaram Hosp,mover_para_organizacoes,organizacoes,Hospital / clínica / centro médico,St Tukaram Hospital,Não cadastrar como instituição de ensino principal.,Alta
Apollo Hosp,mover_para_organizacoes,organizacoes,Hospital / clínica / centro médico,Apollo Hospital,Não cadastrar como instituição de ensino principal.,Alta
Vivekananda Canc Hosp,mover_para_organizacoes,organizacoes,Hospital / clínica / centro médico,Vivekananda Canc Hospital,Não cadastrar como instituição de ensino principal.,Alta
Sankalp Hosp & Optimus Oncol,mover_para_organizacoes,organizacoes,Hospital / clínica / centro médico,Sankalp Hospital & Optimus Oncol,Não cadastrar como instituição de ensino principal.,Alta
Grp CRP Imaneo,mover_para_organizacoes,organizacoes,Empresa privada / centro corporativo,Grp CRP Imaneo,Padrão de empresa privada ou centro de P&D corporativo.,Alta
Sesotec GmbH,mover_para_organizacoes,organizacoes,Empresa privada / centro corporativo,Sesotec GmbH,Padrão de empresa privada ou centro de P&D corporativo.,Alta
Hunan Childrens Hosp,mover_para_organizacoes,organizacoes,Hospital / clínica / centro médico,Hunan Childrens Hospital,Não cadastrar como instituição de ensino principal.,Alta
Iraqi Commiss Comp & Informat,mover_para_organizacoes,organizacoes,Órgão público / agência / organismo internacional,Iraqi Commission Comp & Informat,"Padrão de ministério, governo, departamento ou agência. Não cadastrar como universidade.",Alta
Sci Res Commiss CIC,mover_para_organizacoes,organizacoes,Órgão público / agência / organismo internacional,Science Research Commission CIC,"Padrão de ministério, governo, departamento ou agência. Não cadastrar como universidade.",Alta
Thales Six GTS France SAS,mover_para_organizacoes,organizacoes,Empresa privada / centro corporativo,Thales Six GTS France SAS,Padrão de empresa privada ou centro de P&D corporativo.,Alta
Aerodiagnostika Ltd,mover_para_organizacoes,organizacoes,Empresa privada / centro corporativo,Aerodiagnostika Ltd,Padrão de empresa privada ou centro de P&D corporativo.,Alta
Family Hlth Unit Beira Ria,mover_para_organizacoes,organizacoes,Hospital / clínica / centro médico,Family Health Unit Beira Ria,Não cadastrar como instituição de ensino principal.,Alta
Luminary Apps LLC,mover_para_organizacoes,organizacoes,Empresa privada / centro corporativo,Luminary Apps LLC,Padrão de empresa privada ou centro de P&D corporativo.,Alta
Kaohsiung Chang Gung Mem Hosp,mover_para_organizacoes,organizacoes,Hospital / clínica / centro médico,Kaohsiung Chang Gung Mem Hospital,Não cadastrar como instituição de ensino principal.,Alta
China Film Grp Corp,mover_para_organizacoes,organizacoes,Empresa privada / centro corporativo,China Film Grp Corp,Padrão de empresa privada ou centro de P&D corporativo.,Alta
Shenyang He Eye Hosp,mover_para_organizacoes,organizacoes,Hospital / clínica / centro médico,Shenyang He Eye Hospital,Não cadastrar como instituição de ensino principal.,Alta
Continental Solut Ctr CSC,mover_para_organizacoes,organizacoes,Empresa privada / centro corporativo,Continental Solut Center CSC,Padrão de empresa privada ou centro de P&D corporativo.,Alta
Ayass Biosci LLC,mover_para_organizacoes,organizacoes,Empresa privada / centro corporativo,Ayass Biosci LLC,Padrão de empresa privada ou centro de P&D corporativo.,Alta
Microsoft AI Good Lab,mover_para_organizacoes,organizacoes,Empresa privada / centro corporativo,Microsoft AI Good Lab,Padrão de empresa privada ou centro de P&D corporativo.,Alta
AGCHEM MFG CORP,mover_para_organizacoes,organizacoes,Empresa privada / centro corporativo,AGCHEM MFG CORP,Padrão de empresa privada ou centro de P&D corporativo.,Alta
Peoples Hosp Qinghai Prov,mover_para_organizacoes,organizacoes,Hospital / clínica / centro médico,Peoples Hospital Qinghai Prov,Não cadastrar como instituição de ensino principal.,Alta
King Fahad Cent Hosp,mover_para_organizacoes,organizacoes,Hospital / clínica / centro médico,King Fahad Cent Hospital,Não cadastrar como instituição de ensino principal.,Alta
Women Hlth Hosp,mover_para_organizacoes,organizacoes,Hospital / clínica / centro médico,Women Health Hospital,Não cadastrar como instituição de ensino principal.,Alta
King Saud Hosp,mover_para_organizacoes,organizacoes,Hospital / clínica / centro médico,King Saud Hospital,Não cadastrar como instituição de ensino principal.,Alta
Attadawi Med Clin,mover_para_organizacoes,organizacoes,Hospital / clínica / centro médico,Attadawi Med Clin,Não cadastrar como instituição de ensino principal.,Alta
Lockheed Martin Idaho Technol Co,mover_para_organizacoes,organizacoes,Empresa privada / centro corporativo,Lockheed Martin Idaho Technology Co,Padrão de empresa privada ou centro de P&D corporativo.,Alta
Sci Res Grp Egypt SRGE,mover_para_organizacoes,organizacoes,Empresa privada / centro corporativo,Science Research Grp Egypt SRGE,Padrão de empresa privada ou centro de P&D corporativo.,Alta
Private Univ Fez UPF,mover_para_organizacoes,organizacoes,Empresa privada / centro corporativo,Private University Fez UPF,Padrão de empresa privada ou centro de P&D corporativo.,Alta
Seeing Machines Ltd,mover_para_organizacoes,organizacoes,Empresa privada / centro corporativo,Seeing Machines Ltd,Padrão de empresa privada ou centro de P&D corporativo.,Alta
Queen Alexandra Hosp,mover_para_organizacoes,organizacoes,Hospital / clínica / centro médico,Queen Alexandra Hospital,Não cadastrar como instituição de ensino principal.,Alta
Al Mokattam Insurance Hosp,mover_para_organizacoes,organizacoes,Hospital / clínica / centro médico,Al Mokattam Insurance Hospital,Não cadastrar como instituição de ensino principal.,Alta
CHUO HOSP,mover_para_organizacoes,organizacoes,Hospital / clínica / centro médico,CHUO Hospital,Não cadastrar como instituição de ensino principal.,Alta
Vista Remote Sensing Geosci GmbH,mover_para_organizacoes,organizacoes,Empresa privada / centro corporativo,Vista Remote Sensing Geosci GmbH,Padrão de empresa privada ou centro de P&D corporativo.,Alta
Fasal Wolkus Technol Solut Pvt Ltd,mover_para_organizacoes,organizacoes,Empresa privada / centro corporativo,Fasal Wolkus Technology Solut Pvt Ltd,Padrão de empresa privada ou centro de P&D corporativo.,Alta
Deutsch Gesell Tech Zusammenarbeit GmbH,mover_para_organizacoes,organizacoes,Empresa privada / centro corporativo,Deutsch Gesell Technology Zusammenarbeit GmbH,Padrão de empresa privada ou centro de P&D corporativo.,Alta
Bayer Pflanzenschutz,mover_para_organizacoes,organizacoes,Empresa privada / centro corporativo,Bayer Pflanzenschutz,Padrão de empresa privada ou centro de P&D corporativo.,Alta
Beijing City Interface Technol Co Ltd,mover_para_organizacoes,organizacoes,Empresa privada / centro corporativo,Beijing City Interface Technology Co Ltd,Padrão de empresa privada ou centro de P&D corporativo.,Alta
State owned Assets Supervis & Adm Commiss State Co,mover_para_organizacoes,organizacoes,Órgão público / agência / organismo internacional,State owned Assets Supervis & Adm Commission State Co,"Padrão de ministério, governo, departamento ou agência. Não cadastrar como universidade.",Alta
Minist Emergency Management,mover_para_organizacoes,organizacoes,Órgão público / agência / organismo internacional,Ministry Emergency Management,"Padrão de ministério, governo, departamento ou agência. Não cadastrar como universidade.",Alta
Aselsan Inc Turkiye,mover_para_organizacoes,organizacoes,Empresa privada / centro corporativo,Aselsan Inc Turkiye,Padrão de empresa privada ou centro de P&D corporativo.,Alta
SENAI Innovat Inst Sensor Syst ISI SIM,mover_para_organizacoes,organizacoes,Empresa privada / centro corporativo,SENAI Innovat Institute Sensor Syst ISI SIM,Padrão de empresa privada ou centro de P&D corporativo.,Alta
Dept Agroenvironm Sci & Technol,mover_para_organizacoes,organizacoes,Órgão público / agência / organismo internacional,Department Agroenvironm Science & Technology,"Padrão de ministério, governo, departamento ou agência. Não cadastrar como universidade.",Alta
Mayo Clin Hlth Syst,mover_para_organizacoes,organizacoes,Hospital / clínica / centro médico,Mayo Clin Health Syst,Não cadastrar como instituição de ensino principal.,Alta
Brainomix Ltd,mover_para_organizacoes,organizacoes,Empresa privada / centro corporativo,Brainomix Ltd,Padrão de empresa privada ou centro de P&D corporativo.,Alta
Syngenta Grp,mover_para_organizacoes,organizacoes,Empresa privada / centro corporativo,Syngenta Grp,Padrão de empresa privada ou centro de P&D corporativo.,Alta
Nestle SA,mover_para_organizacoes,organizacoes,Empresa privada / centro corporativo,Nestle SA,Padrão de empresa privada ou centro de P&D corporativo.,Alta
Regenify Ag,mover_para_organizacoes,organizacoes,Empresa privada / centro corporativo,Regenify Ag,Padrão de empresa privada ou centro de P&D corporativo.,Alta
CORE Grp,mover_para_organizacoes,organizacoes,Empresa privada / centro corporativo,CORE Grp,Padrão de empresa privada ou centro de P&D corporativo.,Alta
Minist Educ Guizhou,mover_para_organizacoes,organizacoes,Órgão público / agência / organismo internacional,Ministry Educ Guizhou,"Padrão de ministério, governo, departamento ou agência. Não cadastrar como universidade.",Alta
Vet Affairs Med Ctr,mover_para_organizacoes,organizacoes,Hospital / clínica / centro médico,Vet Affairs Med Center,Não cadastrar como instituição de ensino principal.,Alta
USDA ARS Jornada Expt Range,mover_para_organizacoes,organizacoes,Órgão público / agência / organismo internacional,USDA ARS Jornada Expt Range,"Padrão de ministério, governo, departamento ou agência. Não cadastrar como universidade.",Alta
Apc ai GmbH,mover_para_organizacoes,organizacoes,Empresa privada / centro corporativo,Apc ai GmbH,Padrão de empresa privada ou centro de P&D corporativo.,Alta
Shandong Univ Elect Power Technol Co Ltd,mover_para_organizacoes,organizacoes,Empresa privada / centro corporativo,Shandong University Elect Power Technology Co Ltd,Padrão de empresa privada ou centro de P&D corporativo.,Alta
Sichuan Zizhou Agr Sci & Technol Co Ltd,mover_para_organizacoes,organizacoes,Empresa privada / centro corporativo,Sichuan Zizhou Agricultural Science & Technology Co Ltd,Padrão de empresa privada ou centro de P&D corporativo.,Alta
Private Univ Principal Liechtenstein,mover_para_organizacoes,organizacoes,Empresa privada / centro corporativo,Private University Principal Liechtenstein,Padrão de empresa privada ou centro de P&D corporativo.,Alta
Open Syst Int,mover_para_organizacoes,organizacoes,Empresa privada / centro corporativo,Open Syst Int,Padrão de empresa privada ou centro de P&D corporativo.,Alta
Apollo Hosp Grp,mover_para_organizacoes,organizacoes,Hospital / clínica / centro médico,Apollo Hospital Grp,Não cadastrar como instituição de ensino principal.,Alta
Vardhaman Mahavir Med Coll &Safdarjung Hosp,mover_para_organizacoes,organizacoes,Hospital / clínica / centro médico,Vardhaman Mahavir Med College &Safdarjung Hospital,Não cadastrar como instituição de ensino principal.,Alta
Employees State Insurance Corp,mover_para_organizacoes,organizacoes,Empresa privada / centro corporativo,Employees State Insurance Corp,Padrão de empresa privada ou centro de P&D corporativo.,Alta
Gunasheela Hosp,mover_para_organizacoes,organizacoes,Hospital / clínica / centro médico,Gunasheela Hospital,Não cadastrar como instituição de ensino principal.,Alta
SLG Hosp,mover_para_organizacoes,organizacoes,Hospital / clínica / centro médico,SLG Hospital,Não cadastrar como instituição de ensino principal.,Alta
Mil Hosp,mover_para_organizacoes,organizacoes,Hospital / clínica / centro médico,Mil Hospital,Não cadastrar como instituição de ensino principal.,Alta
Vietnam Minist Sci & Technol,mover_para_organizacoes,organizacoes,Órgão público / agência / organismo internacional,Vietnam Ministry Science & Technology,"Padrão de ministério, governo, departamento ou agência. Não cadastrar como universidade.",Alta
Inst Informat Syst,mover_para_organizacoes,organizacoes,Empresa privada / centro corporativo,Institute Informat Syst,Padrão de empresa privada ou centro de P&D corporativo.,Alta
Seeburg Castle Private Univ,mover_para_organizacoes,organizacoes,Empresa privada / centro corporativo,Seeburg Castle Private University,Padrão de empresa privada ou centro de P&D corporativo.,Alta
Cardio Diagnost Inc,mover_para_organizacoes,organizacoes,Empresa privada / centro corporativo,Cardio Diagnost Inc,Padrão de empresa privada ou centro de P&D corporativo.,Alta
No Rivers Inst Hlth & Res,mover_para_organizacoes,organizacoes,Hospital / clínica / centro médico,No Rivers Institute Health & Research,Não cadastrar como instituição de ensino principal.,Alta
Agr Certificat Serv Inc,mover_para_organizacoes,organizacoes,Empresa privada / centro corporativo,Agricultural Certificat Serv Inc,Padrão de empresa privada ou centro de P&D corporativo.,Alta
Shuyang Hosp Tradit Chinese Med,mover_para_organizacoes,organizacoes,Hospital / clínica / centro médico,Shuyang Hospital Tradit Chinese Med,Não cadastrar como instituição de ensino principal.,Alta
Mesa Associates Inc,mover_para_organizacoes,organizacoes,Empresa privada / centro corporativo,Mesa Associates Inc,Padrão de empresa privada ou centro de P&D corporativo.,Alta
West Kentucky Rural Elect Cooperat Corp,mover_para_organizacoes,organizacoes,Empresa privada / centro corporativo,West Kentucky Rural Elect Cooperat Corp,Padrão de empresa privada ou centro de P&D corporativo.,Alta
RPU Rhenish Plant Power & Envirotech Co Ltd,mover_para_organizacoes,organizacoes,Empresa privada / centro corporativo,RPU Rhenish Plant Power & Envirotech Co Ltd,Padrão de empresa privada ou centro de P&D corporativo.,Alta
Cognizant Technol Solut,mover_para_organizacoes,organizacoes,Empresa privada / centro corporativo,Cognizant Technology Solut,Padrão de empresa privada ou centro de P&D corporativo.,Alta
Shanghai Tonglan Environm Technol Co Ltd,mover_para_organizacoes,organizacoes,Empresa privada / centro corporativo,Shanghai Tonglan Environment Technology Co Ltd,Padrão de empresa privada ou centro de P&D corporativo.,Alta
Hosp Nuestra Senora Candelaria,mover_para_organizacoes,organizacoes,Hospital / clínica / centro médico,Hospital Nuestra Senora Candelaria,Não cadastrar como instituição de ensino principal.,Alta
Hosp Gen Ciudad Real,mover_para_organizacoes,organizacoes,Hospital / clínica / centro médico,Hospital Gen Ciudad Real,Não cadastrar como instituição de ensino principal.,Alta
Gynaecworld Ctr Womens Hlth & Fertil,mover_para_organizacoes,organizacoes,Hospital / clínica / centro médico,Gynaecworld Center Womens Health & Fertil,Não cadastrar como instituição de ensino principal.,Alta
Natl Inst Hlth & Family Welf Campus,mover_para_organizacoes,organizacoes,Hospital / clínica / centro médico,National Institute Health & Family Welf Campus,Não cadastrar como instituição de ensino principal.,Alta
Int Inst Hlth Management Res,mover_para_organizacoes,organizacoes,Hospital / clínica / centro médico,Int Institute Health Management Research,Não cadastrar como instituição de ensino principal.,Alta
Goldwind Sci & Etechwin Elect Co Ltd BDA,mover_para_organizacoes,organizacoes,Empresa privada / centro corporativo,Goldwind Science & Etechwin Elect Co Ltd BDA,Padrão de empresa privada ou centro de P&D corporativo.,Alta
Fera Sci Ltd,mover_para_organizacoes,organizacoes,Empresa privada / centro corporativo,Fera Science Ltd,Padrão de empresa privada ou centro de P&D corporativo.,Alta
Maccabi Healthcare Serv,mover_para_organizacoes,organizacoes,Hospital / clínica / centro médico,Maccabi Healthcare Serv,Não cadastrar como instituição de ensino principal.,Alta
Rambam Hlth Care Campus,mover_para_organizacoes,organizacoes,Hospital / clínica / centro médico,Rambam Health Care Campus,Não cadastrar como instituição de ensino principal.,Alta
Tzafon Med Ctr,mover_para_organizacoes,organizacoes,Hospital / clínica / centro médico,Tzafon Med Center,Não cadastrar como instituição de ensino principal.,Alta
Edith Wolfson Med Ctr,mover_para_organizacoes,organizacoes,Hospital / clínica / centro médico,Edith Wolfson Med Center,Não cadastrar como instituição de ensino principal.,Alta
State Grid Zhejiang Elect Power Co Ltd,mover_para_organizacoes,organizacoes,Empresa privada / centro corporativo,State Grid Zhejiang Elect Power Co Ltd,Padrão de empresa privada ou centro de P&D corporativo.,Alta
China Petr Engn Construct Co Ltd,mover_para_organizacoes,organizacoes,Empresa privada / centro corporativo,China Petroleum Engineering Construct Co Ltd,Padrão de empresa privada ou centro de P&D corporativo.,Alta
Capt Hlth Inc,mover_para_organizacoes,organizacoes,Hospital / clínica / centro médico,Capt Health Inc,Não cadastrar como instituição de ensino principal.,Alta
Burundian Agcy Rural Hydraul & Sanitat AHAMR,mover_para_organizacoes,organizacoes,Órgão público / agência / organismo internacional,Burundian Agency Rural Hydraul & Sanitat AHAMR,"Padrão de ministério, governo, departamento ou agência. Não cadastrar como universidade.",Alta
EWE Offshore Serv & Solut GmbH,mover_para_organizacoes,organizacoes,Empresa privada / centro corporativo,EWE Offshore Serv & Solut GmbH,Padrão de empresa privada ou centro de P&D corporativo.,Alta
Kussmann Biotech GmbH,mover_para_organizacoes,organizacoes,Empresa privada / centro corporativo,Kussmann Biotech GmbH,Padrão de empresa privada ou centro de P&D corporativo.,Alta
Austin Hlth,mover_para_organizacoes,organizacoes,Hospital / clínica / centro médico,Austin Health,Não cadastrar como instituição de ensino principal.,Alta
Beijing Drainage Grp Ltd,mover_para_organizacoes,organizacoes,Empresa privada / centro corporativo,Beijing Drainage Grp Ltd,Padrão de empresa privada ou centro de P&D corporativo.,Alta
USDA Forest Serv,mover_para_organizacoes,organizacoes,Agência pública,United States Forest Service,Não é universidade.,Alta
Minist Agr Pecheries & Alimentat Quebec,mover_para_organizacoes,organizacoes,Órgão público / agência / organismo internacional,Ministry Agricultural Pecheries & Alimentat Quebec,"Padrão de ministério, governo, departamento ou agência. Não cadastrar como universidade.",Alta
Hanumayamma Innovat & Technol PVT Ltd,mover_para_organizacoes,organizacoes,Empresa privada / centro corporativo,Hanumayamma Innovat & Technology PVT Ltd,Padrão de empresa privada ou centro de P&D corporativo.,Alta
Truva Inc,mover_para_organizacoes,organizacoes,Empresa privada / centro corporativo,Truva Inc,Padrão de empresa privada ou centro de P&D corporativo.,Alta
Cleveland Clin Fdn,mover_para_organizacoes,organizacoes,Hospital / fundação médica,Cleveland Clinic Foundation,Não é universidade.,Alta
Integris SW Med Ctr,mover_para_organizacoes,organizacoes,Hospital / clínica / centro médico,Integris SW Med Center,Não cadastrar como instituição de ensino principal.,Alta
Mid Ohio Heart Clin,mover_para_organizacoes,organizacoes,Hospital / clínica / centro médico,Mid Ohio Heart Clin,Não cadastrar como instituição de ensino principal.,Alta
William Beaumont Hosp,mover_para_organizacoes,organizacoes,Hospital / clínica / centro médico,William Beaumont Hospital,Não cadastrar como instituição de ensino principal.,Alta
Warrack Hosp & Radiant Res,mover_para_organizacoes,organizacoes,Hospital / clínica / centro médico,Warrack Hospital & Radiant Research,Não cadastrar como instituição de ensino principal.,Alta
Cheikh Zaid Hosp,mover_para_organizacoes,organizacoes,Hospital / clínica / centro médico,Cheikh Zaid Hospital,Não cadastrar como instituição de ensino principal.,Alta
Minist Interior,mover_para_organizacoes,organizacoes,Órgão público / agência / organismo internacional,Ministry Interior,"Padrão de ministério, governo, departamento ou agência. Não cadastrar como universidade.",Alta
4 0 Serv & Agr Equipment Ltd,mover_para_organizacoes,organizacoes,Empresa privada / centro corporativo,4 0 Serv & Agricultural Equipment Ltd,Padrão de empresa privada ou centro de P&D corporativo.,Alta
LUM Enterprise Srl,mover_para_organizacoes,organizacoes,Empresa privada / centro corporativo,LUM Enterprise Srl,Padrão de empresa privada ou centro de P&D corporativo.,Alta
Tata Med Ctr,mover_para_organizacoes,organizacoes,Hospital / clínica / centro médico,Tata Med Center,Não cadastrar como instituição de ensino principal.,Alta
Manipal Grp Hosp,mover_para_organizacoes,organizacoes,Hospital / clínica / centro médico,Manipal Grp Hospital,Não cadastrar como instituição de ensino principal.,Alta
ABzero srl,mover_para_organizacoes,organizacoes,Empresa privada / centro corporativo,ABzero srl,Padrão de empresa privada ou centro de P&D corporativo.,Alta
Shandong Runyi Intelligent Technol Co Ltd,mover_para_organizacoes,organizacoes,Empresa privada / centro corporativo,Shandong Runyi Intelligent Technology Co Ltd,Padrão de empresa privada ou centro de P&D corporativo.,Alta
Gangneung Asan Hosp,mover_para_organizacoes,organizacoes,Hospital / clínica / centro médico,Gangneung Asan Hospital,Não cadastrar como instituição de ensino principal.,Alta
Toyo Agr Machinery MFG Co Ltd,mover_para_organizacoes,organizacoes,Empresa privada / centro corporativo,Toyo Agricultural Machinery MFG Co Ltd,Padrão de empresa privada ou centro de P&D corporativo.,Alta
Guangxi Mfg Syst & Adv Mfg Technol Key Lab,mover_para_organizacoes,organizacoes,Empresa privada / centro corporativo,Guangxi Mfg Syst & Adv Mfg Technology Key Lab,Padrão de empresa privada ou centro de P&D corporativo.,Alta
Taijiang Agr Biotechnol Co Ltd,mover_para_organizacoes,organizacoes,Empresa privada / centro corporativo,Taijiang Agricultural Biotechnol Co Ltd,Padrão de empresa privada ou centro de P&D corporativo.,Alta
Rui Hua Biotechnol Co Ltd,mover_para_organizacoes,organizacoes,Empresa privada / centro corporativo,Rui Hua Biotechnol Co Ltd,Padrão de empresa privada ou centro de P&D corporativo.,Alta
Minist Housing & Urban Rural Dev,mover_para_organizacoes,organizacoes,Órgão público / agência / organismo internacional,Ministry Housing & Urban Rural Dev,"Padrão de ministério, governo, departamento ou agência. Não cadastrar como universidade.",Alta
PrecisionAgX LLC,mover_para_organizacoes,organizacoes,Empresa privada / centro corporativo,PrecisionAgX LLC,Padrão de empresa privada ou centro de P&D corporativo.,Alta
Jiangsu Prov & Educ Minist Cosponsored Synergist I,mover_para_organizacoes,organizacoes,Órgão público / agência / organismo internacional,Jiangsu Prov & Educ Ministry Cosponsored Synergist I,"Padrão de ministério, governo, departamento ou agência. Não cadastrar como universidade.",Alta
Inst Syst & Comp Engn Technol & Sci,mover_para_organizacoes,organizacoes,Empresa privada / centro corporativo,Institute Syst & Comp Engineering Technology & Science,Padrão de empresa privada ou centro de P&D corporativo.,Alta
GTB Hosp,mover_para_organizacoes,organizacoes,Hospital / clínica / centro médico,GTB Hospital,Não cadastrar como instituição de ensino principal.,Alta
Govt Coll Yachuli,mover_para_organizacoes,organizacoes,Órgão público / agência / organismo internacional,Govt College Yachuli,"Padrão de ministério, governo, departamento ou agência. Não cadastrar como universidade.",Alta
Inland Port & Shipping Ind Res Co Ltd,mover_para_organizacoes,organizacoes,Empresa privada / centro corporativo,Inland Port & Shipping Ind Research Co Ltd,Padrão de empresa privada ou centro de P&D corporativo.,Alta
Wuhan Haizhicheng Technol Co Ltd,mover_para_organizacoes,organizacoes,Empresa privada / centro corporativo,Wuhan Haizhicheng Technology Co Ltd,Padrão de empresa privada ou centro de P&D corporativo.,Alta
Kyushu Elect Power Co Inc,mover_para_organizacoes,organizacoes,Empresa privada / centro corporativo,Kyushu Elect Power Co Inc,Padrão de empresa privada ou centro de P&D corporativo.,Alta
South Carolina Dept Nat Resources,mover_para_organizacoes,organizacoes,Órgão público / agência / organismo internacional,South Carolina Department Nat Resources,"Padrão de ministério, governo, departamento ou agência. Não cadastrar como universidade.",Alta
Jianning Gen Hosp,mover_para_organizacoes,organizacoes,Hospital / clínica / centro médico,Jianning Gen Hospital,Não cadastrar como instituição de ensino principal.,Alta
Saatzucht Edelhof GmbH,mover_para_organizacoes,organizacoes,Empresa privada / centro corporativo,Saatzucht Edelhof GmbH,Padrão de empresa privada ou centro de P&D corporativo.,Alta
Amigo Climate Srl,mover_para_organizacoes,organizacoes,Empresa privada / centro corporativo,Amigo Climate Srl,Padrão de empresa privada ou centro de P&D corporativo.,Alta
Best Hlth Solut,mover_para_organizacoes,organizacoes,Hospital / clínica / centro médico,Best Health Solut,Não cadastrar como instituição de ensino principal.,Alta
Alexander Von Humboldt Univ Corp,mover_para_organizacoes,organizacoes,Empresa privada / centro corporativo,Alexander Von Humboldt University Corp,Padrão de empresa privada ou centro de P&D corporativo.,Alta
United Republ Tanzania Minist Hlth,mover_para_organizacoes,organizacoes,Órgão público / agência / organismo internacional,United Republ Tanzania Ministry Health,"Padrão de ministério, governo, departamento ou agência. Não cadastrar como universidade.",Alta
Bharatpur Eye Hosp,mover_para_organizacoes,organizacoes,Hospital / clínica / centro médico,Bharatpur Eye Hospital,Não cadastrar como instituição de ensino principal.,Alta
Aravind Eye Care Syst,mover_para_organizacoes,organizacoes,Empresa privada / centro corporativo,Aravind Eye Care Syst,Padrão de empresa privada ou centro de P&D corporativo.,Alta
Minist Agr & Rural Dev,mover_para_organizacoes,organizacoes,Órgão público / agência / organismo internacional,Ministry Agricultural & Rural Dev,"Padrão de ministério, governo, departamento ou agência. Não cadastrar como universidade.",Alta
KALAFONG HOSP,mover_para_organizacoes,organizacoes,Hospital / clínica / centro médico,KALAFONG Hospital,Não cadastrar como instituição de ensino principal.,Alta
SUNGBOO Ind Co Ltd,mover_para_organizacoes,organizacoes,Empresa privada / centro corporativo,SUNGBOO Ind Co Ltd,Padrão de empresa privada ou centro de P&D corporativo.,Alta
Calif Environm Protect Agcy,mover_para_organizacoes,organizacoes,Órgão público / agência / organismo internacional,Calif Environment Protect Agency,"Padrão de ministério, governo, departamento ou agência. Não cadastrar como universidade.",Alta
Alibaba Beijing Software Serv Co Ltd,mover_para_organizacoes,organizacoes,Empresa privada / centro corporativo,Alibaba Beijing Software Serv Co Ltd,Padrão de empresa privada ou centro de P&D corporativo.,Alta
Deyang Peoples Hosp,mover_para_organizacoes,organizacoes,Hospital / clínica / centro médico,Deyang Peoples Hospital,Não cadastrar como instituição de ensino principal.,Alta
Parenting Lifelong Hlth,mover_para_organizacoes,organizacoes,Hospital / clínica / centro médico,Parenting Lifelong Health,Não cadastrar como instituição de ensino principal.,Alta
Kitano Hosp,mover_para_organizacoes,organizacoes,Hospital / clínica / centro médico,Kitano Hospital,Não cadastrar como instituição de ensino principal.,Alta
JCHO Kumamoto Gen Hosp,mover_para_organizacoes,organizacoes,Hospital / clínica / centro médico,JCHO Kumamoto Gen Hospital,Não cadastrar como instituição de ensino principal.,Alta
HOLISUN SRL,mover_para_organizacoes,organizacoes,Empresa privada / centro corporativo,HOLISUN SRL,Padrão de empresa privada ou centro de P&D corporativo.,Alta
ZTE Corp,mover_para_organizacoes,organizacoes,Empresa privada / centro corporativo,ZTE Corp,Padrão de empresa privada ou centro de P&D corporativo.,Alta
MIRANDO Solut,mover_para_organizacoes,organizacoes,Empresa privada / centro corporativo,MIRANDO Solut,Padrão de empresa privada ou centro de P&D corporativo.,Alta
Intel Corp,mover_para_organizacoes,organizacoes,Empresa privada / centro corporativo,Intel Corp,Padrão de empresa privada ou centro de P&D corporativo.,Alta
Cybersecur Co NIKSUN Inc,mover_para_organizacoes,organizacoes,Empresa privada / centro corporativo,Cybersecur Co NIKSUN Inc,Padrão de empresa privada ou centro de P&D corporativo.,Alta
MIND Res Grp Model Intelligent Networks Dev,mover_para_organizacoes,organizacoes,Empresa privada / centro corporativo,MIND Research Grp Model Intelligent Networks Dev,Padrão de empresa privada ou centro de P&D corporativo.,Alta
Bharat Elect Ltd Ghaziabad,mover_para_organizacoes,organizacoes,Empresa privada / centro corporativo,Bharat Elect Ltd Ghaziabad,Padrão de empresa privada ou centro de P&D corporativo.,Alta
Johns Hopkins Aramco Hosp,mover_para_organizacoes,organizacoes,Hospital / clínica / centro médico,Johns Hopkins Aramco Hospital,Não cadastrar como instituição de ensino principal.,Alta
Collison & Associates Ltd,mover_para_organizacoes,organizacoes,Empresa privada / centro corporativo,Collison & Associates Ltd,Padrão de empresa privada ou centro de P&D corporativo.,Alta
Christian Med Coll & Hosp,mover_para_organizacoes,organizacoes,Hospital / clínica / centro médico,Christian Med College & Hospital,Não cadastrar como instituição de ensino principal.,Alta
Naruvi Hosp,mover_para_organizacoes,organizacoes,Hospital / clínica / centro médico,Naruvi Hospital,Não cadastrar como instituição de ensino principal.,Alta
Pun Hlaing Hosp,mover_para_organizacoes,organizacoes,Hospital / clínica / centro médico,Pun Hlaing Hospital,Não cadastrar como instituição de ensino principal.,Alta
Teleradiol Solut,mover_para_organizacoes,organizacoes,Empresa privada / centro corporativo,Teleradiol Solut,Padrão de empresa privada ou centro de P&D corporativo.,Alta
Minist Publ Hlth Thailand,mover_para_organizacoes,organizacoes,Órgão público / agência / organismo internacional,Ministry Publ Health Thailand,"Padrão de ministério, governo, departamento ou agência. Não cadastrar como universidade.",Alta
Aapaavani Environm Solut,mover_para_organizacoes,organizacoes,Empresa privada / centro corporativo,Aapaavani Environment Solut,Padrão de empresa privada ou centro de P&D corporativo.,Alta
Cooper Machine Co Inc,mover_para_organizacoes,organizacoes,Empresa privada / centro corporativo,Cooper Machine Co Inc,Padrão de empresa privada ou centro de P&D corporativo.,Alta
ZenoRobotics LLC,mover_para_organizacoes,organizacoes,Empresa privada / centro corporativo,ZenoRobotics LLC,Padrão de empresa privada ou centro de P&D corporativo.,Alta
British Geol Survey,mover_para_organizacoes,organizacoes,Órgão público / agência / organismo internacional,British Geol Survey,"Padrão de ministério, governo, departamento ou agência. Não cadastrar como universidade.",Alta
Quaker Chem India Pvt Ltd,mover_para_organizacoes,organizacoes,Empresa privada / centro corporativo,Quaker Chem India Pvt Ltd,Padrão de empresa privada ou centro de P&D corporativo.,Alta
Dept Int Dev,mover_para_organizacoes,organizacoes,Órgão público / agência / organismo internacional,Department Int Dev,"Padrão de ministério, governo, departamento ou agência. Não cadastrar como universidade.",Alta
Agrisense BCS Ltd,mover_para_organizacoes,organizacoes,Empresa privada / centro corporativo,Agrisense BCS Ltd,Padrão de empresa privada ou centro de P&D corporativo.,Alta
Yadavindra Dept Engn,mover_para_organizacoes,organizacoes,Órgão público / agência / organismo internacional,Yadavindra Department Engineering,"Padrão de ministério, governo, departamento ou agência. Não cadastrar como universidade.",Alta
Lake St Consulting Ltd,mover_para_organizacoes,organizacoes,Empresa privada / centro corporativo,Lake St Consulting Ltd,Padrão de empresa privada ou centro de P&D corporativo.,Alta
Cincinnati Childrens Hosp,mover_para_organizacoes,organizacoes,Hospital / clínica / centro médico,Cincinnati Childrens Hospital,Não cadastrar como instituição de ensino principal.,Alta
Dept Comp Sci & Informat Engn,mover_para_organizacoes,organizacoes,Órgão público / agência / organismo internacional,Department Comp Science & Informat Engineering,"Padrão de ministério, governo, departamento ou agência. Não cadastrar como universidade.",Alta
AXIAL Ltd,mover_para_organizacoes,organizacoes,Empresa privada / centro corporativo,AXIAL Ltd,Padrão de empresa privada ou centro de P&D corporativo.,Alta
Dist Hosp Samba,mover_para_organizacoes,organizacoes,Hospital / clínica / centro médico,Dist Hospital Samba,Não cadastrar como instituição de ensino principal.,Alta
Subdist Hosp,mover_para_organizacoes,organizacoes,Hospital / clínica / centro médico,Subdist Hospital,Não cadastrar como instituição de ensino principal.,Alta
Environm & Hlth Adm,mover_para_organizacoes,organizacoes,Hospital / clínica / centro médico,Environment & Health Adm,Não cadastrar como instituição de ensino principal.,Alta
DNDG Srl,mover_para_organizacoes,organizacoes,Empresa privada / centro corporativo,DNDG Srl,Padrão de empresa privada ou centro de P&D corporativo.,Alta
SMART FARM COLAB Collaborat Lab Digital Innovat Ag,mover_para_organizacoes,organizacoes,Empresa privada / centro corporativo,SMART FARM COLAB Collaborat Lab Digital Innovat Ag,Padrão de empresa privada ou centro de P&D corporativo.,Alta
Govt Kerala,mover_para_organizacoes,organizacoes,Órgão público / agência / organismo internacional,Govt Kerala,"Padrão de ministério, governo, departamento ou agência. Não cadastrar como universidade.",Alta
Ecodev Associates Ltd,mover_para_organizacoes,organizacoes,Empresa privada / centro corporativo,Ecodev Associates Ltd,Padrão de empresa privada ou centro de P&D corporativo.,Alta
UNITED MED & DENT SCH GUYS & ST THOMAS HOSP,mover_para_organizacoes,organizacoes,Hospital / clínica / centro médico,UNITED MED & DENT SCH GUYS & ST THOMAS Hospital,Não cadastrar como instituição de ensino principal.,Alta
Govt Coll Engn,mover_para_organizacoes,organizacoes,Órgão público / agência / organismo internacional,Govt College Engineering,"Padrão de ministério, governo, departamento ou agência. Não cadastrar como universidade.",Alta
Benha Teaching Hosp,mover_para_organizacoes,organizacoes,Hospital / clínica / centro médico,Benha Teaching Hospital,Não cadastrar como instituição de ensino principal.,Alta
Natl Biotechnol Res & Dev Agcy,mover_para_organizacoes,organizacoes,Órgão público / agência / organismo internacional,National Biotechnol Research & Dev Agency,"Padrão de ministério, governo, departamento ou agência. Não cadastrar como universidade.",Alta
Desa Engn SrL,mover_para_organizacoes,organizacoes,Empresa privada / centro corporativo,Desa Engineering SrL,Padrão de empresa privada ou centro de P&D corporativo.,Alta
Minist Publ Hlth,mover_para_organizacoes,organizacoes,Órgão público / agência / organismo internacional,Ministry Publ Health,"Padrão de ministério, governo, departamento ou agência. Não cadastrar como universidade.",Alta
Fed Neuropsychiat Hosp Budo Egba,mover_para_organizacoes,organizacoes,Hospital / clínica / centro médico,Federal Neuropsychiat Hospital Budo Egba,Não cadastrar como instituição de ensino principal.,Alta
Fed Neuropsychiat Hosp Kaduna,mover_para_organizacoes,organizacoes,Hospital / clínica / centro médico,Federal Neuropsychiat Hospital Kaduna,Não cadastrar como instituição de ensino principal.,Alta
Mol Horizon Srl,mover_para_organizacoes,organizacoes,Empresa privada / centro corporativo,Mol Horizon Srl,Padrão de empresa privada ou centro de P&D corporativo.,Alta
Smart Data Anal Syst Grp SDAS,mover_para_organizacoes,organizacoes,Empresa privada / centro corporativo,Smart Data Anal Syst Grp SDAS,Padrão de empresa privada ou centro de P&D corporativo.,Alta
Zhejiang ZhongYan Ind Co Ltd,mover_para_organizacoes,organizacoes,Empresa privada / centro corporativo,Zhejiang ZhongYan Ind Co Ltd,Padrão de empresa privada ou centro de P&D corporativo.,Alta
Yongtai Cty Hosp,mover_para_organizacoes,organizacoes,Hospital / clínica / centro médico,Yongtai Cty Hospital,Não cadastrar como instituição de ensino principal.,Alta
EarthSense Inc,mover_para_organizacoes,organizacoes,Empresa privada / centro corporativo,EarthSense Inc,Padrão de empresa privada ou centro de P&D corporativo.,Alta
Queens Med Ctr,mover_para_organizacoes,organizacoes,Hospital / clínica / centro médico,Queens Med Center,Não cadastrar como instituição de ensino principal.,Alta
Minist Culture Toursim & Civil Aviat,mover_para_organizacoes,organizacoes,Órgão público / agência / organismo internacional,Ministry Culture Toursim & Civil Aviat,"Padrão de ministério, governo, departamento ou agência. Não cadastrar como universidade.",Alta
VL Sustainabil Metr LTD,mover_para_organizacoes,organizacoes,Empresa privada / centro corporativo,VL Sustainabil Metr LTD,Padrão de empresa privada ou centro de P&D corporativo.,Alta
Valent BioSci LLC,mover_para_organizacoes,organizacoes,Empresa privada / centro corporativo,Valent BioSci LLC,Padrão de empresa privada ou centro de P&D corporativo.,Alta
Geisinger Coll Hlth Sci,mover_para_organizacoes,organizacoes,Hospital / clínica / centro médico,Geisinger College Health Science,Não cadastrar como instituição de ensino principal.,Alta
Adv Cow Cooling Syst Co,mover_para_organizacoes,organizacoes,Empresa privada / centro corporativo,Adv Cow Cooling Syst Co,Padrão de empresa privada ou centro de P&D corporativo.,Alta
Hachaklait Vet Serv LTD,mover_para_organizacoes,organizacoes,Empresa privada / centro corporativo,Hachaklait Vet Serv LTD,Padrão de empresa privada ou centro de P&D corporativo.,Alta
Korea Elect Power Corp Res Inst KEPRI,mover_para_organizacoes,organizacoes,Empresa privada / centro corporativo,Korea Elect Power Corp Research Institute KEPRI,Padrão de empresa privada ou centro de P&D corporativo.,Alta
Nodalpoint Syst,mover_para_organizacoes,organizacoes,Empresa privada / centro corporativo,Nodalpoint Syst,Padrão de empresa privada ou centro de P&D corporativo.,Alta
IREMTECH Co Ltd,mover_para_organizacoes,organizacoes,Empresa privada / centro corporativo,IREMTECH Co Ltd,Padrão de empresa privada ou centro de P&D corporativo.,Alta
IBM Australia,mover_para_organizacoes,organizacoes,Empresa privada / centro corporativo,IBM Australia,Padrão de empresa privada ou centro de P&D corporativo.,Alta
New South Wales Dept Climate Change Energy Environ,mover_para_organizacoes,organizacoes,Órgão público / agência / organismo internacional,New South Wales Department Climate Change Energy Environ,"Padrão de ministério, governo, departamento ou agência. Não cadastrar como universidade.",Alta
Lehigh Valley Hlth Network Cardiol & Crit Care,mover_para_organizacoes,organizacoes,Hospital / clínica / centro médico,Lehigh Valley Health Network Cardiol & Crit Care,Não cadastrar como instituição de ensino principal.,Alta
Odin Solut SL,mover_para_organizacoes,organizacoes,Empresa privada / centro corporativo,Odin Solut SL,Padrão de empresa privada ou centro de P&D corporativo.,Alta
Hydrocarbon Solut Thailand Co Ltd,mover_para_organizacoes,organizacoes,Empresa privada / centro corporativo,Hydrocarbon Solut Thailand Co Ltd,Padrão de empresa privada ou centro de P&D corporativo.,Alta
Lake Country Med Grp,mover_para_organizacoes,organizacoes,Empresa privada / centro corporativo,Lake Country Med Grp,Padrão de empresa privada ou centro de P&D corporativo.,Alta
Brazilian Agr Res Corp EMBRAPA Environm,mover_para_organizacoes,organizacoes,Empresa privada / centro corporativo,Brazilian Agricultural Research Corp EMBRAPA Environment,Padrão de empresa privada ou centro de P&D corporativo.,Alta
Washington Inst Hlth Sci,mover_para_organizacoes,organizacoes,Hospital / clínica / centro médico,Washington Institute Health Science,Não cadastrar como instituição de ensino principal.,Alta
Dept Architecture & Ind Design Luigi Vanvitelli,mover_para_organizacoes,organizacoes,Órgão público / agência / organismo internacional,Department Architecture & Ind Design Luigi Vanvitelli,"Padrão de ministério, governo, departamento ou agência. Não cadastrar como universidade.",Alta
Zambia Elect Supply Corp Ltd ZESCO,mover_para_organizacoes,organizacoes,Empresa privada / centro corporativo,Zambia Elect Supply Corp Ltd ZESCO,Padrão de empresa privada ou centro de P&D corporativo.,Alta
Dept Fibre Polymer & Mat Engn,mover_para_organizacoes,organizacoes,Órgão público / agência / organismo internacional,Department Fibre Polymer & Mat Engineering,"Padrão de ministério, governo, departamento ou agência. Não cadastrar como universidade.",Alta
Hlth Biotechnol Joint Res & Applicat Ctr Excellenc,mover_para_organizacoes,organizacoes,Hospital / clínica / centro médico,Health Biotechnol Joint Research & Applicat Center Excellenc,Não cadastrar como instituição de ensino principal.,Alta
TEKHQS INC,mover_para_organizacoes,organizacoes,Empresa privada / centro corporativo,TEKHQS INC,Padrão de empresa privada ou centro de P&D corporativo.,Alta
Incontext Technol GmbH,mover_para_organizacoes,organizacoes,Empresa privada / centro corporativo,Incontext Technology GmbH,Padrão de empresa privada ou centro de P&D corporativo.,Alta
China Natl Hlth Dev Res Ctr,mover_para_organizacoes,organizacoes,Hospital / clínica / centro médico,China National Health Dev Research Center,Não cadastrar como instituição de ensino principal.,Alta
Nexterity Inc,mover_para_organizacoes,organizacoes,Empresa privada / centro corporativo,Nexterity Inc,Padrão de empresa privada ou centro de P&D corporativo.,Alta
Connected Wise LLC,mover_para_organizacoes,organizacoes,Empresa privada / centro corporativo,Connected Wise LLC,Padrão de empresa privada ou centro de P&D corporativo.,Alta
Beijing Tiandi Rongchuang Technol Co Ltd,mover_para_organizacoes,organizacoes,Empresa privada / centro corporativo,Beijing Tiandi Rongchuang Technology Co Ltd,Padrão de empresa privada ou centro de P&D corporativo.,Alta
Minist Agr Pecuaria & Abastecimento,mover_para_organizacoes,organizacoes,Órgão público / agência / organismo internacional,Ministry Agricultural Pecuaria & Abastecimento,"Padrão de ministério, governo, departamento ou agência. Não cadastrar como universidade.",Alta
Govt Coll Engn Srirangam,mover_para_organizacoes,organizacoes,Órgão público / agência / organismo internacional,Govt College Engineering Srirangam,"Padrão de ministério, governo, departamento ou agência. Não cadastrar como universidade.",Alta
Maelan Hosp,mover_para_organizacoes,organizacoes,Hospital / clínica / centro médico,Maelan Hospital,Não cadastrar como instituição de ensino principal.,Alta
Algolysis Ltd,mover_para_organizacoes,organizacoes,Empresa privada / centro corporativo,Algolysis Ltd,Padrão de empresa privada ou centro de P&D corporativo.,Alta
Fraunhofer Inst Optron Syst Tech & Image Exploitat,mover_para_organizacoes,organizacoes,Empresa privada / centro corporativo,Fraunhofer Institute Optron Syst Technology & Image Exploitat,Padrão de empresa privada ou centro de P&D corporativo.,Alta
Int Inst Appl Syst Anal,mover_para_organizacoes,organizacoes,Empresa privada / centro corporativo,Int Institute Appl Syst Anal,Padrão de empresa privada ou centro de P&D corporativo.,Alta
Cogniser Thailand Co Ltd,mover_para_organizacoes,organizacoes,Empresa privada / centro corporativo,Cogniser Thailand Co Ltd,Padrão de empresa privada ou centro de P&D corporativo.,Alta
Minist Hlth & Publ Hyg MSHP,mover_para_organizacoes,organizacoes,Órgão público / agência / organismo internacional,Ministry Health & Publ Hyg MSHP,"Padrão de ministério, governo, departamento ou agência. Não cadastrar como universidade.",Alta
Fann Hosp,mover_para_organizacoes,organizacoes,Hospital / clínica / centro médico,Fann Hospital,Não cadastrar como instituição de ensino principal.,Alta
Minist Agr Ganaderia,mover_para_organizacoes,organizacoes,Órgão público / agência / organismo internacional,Ministry Agricultural Ganaderia,"Padrão de ministério, governo, departamento ou agência. Não cadastrar como universidade.",Alta
Corp Bananera Nacl CORBANA,mover_para_organizacoes,organizacoes,Empresa privada / centro corporativo,Corp Bananera Nacl CORBANA,Padrão de empresa privada ou centro de P&D corporativo.,Alta
BV Raju Inst Technol Narsapur,mover_para_organizacoes,organizacoes,Empresa privada / centro corporativo,BV Raju Institute Technology Narsapur,Padrão de empresa privada ou centro de P&D corporativo.,Alta
Future Biogas Ltd,mover_para_organizacoes,organizacoes,Empresa privada / centro corporativo,Future Biogas Ltd,Padrão de empresa privada ou centro de P&D corporativo.,Alta
Hanwha Q Cells Amer Inc,mover_para_organizacoes,organizacoes,Empresa privada / centro corporativo,Hanwha Q Cells Amer Inc,Padrão de empresa privada ou centro de P&D corporativo.,Alta
First Geodet Surveying Bridge Minist Nat Resource,mover_para_organizacoes,organizacoes,Órgão público / agência / organismo internacional,First Geodet Surveying Bridge Ministry Nat Resource,"Padrão de ministério, governo, departamento ou agência. Não cadastrar como universidade.",Alta
Chinese Acad Sci & Minist Water Resource,mover_para_organizacoes,organizacoes,Órgão público / agência / organismo internacional,Chinese Acad Science & Ministry Water Resource,"Padrão de ministério, governo, departamento ou agência. Não cadastrar como universidade.",Alta
2w2e Environm Consulting GmbH,mover_para_organizacoes,organizacoes,Empresa privada / centro corporativo,2w2e Environment Consulting GmbH,Padrão de empresa privada ou centro de P&D corporativo.,Alta
Yi Mu E Zhong Biotechnol Shandong Co Ltd,mover_para_organizacoes,organizacoes,Empresa privada / centro corporativo,Yi Mu E Zhong Biotechnol Shandong Co Ltd,Padrão de empresa privada ou centro de P&D corporativo.,Alta
PROFESS CORP,mover_para_organizacoes,organizacoes,Empresa privada / centro corporativo,PROFESS CORP,Padrão de empresa privada ou centro de P&D corporativo.,Alta
Montreal Clin Res Inst,mover_para_organizacoes,organizacoes,Hospital / clínica / centro médico,Montreal Clin Research Institute,Não cadastrar como instituição de ensino principal.,Alta
Info Valley Korea Co Ltd,mover_para_organizacoes,organizacoes,Empresa privada / centro corporativo,Info Valley Korea Co Ltd,Padrão de empresa privada ou centro de P&D corporativo.,Alta
GeneReach USA Inc,mover_para_organizacoes,organizacoes,Empresa privada / centro corporativo,GeneReach USA Inc,Padrão de empresa privada ou centro de P&D corporativo.,Alta
Zhejiang Jishun Plant Technol Co Ltd,mover_para_organizacoes,organizacoes,Empresa privada / centro corporativo,Zhejiang Jishun Plant Technology Co Ltd,Padrão de empresa privada ou centro de P&D corporativo.,Alta
Genus Power Infrastruct Ltd,mover_para_organizacoes,organizacoes,Empresa privada / centro corporativo,Genus Power Infrastruct Ltd,Padrão de empresa privada ou centro de P&D corporativo.,Alta
United Nations Dev Programme,mover_para_organizacoes,organizacoes,Organismo internacional,United Nations Development Programme,Não é universidade.,Alta
Minist Commerce Govt Pakistan,mover_para_organizacoes,organizacoes,Órgão público / agência / organismo internacional,Ministry Commerce Govt Pakistan,"Padrão de ministério, governo, departamento ou agência. Não cadastrar como universidade.",Alta
Bayer CropSci LP,mover_para_organizacoes,organizacoes,Empresa privada / centro corporativo,Bayer CropSci LP,Padrão de empresa privada ou centro de P&D corporativo.,Alta
Stone Environm Inc,mover_para_organizacoes,organizacoes,Empresa privada / centro corporativo,Stone Environment Inc,Padrão de empresa privada ou centro de P&D corporativo.,Alta
Huawei Technol,mover_para_organizacoes,organizacoes,Empresa privada / centro corporativo,Huawei Technology,Padrão de empresa privada ou centro de P&D corporativo.,Alta
Hayan Grp BV,mover_para_organizacoes,organizacoes,Empresa privada / centro corporativo,Hayan Grp BV,Padrão de empresa privada ou centro de P&D corporativo.,Alta
Plantedit Pvt Ltd,mover_para_organizacoes,organizacoes,Empresa privada / centro corporativo,Plantedit Pvt Ltd,Padrão de empresa privada ou centro de P&D corporativo.,Alta
Fiona Stanley Hosp,mover_para_organizacoes,organizacoes,Hospital / clínica / centro médico,Fiona Stanley Hospital,Não cadastrar como instituição de ensino principal.,Alta
Govt Jharkhand,mover_para_organizacoes,organizacoes,Órgão público / agência / organismo internacional,Govt Jharkhand,"Padrão de ministério, governo, departamento ou agência. Não cadastrar como universidade.",Alta
Space neo Inc,mover_para_organizacoes,organizacoes,Empresa privada / centro corporativo,Space neo Inc,Padrão de empresa privada ou centro de P&D corporativo.,Alta
Johndeere Pvt Ltd,mover_para_organizacoes,organizacoes,Empresa privada / centro corporativo,Johndeere Pvt Ltd,Padrão de empresa privada ou centro de P&D corporativo.,Alta
Christiana Care Hosp,mover_para_organizacoes,organizacoes,Hospital / clínica / centro médico,Christiana Care Hospital,Não cadastrar como instituição de ensino principal.,Alta
Agricultural Corp,mover_para_organizacoes,organizacoes,Empresa privada / centro corporativo,Agricultural Corp,Padrão de empresa privada ou centro de P&D corporativo.,Alta
DSAHR Inc,mover_para_organizacoes,organizacoes,Empresa privada / centro corporativo,DSAHR Inc,Padrão de empresa privada ou centro de P&D corporativo.,Alta
United Nations Populat Fund Country Off,mover_para_organizacoes,organizacoes,Órgão público / agência / organismo internacional,United Nations Populat Fund Country Off,"Padrão de ministério, governo, departamento ou agência. Não cadastrar como universidade.",Alta
Aptisens Ltd,mover_para_organizacoes,organizacoes,Empresa privada / centro corporativo,Aptisens Ltd,Padrão de empresa privada ou centro de P&D corporativo.,Alta
Childrens Hosp,mover_para_organizacoes,organizacoes,Hospital / clínica / centro médico,Childrens Hospital,Não cadastrar como instituição de ensino principal.,Alta
Actuaro Ltd,mover_para_organizacoes,organizacoes,Empresa privada / centro corporativo,Actuaro Ltd,Padrão de empresa privada ou centro de P&D corporativo.,Alta
4Robot Ltd,mover_para_organizacoes,organizacoes,Empresa privada / centro corporativo,4Robot Ltd,Padrão de empresa privada ou centro de P&D corporativo.,Alta
Smart League SRL,mover_para_organizacoes,organizacoes,Empresa privada / centro corporativo,Smart League SRL,Padrão de empresa privada ou centro de P&D corporativo.,Alta
Google DeepMind,mover_para_organizacoes,organizacoes,Empresa / centro de pesquisa corporativo,Google DeepMind,Unificar grafia.,Alta
Unnan City Hosp,mover_para_organizacoes,organizacoes,Hospital / clínica / centro médico,Unnan City Hospital,Não cadastrar como instituição de ensino principal.,Alta
GEOVIS Wisdom Technol Co Ltd,mover_para_organizacoes,organizacoes,Empresa privada / centro corporativo,GEOVIS Wisdom Technology Co Ltd,Padrão de empresa privada ou centro de P&D corporativo.,Alta
SINOMACH Digital Technol Corp Co Ltd,mover_para_organizacoes,organizacoes,Empresa privada / centro corporativo,SINOMACH Digital Technology Corp Co Ltd,Padrão de empresa privada ou centro de P&D corporativo.,Alta
Forschungszentrum Julich GMBH,mover_para_organizacoes,organizacoes,Empresa privada / centro corporativo,Forschungszentrum Julich GMBH,Padrão de empresa privada ou centro de P&D corporativo.,Alta
Forschungszentrum Julich Gmbh,mover_para_organizacoes,organizacoes,Empresa privada / centro corporativo,Forschungszentrum Julich Gmbh,Padrão de empresa privada ou centro de P&D corporativo.,Alta
Fraunhofer Inst Intelligent Anal & Informat Syst I,mover_para_organizacoes,organizacoes,Empresa privada / centro corporativo,Fraunhofer Institute Intelligent Anal & Informat Syst I,Padrão de empresa privada ou centro de P&D corporativo.,Alta
IRCCS Casa Sollievo Della Sofferenza Hosp,mover_para_organizacoes,organizacoes,Hospital / clínica / centro médico,IRCCS Casa Sollievo Della Sofferenza Hospital,Não cadastrar como instituição de ensino principal.,Alta
San Camillo Forlanini Hosp,mover_para_organizacoes,organizacoes,Hospital / clínica / centro médico,San Camillo Forlanini Hospital,Não cadastrar como instituição de ensino principal.,Alta
Dept Urbanist & Ordenac Terr,mover_para_organizacoes,organizacoes,Órgão público / agência / organismo internacional,Department Urbanist & Ordenac Terr,"Padrão de ministério, governo, departamento ou agência. Não cadastrar como universidade.",Alta
Minist Agr Anim Ind & Fisheries,mover_para_organizacoes,organizacoes,Órgão público / agência / organismo internacional,Ministry Agricultural Anim Ind & Fisheries,"Padrão de ministério, governo, departamento ou agência. Não cadastrar como universidade.",Alta
Sichuan Prov Dept Housing & Urban Rural Dev,mover_para_organizacoes,organizacoes,Órgão público / agência / organismo internacional,Sichuan Prov Department Housing & Urban Rural Dev,"Padrão de ministério, governo, departamento ou agência. Não cadastrar como universidade.",Alta
Croptimisitcs Technol Inc,mover_para_organizacoes,organizacoes,Empresa privada / centro corporativo,Croptimisitcs Technology Inc,Padrão de empresa privada ou centro de P&D corporativo.,Alta
IBM Res UK,mover_para_organizacoes,organizacoes,Empresa privada / centro corporativo,IBM Research UK,Padrão de empresa privada ou centro de P&D corporativo.,Alta
Woebot Hlth,mover_para_organizacoes,organizacoes,Hospital / clínica / centro médico,Woebot Health,Não cadastrar como instituição de ensino principal.,Alta
WeiFang Tradit Chinese Hosp,mover_para_organizacoes,organizacoes,Hospital / clínica / centro médico,WeiFang Tradit Chinese Hospital,Não cadastrar como instituição de ensino principal.,Alta
Ind Syst Inst,mover_para_organizacoes,organizacoes,Empresa privada / centro corporativo,Ind Syst Institute,Padrão de empresa privada ou centro de P&D corporativo.,Alta
Shandong Lushou Seed Ind Co Ltd,mover_para_organizacoes,organizacoes,Empresa privada / centro corporativo,Shandong Lushou Seed Ind Co Ltd,Padrão de empresa privada ou centro de P&D corporativo.,Alta
HLX Innovat Co Ltd,mover_para_organizacoes,organizacoes,Empresa privada / centro corporativo,HLX Innovat Co Ltd,Padrão de empresa privada ou centro de P&D corporativo.,Alta
Markov Solut,mover_para_organizacoes,organizacoes,Empresa privada / centro corporativo,Markov Solut,Padrão de empresa privada ou centro de P&D corporativo.,Alta
BASF Business Serv GmbH,mover_para_organizacoes,organizacoes,Empresa privada / centro corporativo,BASF Business Serv GmbH,Padrão de empresa privada ou centro de P&D corporativo.,Alta
Italian Space Agcy,mover_para_organizacoes,organizacoes,Órgão público / agência / organismo internacional,Italian Space Agency,"Padrão de ministério, governo, departamento ou agência. Não cadastrar como universidade.",Alta
Space4Good BV,mover_para_organizacoes,organizacoes,Empresa privada / centro corporativo,Space4Good BV,Padrão de empresa privada ou centro de P&D corporativo.,Alta
PowerChina Huadong Engn Corp Ltd,mover_para_organizacoes,organizacoes,Empresa privada / centro corporativo,PowerChina Huadong Engineering Corp Ltd,Padrão de empresa privada ou centro de P&D corporativo.,Alta
Food & Agr Org FAO United Nations,mover_para_organizacoes,organizacoes,Organismo internacional,Food and Agriculture Organization of the United Nations,Unificar grafia.,Alta
United States Dept Agr USDA,mover_para_organizacoes,organizacoes,Órgão público / agência / organismo internacional,United States Department Agricultural USDA,"Padrão de ministério, governo, departamento ou agência. Não cadastrar como universidade.",Alta
Murcia Hlth Serv,mover_para_organizacoes,organizacoes,Hospital / clínica / centro médico,Murcia Health Serv,Não cadastrar como instituição de ensino principal.,Alta
ADAMA Agr Solut Ltd,mover_para_organizacoes,organizacoes,Empresa privada / centro corporativo,ADAMA Agricultural Solut Ltd,Padrão de empresa privada ou centro de P&D corporativo.,Alta
Ctr Invas Cardiol Electrotherapy & Angiol,mover_para_organizacoes,organizacoes,Hospital / clínica / centro médico,Center Invas Cardiol Electrotherapy & Angiol,Não cadastrar como instituição de ensino principal.,Alta
Dow Agrosci Canada Inc,mover_para_organizacoes,organizacoes,Empresa privada / centro corporativo,Dow Agrosci Canada Inc,Padrão de empresa privada ou centro de P&D corporativo.,Alta
Westmead Private Hosp,mover_para_organizacoes,organizacoes,Hospital / clínica / centro médico,Westmead Private Hospital,Não cadastrar como instituição de ensino principal.,Alta
OFDC Ltd,mover_para_organizacoes,organizacoes,Empresa privada / centro corporativo,OFDC Ltd,Padrão de empresa privada ou centro de P&D corporativo.,Alta
Wills Eye Hosp & Res Inst,mover_para_organizacoes,organizacoes,Hospital / clínica / centro médico,Wills Eye Hospital & Research Institute,Não cadastrar como instituição de ensino principal.,Alta
ImpactInvest Ltd,mover_para_organizacoes,organizacoes,Empresa privada / centro corporativo,ImpactInvest Ltd,Padrão de empresa privada ou centro de P&D corporativo.,Alta
Marshfield Clin Hlth Syst,mover_para_organizacoes,organizacoes,Hospital / clínica / centro médico,Marshfield Clin Health Syst,Não cadastrar como instituição de ensino principal.,Alta
China Tobacco Jiangsu Ind Co Ltd,mover_para_organizacoes,organizacoes,Empresa privada / centro corporativo,China Tobacco Jiangsu Ind Co Ltd,Padrão de empresa privada ou centro de P&D corporativo.,Alta
China Tobacco Hebei Ind Co Ltd,mover_para_organizacoes,organizacoes,Empresa privada / centro corporativo,China Tobacco Hebei Ind Co Ltd,Padrão de empresa privada ou centro de P&D corporativo.,Alta
Clin MEDS,mover_para_organizacoes,organizacoes,Hospital / clínica / centro médico,Clin MEDS,Não cadastrar como instituição de ensino principal.,Alta
St Johns Natl Acad Hlth Sci,mover_para_organizacoes,organizacoes,Hospital / clínica / centro médico,St Johns National Acad Health Science,Não cadastrar como instituição de ensino principal.,Alta
Kasturba Med Coll & Hosp,mover_para_organizacoes,organizacoes,Hospital / clínica / centro médico,Kasturba Med College & Hospital,Não cadastrar como instituição de ensino principal.,Alta
Fdn I D Software Libre FIDESOL,mover_para_organizacoes,organizacoes,Empresa privada / centro corporativo,Fdn I D Software Libre FIDESOL,Padrão de empresa privada ou centro de P&D corporativo.,Alta
OpenSky Data Syst Ltd,mover_para_organizacoes,organizacoes,Empresa privada / centro corporativo,OpenSky Data Syst Ltd,Padrão de empresa privada ou centro de P&D corporativo.,Alta
Amazon Com Inc,mover_para_organizacoes,organizacoes,Empresa privada / centro corporativo,Amazon Com Inc,Padrão de empresa privada ou centro de P&D corporativo.,Alta
CINAR Ltd,mover_para_organizacoes,organizacoes,Empresa privada / centro corporativo,CINAR Ltd,Padrão de empresa privada ou centro de P&D corporativo.,Alta
Rose Li & Associates Inc,mover_para_organizacoes,organizacoes,Empresa privada / centro corporativo,Rose Li & Associates Inc,Padrão de empresa privada ou centro de P&D corporativo.,Alta
Cedars Sinai Med Ctr,mover_para_organizacoes,organizacoes,Hospital / clínica / centro médico,Cedars Sinai Med Center,Não cadastrar como instituição de ensino principal.,Alta
Intelligent Syst & Machine Learning Lab,mover_para_organizacoes,organizacoes,Empresa privada / centro corporativo,Intelligent Syst & Machine Learning Lab,Padrão de empresa privada ou centro de P&D corporativo.,Alta
Korea Agr Promot Agcy,mover_para_organizacoes,organizacoes,Órgão público / agência / organismo internacional,Korea Agricultural Promot Agency,"Padrão de ministério, governo, departamento ou agência. Não cadastrar como universidade.",Alta
Huawei Technol Co,mover_para_organizacoes,organizacoes,Empresa privada / centro corporativo,Huawei Technology Co,Padrão de empresa privada ou centro de P&D corporativo.,Alta
Ctr Addict & Mental Hlth,mover_para_organizacoes,organizacoes,Hospital / clínica / centro médico,Center Addict & Mental Health,Não cadastrar como instituição de ensino principal.,Alta
Guodian United Power Technol Co Ltd,mover_para_organizacoes,organizacoes,Empresa privada / centro corporativo,Guodian United Power Technology Co Ltd,Padrão de empresa privada ou centro de P&D corporativo.,Alta
Caribbean Univ Corp CECAR,mover_para_organizacoes,organizacoes,Empresa privada / centro corporativo,Caribbean University Corp CECAR,Padrão de empresa privada ou centro de P&D corporativo.,Alta
2 Peoples Hosp Lanzhou,mover_para_organizacoes,organizacoes,Hospital / clínica / centro médico,2 Peoples Hospital Lanzhou,Não cadastrar como instituição de ensino principal.,Alta
Emile Muller Hosp,mover_para_organizacoes,organizacoes,Hospital / clínica / centro médico,Emile Muller Hospital,Não cadastrar como instituição de ensino principal.,Alta
Ingenium Naturae Private Ltd,mover_para_organizacoes,organizacoes,Empresa privada / centro corporativo,Ingenium Naturae Private Ltd,Padrão de empresa privada ou centro de P&D corporativo.,Alta
Nestle Res & Dev Ctr,mover_para_organizacoes,organizacoes,Empresa privada / centro corporativo,Nestle Research & Dev Center,Padrão de empresa privada ou centro de P&D corporativo.,Alta
Vishwakarma Govt Engn Coll,mover_para_organizacoes,organizacoes,Órgão público / agência / organismo internacional,Vishwakarma Govt Engineering College,"Padrão de ministério, governo, departamento ou agência. Não cadastrar como universidade.",Alta
Natl Inst Res Dev Machines & Installat Designed Ag,mover_para_organizacoes,organizacoes,Empresa privada / centro corporativo,National Institute Research Dev Machines & Installat Designed Ag,Padrão de empresa privada ou centro de P&D corporativo.,Alta
Monash Hlth,mover_para_organizacoes,organizacoes,Hospital / clínica / centro médico,Monash Health,Não cadastrar como instituição de ensino principal.,Alta
Childrens Med Ctr Cent Texas,mover_para_organizacoes,organizacoes,Hospital / clínica / centro médico,Childrens Med Center Cent Texas,Não cadastrar como instituição de ensino principal.,Alta
Tokyo Metropolitan Inst Publ Hlth,mover_para_organizacoes,organizacoes,Hospital / clínica / centro médico,Tokyo Metropolitan Institute Publ Health,Não cadastrar como instituição de ensino principal.,Alta
Specifica Inc,mover_para_organizacoes,organizacoes,Empresa privada / centro corporativo,Specifica Inc,Padrão de empresa privada ou centro de P&D corporativo.,Alta
Colorado Dept Publ Hlth & Environm,mover_para_organizacoes,organizacoes,Órgão público / agência / organismo internacional,Colorado Department Publ Health & Environment,"Padrão de ministério, governo, departamento ou agência. Não cadastrar como universidade.",Alta
Kaohsiung Armed Forces Gen Hosp,mover_para_organizacoes,organizacoes,Hospital / clínica / centro médico,Kaohsiung Armed Forces Gen Hospital,Não cadastrar como instituição de ensino principal.,Alta
Dalin Tzu Chi Hosp,mover_para_organizacoes,organizacoes,Hospital / clínica / centro médico,Dalin Tzu Chi Hospital,Não cadastrar como instituição de ensino principal.,Alta
Hitspectra Intelligent Technol Co Ltd,mover_para_organizacoes,organizacoes,Empresa privada / centro corporativo,Hitspectra Intelligent Technology Co Ltd,Padrão de empresa privada ou centro de P&D corporativo.,Alta
He Eye Specialist Hosp,mover_para_organizacoes,organizacoes,Hospital / clínica / centro médico,He Eye Specialist Hospital,Não cadastrar como instituição de ensino principal.,Alta
Childrens Hosp Philadelphia,mover_para_organizacoes,organizacoes,Hospital / clínica / centro médico,Childrens Hospital Philadelphia,Não cadastrar como instituição de ensino principal.,Alta
Katrisk LLC,mover_para_organizacoes,organizacoes,Empresa privada / centro corporativo,Katrisk LLC,Padrão de empresa privada ou centro de P&D corporativo.,Alta
KUBUS SA,mover_para_organizacoes,organizacoes,Empresa privada / centro corporativo,KUBUS SA,Padrão de empresa privada ou centro de P&D corporativo.,Alta
BOLT BERANEK & NEWMAN INC,mover_para_organizacoes,organizacoes,Empresa privada / centro corporativo,BOLT BERANEK & NEWMAN INC,Padrão de empresa privada ou centro de P&D corporativo.,Alta
Minist Agr Anim Resources & Fisheries MARAH,mover_para_organizacoes,organizacoes,Órgão público / agência / organismo internacional,Ministry Agricultural Anim Resources & Fisheries MARAH,"Padrão de ministério, governo, departamento ou agência. Não cadastrar como universidade.",Alta
RF & Microwave Solut LTD,mover_para_organizacoes,organizacoes,Empresa privada / centro corporativo,RF & Microwave Solut LTD,Padrão de empresa privada ou centro de P&D corporativo.,Alta
Ottawa Hosp,mover_para_organizacoes,organizacoes,Hospital / clínica / centro médico,Ottawa Hospital,Não cadastrar como instituição de ensino principal.,Alta
NTT Med Ctr,mover_para_organizacoes,organizacoes,Hospital / clínica / centro médico,NTT Med Center,Não cadastrar como instituição de ensino principal.,Alta
Minist Ambiente & Desarrollo Sustentable MAyDS,mover_para_organizacoes,organizacoes,Órgão público / agência / organismo internacional,Ministry Ambiente & Desarrollo Sustentable MAyDS,"Padrão de ministério, governo, departamento ou agência. Não cadastrar como universidade.",Alta
Dept Comp & Informat Technol,mover_para_organizacoes,organizacoes,Órgão público / agência / organismo internacional,Department Comp & Informat Technology,"Padrão de ministério, governo, departamento ou agência. Não cadastrar como universidade.",Alta
Network Planning & Optimizat Mobile Cloud & Netwo,mover_para_organizacoes,organizacoes,Empresa privada / centro corporativo,Network Planning & Optimizat Mobile Cloud & Netwo,Padrão de empresa privada ou centro de P&D corporativo.,Alta
Nufarm Chem & Pharmaceut Co SA,mover_para_organizacoes,organizacoes,Empresa privada / centro corporativo,Nufarm Chem & Pharmaceut Co SA,Padrão de empresa privada ou centro de P&D corporativo.,Alta
Fujian Childrens Hosp,mover_para_organizacoes,organizacoes,Hospital / clínica / centro médico,Fujian Childrens Hospital,Não cadastrar como instituição de ensino principal.,Alta
1 Peoples Hosp Huaihua,mover_para_organizacoes,organizacoes,Hospital / clínica / centro médico,1 Peoples Hospital Huaihua,Não cadastrar como instituição de ensino principal.,Alta
Govt Khyber Pakhtunkhwa,mover_para_organizacoes,organizacoes,Órgão público / agência / organismo internacional,Govt Khyber Pakhtunkhwa,"Padrão de ministério, governo, departamento ou agência. Não cadastrar como universidade.",Alta
